Account,date,daily_pnl,total_trades,winning_trades,avg_trade_size_usd,long_trades,short_trades,win_rate,long_short_ratio,sentiment_score,sentiment_label
0x083384f897ee0f19899168e3b1bec365f52a9012,2024-11-11,0.0,177.0,0.0,5089.718248587571,0.0,0.0,0.0,0.0,76.0,Extreme Greed
0x083384f897ee0f19899168e3b1bec365f52a9012,2024-11-17,0.0,68.0,0.0,7976.664411764705,0.0,0.0,0.0,0.0,90.0,Extreme Greed
0x083384f897ee0f19899168e3b1bec365f52a9012,2024-11-18,0.0,40.0,0.0,23734.5,0.0,0.0,0.0,0.0,83.0,Extreme Greed
0x083384f897ee0f19899168e3b1bec365f52a9012,2024-11-22,-21227.0,12.0,0.0,28186.66666666666,0.0,0.0,0.0,0.0,94.0,Extreme Greed
0x083384f897ee0f19899168e3b1bec365f52a9012,2024-11-26,1603.1000000000001,27.0,12.0,17248.148148148146,0.0,0.0,0.4444444444444444,0.0,79.0,Extreme Greed
0x083384f897ee0f19899168e3b1bec365f52a9012,2024-11-28,-132271.0,82.0,0.0,16058.536341463418,0.0,0.0,0.0,0.0,77.0,Extreme Greed
0x083384f897ee0f19899168e3b1bec365f52a9012,2024-11-30,0.0,23.0,0.0,48561.68565217392,0.0,0.0,0.0,0.0,84.0,Extreme Greed
0x083384f897ee0f19899168e3b1bec365f52a9012,2024-12-06,-175611.00005600002,33.0,0.0,36736.36242424243,0.0,0.0,0.0,0.0,72.0,Greed
0x083384f897ee0f19899168e3b1bec365f52a9012,2025-01-19,71393.96409800001,465.0,23.0,11410.954021505375,0.0,0.0,0.04946236559139785,0.0,77.0,Extreme Greed
0x083384f897ee0f19899168e3b1bec365f52a9012,2025-01-20,40218.599998000005,51.0,28.0,9400.588039215687,0.0,0.0,0.5490196078431373,0.0,76.0,Extreme Greed
0x083384f897ee0f19899168e3b1bec365f52a9012,2025-02-02,76710.00000000001,10.0,9.0,185847.0,0.0,0.0,0.9,0.0,60.0,Greed
0x083384f897ee0f19899168e3b1bec365f52a9012,2025-02-03,101011.685664,839.0,256.0,23593.019856972584,0.0,0.0,0.30512514898688914,0.0,44.0,Fear
0x083384f897ee0f19899168e3b1bec365f52a9012,2025-02-04,375620.27024299995,531.0,83.0,10576.687156308852,0.0,0.0,0.15630885122410546,0.0,72.0,Greed
0x083384f897ee0f19899168e3b1bec365f52a9012,2025-02-05,44400.90580000001,210.0,78.0,26585.063380952382,0.0,0.0,0.37142857142857144,0.0,54.0,Neutral
0x083384f897ee0f19899168e3b1bec365f52a9012,2025-02-09,30897.0887,141.0,132.0,10161.056241134753,0.0,0.0,0.9361702127659575,0.0,46.0,Neutral
0x083384f897ee0f19899168e3b1bec365f52a9012,2025-02-10,55086.0,48.0,16.0,32032.5,0.0,0.0,0.3333333333333333,0.0,43.0,Fear
0x083384f897ee0f19899168e3b1bec365f52a9012,2025-02-11,0.0,6.0,0.0,134600.00166666668,0.0,0.0,0.0,0.0,47.0,Neutral
0x083384f897ee0f19899168e3b1bec365f52a9012,2025-02-24,10152.12224,59.0,31.0,27178.041694915253,0.0,0.0,0.5254237288135594,0.0,49.0,Neutral
0x083384f897ee0f19899168e3b1bec365f52a9012,2025-02-25,115445.39553800001,219.0,93.0,13233.776894977169,0.0,0.0,0.4246575342465753,0.0,25.0,Fear
0x083384f897ee0f19899168e3b1bec365f52a9012,2025-02-28,115287.0,55.0,1.0,24958.90854545455,0.0,0.0,0.01818181818181818,0.0,16.0,Extreme Fear
0x083384f897ee0f19899168e3b1bec365f52a9012,2025-03-01,9482.221441,45.0,36.0,2985.7975555555554,0.0,0.0,0.8,0.0,20.0,Extreme Fear
0x083384f897ee0f19899168e3b1bec365f52a9012,2025-03-03,533974.662903,641.0,540.0,8371.136099843994,0.0,0.0,0.8424336973478939,0.0,33.0,Fear
0x083384f897ee0f19899168e3b1bec365f52a9012,2025-03-24,40200.0,5.0,4.0,79640.0,0.0,0.0,0.8,0.0,45.0,Neutral
0x083384f897ee0f19899168e3b1bec365f52a9012,2025-04-12,307855.80341,31.0,31.0,21491.64032258064,0.0,0.0,1.0,0.0,43.0,Fear
0x23e7a7f8d14b550961925fbfdaa92f5d195ba5bd,2024-11-30,11715.94323,55.0,46.0,2469.9509090909087,8.0,46.0,0.8363636363636363,0.17391304347448017,84.0,Extreme Greed
0x23e7a7f8d14b550961925fbfdaa92f5d195ba5bd,2024-12-01,0.0,1.0,0.0,0.06,0.0,0.0,0.0,0.0,81.0,Extreme Greed
0x23e7a7f8d14b550961925fbfdaa92f5d195ba5bd,2024-12-06,0.0,34.0,0.0,1426.87,34.0,0.0,0.0,33999999999.999996,72.0,Greed
0x23e7a7f8d14b550961925fbfdaa92f5d195ba5bd,2024-12-07,3515.031065,26.0,25.0,2001.101153846154,0.0,25.0,0.9615384615384616,0.0,75.0,Extreme Greed
0x23e7a7f8d14b550961925fbfdaa92f5d195ba5bd,2024-12-09,0.0,46.0,0.0,1131.888695652174,46.0,0.0,0.0,46000000000.0,78.0,Extreme Greed
0x23e7a7f8d14b550961925fbfdaa92f5d195ba5bd,2024-12-10,2517.787385,64.0,63.0,852.88625,0.0,63.0,0.984375,0.0,78.0,Extreme Greed
0x23e7a7f8d14b550961925fbfdaa92f5d195ba5bd,2024-12-18,1613.165903,59.0,15.0,1913.523898305085,44.0,15.0,0.2542372881355932,2.9333333331377776,81.0,Extreme Greed
0x23e7a7f8d14b550961925fbfdaa92f5d195ba5bd,2024-12-19,0.0,1.0,0.0,0.11,0.0,0.0,0.0,0.0,75.0,Extreme Greed
0x23e7a7f8d14b550961925fbfdaa92f5d195ba5bd,2024-12-20,1245.51851,34.0,21.0,10051.199411764705,0.0,0.0,0.6176470588235294,0.0,74.0,Greed
0x23e7a7f8d14b550961925fbfdaa92f5d195ba5bd,2025-01-13,0.0,13.0,0.0,2845.9646153846156,13.0,0.0,0.0,13000000000.0,61.0,Greed
0x23e7a7f8d14b550961925fbfdaa92f5d195ba5bd,2025-01-17,4493.232479,17.0,17.0,2440.628235294117,0.0,17.0,1.0,0.0,75.0,Extreme Greed
0x23e7a7f8d14b550961925fbfdaa92f5d195ba5bd,2025-01-18,1047.030992,39.0,28.0,2154.3915384615384,10.0,28.0,0.717948717948718,0.357142857130102,77.0,Extreme Greed
0x23e7a7f8d14b550961925fbfdaa92f5d195ba5bd,2025-01-19,4842.054316999999,124.0,80.0,2194.2947580645164,43.0,80.0,0.6451612903225806,0.5374999999932812,77.0,Extreme Greed
0x23e7a7f8d14b550961925fbfdaa92f5d195ba5bd,2025-01-24,1693.493165,339.0,198.0,1737.369557522124,141.0,198.0,0.584070796460177,0.7121212121176156,75.0,Extreme Greed
0x23e7a7f8d14b550961925fbfdaa92f5d195ba5bd,2025-01-25,4221.156399,54.0,4.0,2398.3316666666665,50.0,4.0,0.07407407407407407,12.499999996875,75.0,Extreme Greed
0x23e7a7f8d14b550961925fbfdaa92f5d195ba5bd,2025-01-27,0.0,44.0,0.0,1519.465681818182,44.0,0.0,0.0,44000000000.0,71.0,Greed
0x23e7a7f8d14b550961925fbfdaa92f5d195ba5bd,2025-01-28,6899.245831999999,56.0,56.0,1317.0667857142855,0.0,56.0,1.0,0.0,72.0,Greed
0x23e7a7f8d14b550961925fbfdaa92f5d195ba5bd,2025-01-29,0.0,46.0,0.0,1602.9452173913044,46.0,0.0,0.0,46000000000.0,72.0,Greed
0x23e7a7f8d14b550961925fbfdaa92f5d195ba5bd,2025-01-30,7372.485100999999,55.0,55.0,1474.6896363636363,0.0,55.0,1.0,0.0,70.0,Greed
0x23e7a7f8d14b550961925fbfdaa92f5d195ba5bd,2025-02-01,1162.002541,78.0,25.0,2094.7193589743592,53.0,25.0,0.32051282051282054,2.1199999999152,68.0,Greed
0x23e7a7f8d14b550961925fbfdaa92f5d195ba5bd,2025-02-02,6352.452613,517.0,233.0,2792.42166344294,212.0,209.0,0.4506769825918762,1.0143540669807927,60.0,Greed
0x23e7a7f8d14b550961925fbfdaa92f5d195ba5bd,2025-02-11,-12346.990829,124.0,0.0,612.1092741935486,0.0,124.0,0.0,0.0,47.0,Neutral
0x23e7a7f8d14b550961925fbfdaa92f5d195ba5bd,2025-02-12,355.58539999999994,159.0,127.0,2687.403270440252,0.0,0.0,0.7987421383647799,0.0,46.0,Neutral
0x23e7a7f8d14b550961925fbfdaa92f5d195ba5bd,2025-02-24,1129.8489260000001,160.0,52.0,1641.2224999999999,108.0,52.0,0.325,2.076923076883136,49.0,Neutral
0x23e7a7f8d14b550961925fbfdaa92f5d195ba5bd,2025-02-25,-6820.76955,1.0,0.0,82910.81,0.0,1.0,0.0,0.0,25.0,Fear
0x23e7a7f8d14b550961925fbfdaa92f5d195ba5bd,2025-02-28,0.0,52.0,0.0,1462.8244230769233,52.0,0.0,0.0,52000000000.0,16.0,Extreme Fear
0x23e7a7f8d14b550961925fbfdaa92f5d195ba5bd,2025-03-03,2480.902379,110.0,50.0,1999.099181818182,60.0,50.0,0.45454545454545453,1.199999999976,33.0,Fear
0x23e7a7f8d14b550961925fbfdaa92f5d195ba5bd,2025-03-04,-3169.3554679999997,65.0,0.0,1756.5103076923074,55.0,10.0,0.0,5.49999999945,15.0,Extreme Fear
0x23e7a7f8d14b550961925fbfdaa92f5d195ba5bd,2025-03-07,0.0,37.0,0.0,1499.4978378378378,37.0,0.0,0.0,37000000000.0,34.0,Fear
0x23e7a7f8d14b550961925fbfdaa92f5d195ba5bd,2025-03-08,2099.019688,47.0,47.0,1225.1170212765958,0.0,47.0,1.0,0.0,28.0,Fear
0x23e7a7f8d14b550961925fbfdaa92f5d195ba5bd,2025-03-09,656.5407419999999,65.0,57.0,2676.518153846154,8.0,57.0,0.8769230769230769,0.14035087719052017,27.0,Fear
0x23e7a7f8d14b550961925fbfdaa92f5d195ba5bd,2025-03-10,-1065.797583,53.0,51.0,3326.2756603773587,1.0,52.0,0.9622641509433962,0.01923076923039941,20.0,Extreme Fear
0x23e7a7f8d14b550961925fbfdaa92f5d195ba5bd,2025-03-12,1591.7532709999998,53.0,52.0,2184.3281132075467,1.0,52.0,0.9811320754716981,0.01923076923039941,34.0,Fear
0x23e7a7f8d14b550961925fbfdaa92f5d195ba5bd,2025-03-13,-2315.377191,27.0,0.0,4259.311481481482,17.0,10.0,0.0,1.69999999983,45.0,Neutral
0x23e7a7f8d14b550961925fbfdaa92f5d195ba5bd,2025-03-28,0.0,42.0,0.0,1460.115,42.0,0.0,0.0,42000000000.0,44.0,Fear
0x23e7a7f8d14b550961925fbfdaa92f5d195ba5bd,2025-03-29,-5018.466447,97.0,0.0,580.479381443299,0.0,97.0,0.0,0.0,26.0,Fear
0x23e7a7f8d14b550961925fbfdaa92f5d195ba5bd,2025-03-31,716.1439490000001,155.0,83.0,730.8744516129033,72.0,83.0,0.535483870967742,0.8674698795076208,34.0,Fear
0x23e7a7f8d14b550961925fbfdaa92f5d195ba5bd,2025-04-03,0.0,1.0,0.0,54768.6,1.0,0.0,0.0,999999999.9999999,25.0,Fear
0x23e7a7f8d14b550961925fbfdaa92f5d195ba5bd,2025-04-15,0.0,1.0,0.0,16.37,1.0,0.0,0.0,999999999.9999999,38.0,Fear
0x23e7a7f8d14b550961925fbfdaa92f5d195ba5bd,2025-04-16,-95.985744,88.0,1.0,780.4484090909092,0.0,88.0,0.011363636363636364,0.0,29.0,Fear
0x23e7a7f8d14b550961925fbfdaa92f5d195ba5bd,2025-04-17,-133.41237,125.0,20.0,730.92608,0.0,0.0,0.16,0.0,30.0,Fear
0x23e7a7f8d14b550961925fbfdaa92f5d195ba5bd,2025-04-18,951.9344429999999,689.0,301.0,766.7829027576198,137.0,126.0,0.43686502177068215,1.087301587292958,33.0,Fear
0x23e7a7f8d14b550961925fbfdaa92f5d195ba5bd,2025-04-19,371.50299999999993,411.0,297.0,552.0850851581508,72.0,247.0,0.7226277372262774,0.2914979757073219,32.0,Fear
0x23e7a7f8d14b550961925fbfdaa92f5d195ba5bd,2025-04-20,-1892.5894699999994,603.0,249.0,963.6022222222223,190.0,228.0,0.4129353233830846,0.8333333333296784,37.0,Fear
0x23e7a7f8d14b550961925fbfdaa92f5d195ba5bd,2025-04-21,3434.689308,97.0,97.0,887.6931958762885,0.0,97.0,1.0,0.0,39.0,Fear
0x23e7a7f8d14b550961925fbfdaa92f5d195ba5bd,2025-04-23,2654.14315,568.0,336.0,2593.2515492957746,0.0,0.0,0.5915492957746479,0.0,72.0,Greed
0x23e7a7f8d14b550961925fbfdaa92f5d195ba5bd,2025-04-24,1867.252909,680.0,333.0,1679.782985294118,0.0,0.0,0.48970588235294116,0.0,63.0,Greed
0x23e7a7f8d14b550961925fbfdaa92f5d195ba5bd,2025-04-25,1969.3932099999997,330.0,40.0,3782.839757575758,106.0,0.0,0.12121212121212122,106000000000.0,60.0,Greed
0x23e7a7f8d14b550961925fbfdaa92f5d195ba5bd,2025-04-26,-4648.8710550000005,338.0,0.0,284.5678402366864,0.0,338.0,0.0,0.0,65.0,Greed
0x23e7a7f8d14b550961925fbfdaa92f5d195ba5bd,2025-04-27,0.0,67.0,0.0,1435.3307462686569,67.0,0.0,0.0,66999999999.99999,61.0,Greed
0x23e7a7f8d14b550961925fbfdaa92f5d195ba5bd,2025-04-30,5179.772745000001,83.0,83.0,1221.0467469879518,0.0,83.0,1.0,0.0,56.0,Greed
0x23e7a7f8d14b550961925fbfdaa92f5d195ba5bd,2025-05-01,1243.8535689999999,250.0,81.0,815.50576,169.0,81.0,0.324,2.086419753060661,53.0,Neutral
0x271b280974205ca63b716753467d5a371de622ab,2024-07-15,-1.0,5.0,0.0,6070.200000000001,0.0,0.0,0.0,0.0,52.0,Neutral
0x271b280974205ca63b716753467d5a371de622ab,2024-11-29,1584.342755,1.0,1.0,1584.35,0.0,1.0,1.0,0.0,78.0,Extreme Greed
0x271b280974205ca63b716753467d5a371de622ab,2024-12-05,208.81746,4.0,3.0,39530.9875,0.0,0.0,0.75,0.0,84.0,Extreme Greed
0x271b280974205ca63b716753467d5a371de622ab,2025-04-09,16706.884912,797.0,300.0,6131.710464240904,0.0,0.0,0.37641154328732745,0.0,18.0,Extreme Fear
0x271b280974205ca63b716753467d5a371de622ab,2025-04-10,13264.043303999999,339.0,189.0,21898.95651917404,0.0,0.0,0.5575221238938053,0.0,39.0,Fear
0x271b280974205ca63b716753467d5a371de622ab,2025-04-19,5942.547242000001,313.0,40.0,8678.024504792333,0.0,0.0,0.12779552715654952,0.0,32.0,Fear
0x271b280974205ca63b716753467d5a371de622ab,2025-04-20,8277.307357,863.0,424.0,3079.8473348783314,0.0,6.0,0.49130938586326767,0.0,37.0,Fear
0x271b280974205ca63b716753467d5a371de622ab,2025-04-21,2638.012587,353.0,61.0,1965.9329745042496,0.0,0.0,0.17280453257790368,0.0,39.0,Fear
0x271b280974205ca63b716753467d5a371de622ab,2025-04-22,-19037.340560999997,594.0,0.0,8110.89095959596,0.0,0.0,0.0,0.0,47.0,Neutral
0x271b280974205ca63b716753467d5a371de622ab,2025-04-23,-108176.9187,469.0,66.0,20030.785479744132,0.0,0.0,0.14072494669509594,0.0,72.0,Greed
0x271b280974205ca63b716753467d5a371de622ab,2025-04-24,8157.1123259999995,70.0,66.0,15603.565285714287,0.0,3.0,0.9428571428571428,0.0,63.0,Greed
0x271b280974205ca63b716753467d5a371de622ab,2025-04-25,0.0,1.0,0.0,0.17,0.0,0.0,0.0,0.0,60.0,Greed
0x28736f43f1e871e6aa8b1148d38d4994275d72c4,2024-11-16,159.100072,93.0,16.0,373.7049462365591,16.0,0.0,0.17204301075268819,15999999999.999998,86.0,Extreme Greed
0x28736f43f1e871e6aa8b1148d38d4994275d72c4,2024-11-17,161.289904,95.0,34.0,353.52284210526307,2.0,0.0,0.35789473684210527,1999999999.9999998,90.0,Extreme Greed
0x28736f43f1e871e6aa8b1148d38d4994275d72c4,2024-11-18,147.410285,162.0,67.0,666.941975308642,1.0,0.0,0.41358024691358025,999999999.9999999,83.0,Extreme Greed
0x28736f43f1e871e6aa8b1148d38d4994275d72c4,2024-11-19,233.36545999999998,213.0,104.0,895.9638028169013,2.0,2.0,0.48826291079812206,0.9999999995,90.0,Extreme Greed
0x28736f43f1e871e6aa8b1148d38d4994275d72c4,2024-11-20,-316.24520800000005,407.0,141.0,2149.5532186732185,0.0,2.0,0.3464373464373464,0.0,83.0,Extreme Greed
0x28736f43f1e871e6aa8b1148d38d4994275d72c4,2024-11-21,780.0013140000001,446.0,156.0,729.007130044843,11.0,0.0,0.34977578475336324,11000000000.0,82.0,Extreme Greed
0x28736f43f1e871e6aa8b1148d38d4994275d72c4,2024-11-22,141.21959,433.0,135.0,422.00990762124707,2.0,0.0,0.3117782909930716,1999999999.9999998,94.0,Extreme Greed
0x28736f43f1e871e6aa8b1148d38d4994275d72c4,2024-11-23,673.6312,156.0,63.0,333.45923076923077,4.0,3.0,0.40384615384615385,1.3333333328888888,93.0,Extreme Greed
0x28736f43f1e871e6aa8b1148d38d4994275d72c4,2024-11-24,108.321127,69.0,29.0,200.7391304347826,1.0,2.0,0.42028985507246375,0.49999999975,80.0,Extreme Greed
0x28736f43f1e871e6aa8b1148d38d4994275d72c4,2024-11-25,464.281002,225.0,95.0,324.3673333333333,3.0,11.0,0.4222222222222222,0.2727272727024793,82.0,Extreme Greed
0x28736f43f1e871e6aa8b1148d38d4994275d72c4,2024-11-26,-508.29064100000005,217.0,76.0,1012.5778341013826,6.0,1.0,0.35023041474654376,5.9999999939999995,79.0,Extreme Greed
0x28736f43f1e871e6aa8b1148d38d4994275d72c4,2024-11-27,193.66415899999998,169.0,74.0,1110.8322485207102,2.0,2.0,0.4378698224852071,0.9999999995,75.0,Extreme Greed
0x28736f43f1e871e6aa8b1148d38d4994275d72c4,2024-11-28,165.532644,207.0,78.0,946.076811594203,5.0,0.0,0.37681159420289856,5000000000.0,77.0,Extreme Greed
0x28736f43f1e871e6aa8b1148d38d4994275d72c4,2024-11-29,9551.734230000002,206.0,92.0,388.948786407767,38.0,56.0,0.44660194174757284,0.6785714285593113,78.0,Extreme Greed
0x28736f43f1e871e6aa8b1148d38d4994275d72c4,2024-11-30,5590.528248,154.0,71.0,315.52253246753247,18.0,47.0,0.461038961038961,0.3829787233961069,84.0,Extreme Greed
0x28736f43f1e871e6aa8b1148d38d4994275d72c4,2024-12-01,4458.2549500000005,193.0,97.0,247.12725388601035,34.0,67.0,0.5025906735751295,0.50746268655959,81.0,Extreme Greed
0x28736f43f1e871e6aa8b1148d38d4994275d72c4,2024-12-02,1283.846047,140.0,73.0,140.36935714285713,25.0,23.0,0.5214285714285715,1.0869565216918715,80.0,Extreme Greed
0x28736f43f1e871e6aa8b1148d38d4994275d72c4,2024-12-03,1190.358719,78.0,37.0,92.37217948717948,7.0,16.0,0.47435897435897434,0.43749999997265626,76.0,Extreme Greed
0x28736f43f1e871e6aa8b1148d38d4994275d72c4,2024-12-04,9066.169645999998,112.0,60.0,165.78285714285715,16.0,47.0,0.5357142857142857,0.34042553190765057,78.0,Extreme Greed
0x28736f43f1e871e6aa8b1148d38d4994275d72c4,2024-12-05,14685.787664,98.0,48.0,259.245918367347,18.0,36.0,0.4897959183673469,0.49999999998611117,84.0,Extreme Greed
0x28736f43f1e871e6aa8b1148d38d4994275d72c4,2024-12-06,389.176232,69.0,16.0,129.8053623188406,16.0,4.0,0.2318840579710145,3.999999999,72.0,Greed
0x28736f43f1e871e6aa8b1148d38d4994275d72c4,2024-12-07,4008.012049,86.0,36.0,159.67825581395346,9.0,25.0,0.4186046511627907,0.3599999999856,75.0,Extreme Greed
0x28736f43f1e871e6aa8b1148d38d4994275d72c4,2024-12-08,554.009942,102.0,43.0,77.67176470588235,10.0,22.0,0.4215686274509804,0.4545454545247934,79.0,Extreme Greed
0x28736f43f1e871e6aa8b1148d38d4994275d72c4,2024-12-09,768.4308380000002,213.0,126.0,88.1318309859155,52.0,12.0,0.5915492957746479,4.333333332972222,78.0,Extreme Greed
0x28736f43f1e871e6aa8b1148d38d4994275d72c4,2024-12-10,980.557461,157.0,106.0,119.62222929936307,17.0,10.0,0.6751592356687898,1.69999999983,78.0,Extreme Greed
0x28736f43f1e871e6aa8b1148d38d4994275d72c4,2024-12-11,1582.001112,93.0,32.0,124.41204301075268,1.0,20.0,0.34408602150537637,0.0499999999975,74.0,Greed
0x28736f43f1e871e6aa8b1148d38d4994275d72c4,2024-12-12,5806.86932,147.0,82.0,150.14530612244897,8.0,66.0,0.5578231292517006,0.12121212121028466,83.0,Extreme Greed
0x28736f43f1e871e6aa8b1148d38d4994275d72c4,2024-12-13,1522.284412,155.0,71.0,88.59193548387097,42.0,41.0,0.45806451612903226,1.024390243877454,76.0,Extreme Greed
0x28736f43f1e871e6aa8b1148d38d4994275d72c4,2024-12-14,13281.73126,154.0,119.0,187.53610389610387,16.0,91.0,0.7727272727272727,0.1758241758222437,83.0,Extreme Greed
0x28736f43f1e871e6aa8b1148d38d4994275d72c4,2024-12-15,5389.96219,137.0,68.0,125.00722627737225,38.0,45.0,0.49635036496350365,0.8444444444256791,80.0,Extreme Greed
0x28736f43f1e871e6aa8b1148d38d4994275d72c4,2024-12-16,13190.248859,230.0,154.0,131.23830434782607,46.0,114.0,0.6695652173913044,0.403508771926285,83.0,Extreme Greed
0x28736f43f1e871e6aa8b1148d38d4994275d72c4,2024-12-17,4454.939378,181.0,78.0,112.67668508287295,79.0,57.0,0.430939226519337,1.3859649122563866,87.0,Extreme Greed
0x28736f43f1e871e6aa8b1148d38d4994275d72c4,2024-12-18,3624.4896549999994,191.0,80.0,124.92068062827228,81.0,64.0,0.418848167539267,1.2656249999802245,81.0,Extreme Greed
0x28736f43f1e871e6aa8b1148d38d4994275d72c4,2024-12-19,1525.329937,204.0,80.0,197.0048529411765,88.0,20.0,0.39215686274509803,4.39999999978,75.0,Extreme Greed
0x28736f43f1e871e6aa8b1148d38d4994275d72c4,2024-12-20,7812.716373,194.0,111.0,289.6046907216495,31.0,100.0,0.5721649484536082,0.3099999999969,74.0,Greed
0x28736f43f1e871e6aa8b1148d38d4994275d72c4,2024-12-21,7465.899936,107.0,54.0,215.3378504672897,21.0,52.0,0.5046728971962616,0.4038461538383876,73.0,Greed
0x28736f43f1e871e6aa8b1148d38d4994275d72c4,2024-12-22,1174.0255290000002,79.0,41.0,174.83481012658225,18.0,20.0,0.5189873417721519,0.899999999955,73.0,Greed
0x28736f43f1e871e6aa8b1148d38d4994275d72c4,2024-12-23,122.889996,95.0,29.0,212.3047368421053,58.0,0.0,0.30526315789473685,58000000000.0,70.0,Greed
0x28736f43f1e871e6aa8b1148d38d4994275d72c4,2024-12-24,1555.956456,48.0,15.0,282.42354166666667,5.0,8.0,0.3125,0.624999999921875,73.0,Greed
0x28736f43f1e871e6aa8b1148d38d4994275d72c4,2024-12-25,1530.9193650000002,66.0,30.0,284.1157575757576,6.0,26.0,0.45454545454545453,0.23076923076035502,73.0,Greed
0x28736f43f1e871e6aa8b1148d38d4994275d72c4,2024-12-26,101.860928,84.0,28.0,223.89047619047622,41.0,0.0,0.3333333333333333,41000000000.0,79.0,Extreme Greed
0x28736f43f1e871e6aa8b1148d38d4994275d72c4,2024-12-27,388.366016,73.0,26.0,221.81794520547945,14.0,6.0,0.3561643835616438,2.3333333329444446,74.0,Greed
0x28736f43f1e871e6aa8b1148d38d4994275d72c4,2024-12-28,506.512551,63.0,23.0,166.3415873015873,16.0,13.0,0.36507936507936506,1.2307692306745561,72.0,Greed
0x28736f43f1e871e6aa8b1148d38d4994275d72c4,2024-12-29,115.512183,34.0,17.0,140.99176470588236,1.0,12.0,0.5,0.08333333332638888,73.0,Greed
0x28736f43f1e871e6aa8b1148d38d4994275d72c4,2024-12-30,255.80831199999997,125.0,42.0,455.6354400000001,60.0,1.0,0.336,59.999999939999995,65.0,Greed
0x28736f43f1e871e6aa8b1148d38d4994275d72c4,2024-12-31,496.22179199999994,107.0,32.0,1121.107570093458,27.0,0.0,0.29906542056074764,27000000000.0,64.0,Greed
0x28736f43f1e871e6aa8b1148d38d4994275d72c4,2025-01-01,109.82694000000001,59.0,21.0,263.347627118644,23.0,0.0,0.3559322033898305,23000000000.0,66.0,Greed
0x28736f43f1e871e6aa8b1148d38d4994275d72c4,2025-01-02,416.546688,101.0,46.0,217.6933663366337,2.0,9.0,0.45544554455445546,0.22222222219753085,70.0,Greed
0x28736f43f1e871e6aa8b1148d38d4994275d72c4,2025-01-03,250.581483,69.0,36.0,217.15115942028984,4.0,8.0,0.5217391304347826,0.4999999999375,74.0,Greed
0x28736f43f1e871e6aa8b1148d38d4994275d72c4,2025-01-04,232.665498,81.0,40.0,156.68296296296296,1.0,1.0,0.49382716049382713,0.9999999989999999,73.0,Greed
0x28736f43f1e871e6aa8b1148d38d4994275d72c4,2025-01-05,87.752181,82.0,44.0,101.1840243902439,0.0,0.0,0.5365853658536586,0.0,72.0,Greed
0x28736f43f1e871e6aa8b1148d38d4994275d72c4,2025-01-06,114.68421,80.0,21.0,82.075375,0.0,3.0,0.2625,0.0,76.0,Extreme Greed
0x28736f43f1e871e6aa8b1148d38d4994275d72c4,2025-01-07,267.84622699999994,103.0,72.0,103.70087378640777,13.0,2.0,0.6990291262135923,6.49999999675,78.0,Extreme Greed
0x28736f43f1e871e6aa8b1148d38d4994275d72c4,2025-01-08,651.469355,149.0,85.0,489.99302013422823,16.0,0.0,0.5704697986577181,15999999999.999998,70.0,Greed
0x28736f43f1e871e6aa8b1148d38d4994275d72c4,2025-01-09,571.688942,103.0,49.0,728.40786407767,9.0,2.0,0.47572815533980584,4.49999999775,69.0,Greed
0x28736f43f1e871e6aa8b1148d38d4994275d72c4,2025-01-10,401.706348,84.0,37.0,522.1204761904761,3.0,0.0,0.44047619047619047,3000000000.0,50.0,Neutral
0x28736f43f1e871e6aa8b1148d38d4994275d72c4,2025-01-11,157.22823200000002,37.0,16.0,484.2756756756756,0.0,0.0,0.43243243243243246,0.0,69.0,Greed
0x28736f43f1e871e6aa8b1148d38d4994275d72c4,2025-01-12,274.773033,63.0,39.0,446.38619047619045,1.0,2.0,0.6190476190476191,0.49999999975,62.0,Greed
0x28736f43f1e871e6aa8b1148d38d4994275d72c4,2025-01-13,53.846609,61.0,19.0,561.3780327868852,5.0,0.0,0.3114754098360656,5000000000.0,61.0,Greed
0x28736f43f1e871e6aa8b1148d38d4994275d72c4,2025-01-14,894.564828,42.0,34.0,995.673095238095,0.0,4.0,0.8095238095238095,0.0,63.0,Greed
0x28736f43f1e871e6aa8b1148d38d4994275d72c4,2025-01-15,55.137803,19.0,8.0,240.01052631578952,1.0,0.0,0.42105263157894735,999999999.9999999,70.0,Greed
0x28736f43f1e871e6aa8b1148d38d4994275d72c4,2025-01-16,238.99546099999998,87.0,28.0,136.3554022988506,4.0,1.0,0.3218390804597701,3.9999999959999997,75.0,Extreme Greed
0x28736f43f1e871e6aa8b1148d38d4994275d72c4,2025-01-17,168.92152000000002,70.0,35.0,118.53914285714288,6.0,2.0,0.5,2.9999999985,75.0,Extreme Greed
0x28736f43f1e871e6aa8b1148d38d4994275d72c4,2025-01-18,594.135892,259.0,105.0,195.2069111969112,14.0,0.0,0.40540540540540543,14000000000.0,77.0,Extreme Greed
0x28736f43f1e871e6aa8b1148d38d4994275d72c4,2025-01-19,102.504343,184.0,79.0,155.71684782608696,19.0,13.0,0.42934782608695654,1.4615384614260354,77.0,Extreme Greed
0x28736f43f1e871e6aa8b1148d38d4994275d72c4,2025-01-20,608.885905,169.0,69.0,169.7668047337278,50.0,8.0,0.40828402366863903,6.24999999921875,76.0,Extreme Greed
0x28736f43f1e871e6aa8b1148d38d4994275d72c4,2025-01-21,428.37379999999996,94.0,46.0,262.3486170212766,13.0,8.0,0.48936170212765956,1.624999999796875,76.0,Extreme Greed
0x28736f43f1e871e6aa8b1148d38d4994275d72c4,2025-01-22,589.467131,112.0,51.0,120.82616071428572,7.0,9.0,0.45535714285714285,0.777777777691358,84.0,Extreme Greed
0x28736f43f1e871e6aa8b1148d38d4994275d72c4,2025-01-23,229.60989199999997,122.0,57.0,128.88065573770493,12.0,0.0,0.4672131147540984,12000000000.0,75.0,Extreme Greed
0x28736f43f1e871e6aa8b1148d38d4994275d72c4,2025-01-24,347.22838,120.0,60.0,145.0465,16.0,5.0,0.5,3.19999999936,75.0,Extreme Greed
0x28736f43f1e871e6aa8b1148d38d4994275d72c4,2025-01-25,124.704988,118.0,47.0,241.47220338983053,28.0,0.0,0.3983050847457627,28000000000.0,75.0,Extreme Greed
0x28736f43f1e871e6aa8b1148d38d4994275d72c4,2025-01-26,273.211119,106.0,48.0,334.20924528301884,3.0,7.0,0.4528301886792453,0.4285714285102041,73.0,Greed
0x28736f43f1e871e6aa8b1148d38d4994275d72c4,2025-01-27,838.930696,268.0,114.0,1223.799552238806,23.0,0.0,0.4253731343283582,23000000000.0,71.0,Greed
0x28736f43f1e871e6aa8b1148d38d4994275d72c4,2025-01-28,1019.5576899999999,151.0,75.0,624.2161589403973,4.0,2.0,0.4966887417218543,1.999999999,72.0,Greed
0x28736f43f1e871e6aa8b1148d38d4994275d72c4,2025-01-29,152.618804,42.0,21.0,340.88809523809533,0.0,3.0,0.5,0.0,72.0,Greed
0x28736f43f1e871e6aa8b1148d38d4994275d72c4,2025-01-30,1234.2072,86.0,55.0,394.06465116279077,3.0,10.0,0.6395348837209303,0.29999999997,70.0,Greed
0x28736f43f1e871e6aa8b1148d38d4994275d72c4,2025-01-31,755.916254,49.0,38.0,374.2630612244898,0.0,13.0,0.7755102040816326,0.0,76.0,Extreme Greed
0x28736f43f1e871e6aa8b1148d38d4994275d72c4,2025-02-01,3.5366680000000015,51.0,21.0,1057.5154901960786,2.0,0.0,0.4117647058823529,1999999999.9999998,68.0,Greed
0x28736f43f1e871e6aa8b1148d38d4994275d72c4,2025-02-02,-1416.906536,91.0,5.0,1328.6620879120878,6.0,5.0,0.054945054945054944,1.19999999976,60.0,Greed
0x28736f43f1e871e6aa8b1148d38d4994275d72c4,2025-02-03,439.63404599999996,75.0,45.0,1251.5914666666667,9.0,0.0,0.6,9000000000.0,44.0,Fear
0x28736f43f1e871e6aa8b1148d38d4994275d72c4,2025-02-04,1291.500575,48.0,17.0,1139.6597916666667,4.0,2.0,0.3541666666666667,1.999999999,72.0,Greed
0x28736f43f1e871e6aa8b1148d38d4994275d72c4,2025-02-05,696.8107239999999,83.0,37.0,912.4063855421687,3.0,6.0,0.4457831325301205,0.49999999991666666,54.0,Neutral
0x28736f43f1e871e6aa8b1148d38d4994275d72c4,2025-02-06,358.877096,45.0,17.0,1453.704444444444,1.0,0.0,0.37777777777777777,999999999.9999999,49.0,Neutral
0x28736f43f1e871e6aa8b1148d38d4994275d72c4,2025-02-07,932.4458159999999,54.0,36.0,596.832037037037,13.0,0.0,0.6666666666666666,13000000000.0,44.0,Fear
0x28736f43f1e871e6aa8b1148d38d4994275d72c4,2025-02-08,0.0,32.0,0.0,630.2528125,15.0,0.0,0.0,15000000000.0,44.0,Fear
0x28736f43f1e871e6aa8b1148d38d4994275d72c4,2025-02-09,31.14195,17.0,11.0,685.0323529411764,0.0,0.0,0.6470588235294118,0.0,46.0,Neutral
0x28736f43f1e871e6aa8b1148d38d4994275d72c4,2025-02-10,436.833818,43.0,29.0,1075.9925581395348,3.0,0.0,0.6744186046511628,3000000000.0,43.0,Fear
0x28736f43f1e871e6aa8b1148d38d4994275d72c4,2025-02-11,593.326371,41.0,19.0,984.2039024390244,2.0,1.0,0.4634146341463415,1.9999999979999998,47.0,Neutral
0x28736f43f1e871e6aa8b1148d38d4994275d72c4,2025-02-12,198.78039199999998,59.0,27.0,717.646779661017,11.0,0.0,0.4576271186440678,11000000000.0,46.0,Neutral
0x28736f43f1e871e6aa8b1148d38d4994275d72c4,2025-02-13,287.27875,42.0,21.0,647.7471428571429,3.0,2.0,0.5,1.49999999925,50.0,Neutral
0x28736f43f1e871e6aa8b1148d38d4994275d72c4,2025-02-14,404.813032,47.0,37.0,536.6263829787234,4.0,11.0,0.7872340425531915,0.36363636360330576,48.0,Neutral
0x28736f43f1e871e6aa8b1148d38d4994275d72c4,2025-02-15,64.65344800000001,9.0,8.0,257.83222222222224,1.0,0.0,0.8888888888888888,999999999.9999999,50.0,Neutral
0x28736f43f1e871e6aa8b1148d38d4994275d72c4,2025-02-16,59.664989,11.0,4.0,503.3327272727272,2.0,1.0,0.36363636363636365,1.9999999979999998,54.0,Neutral
0x28736f43f1e871e6aa8b1148d38d4994275d72c4,2025-02-17,115.824682,28.0,18.0,466.69214285714287,2.0,0.0,0.6428571428571429,1999999999.9999998,51.0,Neutral
0x28736f43f1e871e6aa8b1148d38d4994275d72c4,2025-02-18,45.659497,36.0,7.0,404.8844444444444,12.0,2.0,0.19444444444444445,5.999999997,47.0,Neutral
0x28736f43f1e871e6aa8b1148d38d4994275d72c4,2025-02-19,20.62415,22.0,7.0,508.5995454545453,5.0,0.0,0.3181818181818182,5000000000.0,44.0,Fear
0x28736f43f1e871e6aa8b1148d38d4994275d72c4,2025-02-20,278.14283900000004,53.0,26.0,429.3352830188679,15.0,2.0,0.49056603773584906,7.49999999625,49.0,Neutral
0x28736f43f1e871e6aa8b1148d38d4994275d72c4,2025-02-21,591.6595330000001,93.0,61.0,320.8220430107527,2.0,9.0,0.6559139784946236,0.22222222219753085,55.0,Greed
0x28736f43f1e871e6aa8b1148d38d4994275d72c4,2025-02-22,408.03639799999996,58.0,17.0,523.8093103448275,0.0,0.0,0.29310344827586204,0.0,49.0,Neutral
0x28736f43f1e871e6aa8b1148d38d4994275d72c4,2025-02-23,39.91436,24.0,9.0,550.5720833333334,0.0,2.0,0.375,0.0,50.0,Neutral
0x28736f43f1e871e6aa8b1148d38d4994275d72c4,2025-02-24,180.244855,61.0,27.0,282.4104918032787,18.0,0.0,0.4426229508196721,18000000000.0,49.0,Neutral
0x28736f43f1e871e6aa8b1148d38d4994275d72c4,2025-02-25,168.27053,49.0,13.0,883.3975510204081,7.0,0.0,0.2653061224489796,7000000000.0,25.0,Fear
0x28736f43f1e871e6aa8b1148d38d4994275d72c4,2025-02-26,64.59776,34.0,13.0,242.27088235294121,3.0,0.0,0.38235294117647056,3000000000.0,21.0,Extreme Fear
0x28736f43f1e871e6aa8b1148d38d4994275d72c4,2025-02-27,71.919819,30.0,13.0,765.1069999999997,0.0,0.0,0.43333333333333335,0.0,10.0,Extreme Fear
0x28736f43f1e871e6aa8b1148d38d4994275d72c4,2025-02-28,-3425.4503480000003,81.0,26.0,1611.6066666666666,1.0,1.0,0.32098765432098764,0.9999999989999999,16.0,Extreme Fear
0x28736f43f1e871e6aa8b1148d38d4994275d72c4,2025-03-01,557.9358,37.0,14.0,840.2127027027026,0.0,0.0,0.3783783783783784,0.0,20.0,Extreme Fear
0x28736f43f1e871e6aa8b1148d38d4994275d72c4,2025-03-02,8330.21747,73.0,56.0,1432.3072602739728,6.0,0.0,0.7671232876712328,6000000000.0,26.0,Fear
0x28736f43f1e871e6aa8b1148d38d4994275d72c4,2025-03-03,494.669357,58.0,21.0,536.928448275862,0.0,0.0,0.3620689655172414,0.0,33.0,Fear
0x28736f43f1e871e6aa8b1148d38d4994275d72c4,2025-03-04,163.73414999999997,43.0,13.0,1091.9493023255816,0.0,0.0,0.3023255813953488,0.0,15.0,Extreme Fear
0x28736f43f1e871e6aa8b1148d38d4994275d72c4,2025-03-05,437.354452,26.0,20.0,1109.0769230769229,2.0,0.0,0.7692307692307693,1999999999.9999998,20.0,Extreme Fear
0x28736f43f1e871e6aa8b1148d38d4994275d72c4,2025-03-06,291.46926,21.0,13.0,856.6300000000001,0.0,0.0,0.6190476190476191,0.0,25.0,Fear
0x28736f43f1e871e6aa8b1148d38d4994275d72c4,2025-03-07,411.82427399999995,40.0,15.0,748.432,0.0,0.0,0.375,0.0,34.0,Fear
0x28736f43f1e871e6aa8b1148d38d4994275d72c4,2025-03-08,173.811132,35.0,14.0,698.2522857142857,0.0,0.0,0.4,0.0,28.0,Fear
0x28736f43f1e871e6aa8b1148d38d4994275d72c4,2025-03-09,140.953497,36.0,6.0,1118.493611111111,0.0,0.0,0.16666666666666666,0.0,27.0,Fear
0x28736f43f1e871e6aa8b1148d38d4994275d72c4,2025-03-10,-4026.754395,31.0,3.0,838.0596774193549,0.0,1.0,0.0967741935483871,0.0,20.0,Extreme Fear
0x28736f43f1e871e6aa8b1148d38d4994275d72c4,2025-03-11,0.0,24.0,0.0,538.44125,8.0,0.0,0.0,7999999999.999999,24.0,Extreme Fear
0x28736f43f1e871e6aa8b1148d38d4994275d72c4,2025-03-12,33.01095,9.0,4.0,851.8611111111111,0.0,0.0,0.4444444444444444,0.0,34.0,Fear
0x28736f43f1e871e6aa8b1148d38d4994275d72c4,2025-03-13,465.04650100000003,22.0,12.0,881.3063636363636,3.0,1.0,0.5454545454545454,2.9999999969999998,45.0,Neutral
0x28736f43f1e871e6aa8b1148d38d4994275d72c4,2025-03-14,0.0,4.0,0.0,262.4975,3.0,0.0,0.0,3000000000.0,27.0,Fear
0x28736f43f1e871e6aa8b1148d38d4994275d72c4,2025-03-16,106.912886,27.0,18.0,618.9422222222223,0.0,0.0,0.6666666666666666,0.0,30.0,Fear
0x28736f43f1e871e6aa8b1148d38d4994275d72c4,2025-03-17,0.0,2.0,0.0,653.5999999999999,0.0,0.0,0.0,0.0,32.0,Fear
0x28736f43f1e871e6aa8b1148d38d4994275d72c4,2025-03-18,40.9165,15.0,7.0,703.816,0.0,0.0,0.4666666666666667,0.0,34.0,Fear
0x28736f43f1e871e6aa8b1148d38d4994275d72c4,2025-03-19,54.9718,33.0,30.0,539.8872727272727,2.0,0.0,0.9090909090909091,1999999999.9999998,32.0,Fear
0x28736f43f1e871e6aa8b1148d38d4994275d72c4,2025-03-20,144.65615699999998,20.0,10.0,1620.3529999999996,0.0,0.0,0.5,0.0,49.0,Neutral
0x28736f43f1e871e6aa8b1148d38d4994275d72c4,2025-03-21,0.5844,12.0,1.0,187.86083333333337,0.0,0.0,0.08333333333333333,0.0,31.0,Fear
0x28736f43f1e871e6aa8b1148d38d4994275d72c4,2025-03-22,132.087931,17.0,9.0,559.405294117647,1.0,0.0,0.5294117647058824,999999999.9999999,32.0,Fear
0x28736f43f1e871e6aa8b1148d38d4994275d72c4,2025-03-23,79.086899,14.0,13.0,840.6328571428572,0.0,0.0,0.9285714285714286,0.0,30.0,Fear
0x28736f43f1e871e6aa8b1148d38d4994275d72c4,2025-03-24,808.135252,45.0,31.0,1334.7422222222224,0.0,0.0,0.6888888888888889,0.0,45.0,Neutral
0x28736f43f1e871e6aa8b1148d38d4994275d72c4,2025-03-25,417.38885700000003,33.0,12.0,530.6703030303029,3.0,0.0,0.36363636363636365,3000000000.0,46.0,Neutral
0x28736f43f1e871e6aa8b1148d38d4994275d72c4,2025-03-26,379.04079,35.0,16.0,637.0742857142857,5.0,0.0,0.45714285714285713,5000000000.0,47.0,Neutral
0x28736f43f1e871e6aa8b1148d38d4994275d72c4,2025-03-27,-133.035992,38.0,6.0,1857.9734210526317,4.0,0.0,0.15789473684210525,3999999999.9999995,40.0,Fear
0x28736f43f1e871e6aa8b1148d38d4994275d72c4,2025-03-28,-21.766132,41.0,1.0,876.1812195121952,0.0,0.0,0.024390243902439025,0.0,44.0,Fear
0x28736f43f1e871e6aa8b1148d38d4994275d72c4,2025-03-29,28.499012,15.0,5.0,468.6506666666666,0.0,0.0,0.3333333333333333,0.0,26.0,Fear
0x28736f43f1e871e6aa8b1148d38d4994275d72c4,2025-03-30,-743.288757,44.0,1.0,726.7522727272727,0.0,2.0,0.022727272727272728,0.0,32.0,Fear
0x28736f43f1e871e6aa8b1148d38d4994275d72c4,2025-03-31,3.5652169999999996,52.0,7.0,375.1351923076922,1.0,4.0,0.1346153846153846,0.2499999999375,34.0,Fear
0x28736f43f1e871e6aa8b1148d38d4994275d72c4,2025-04-01,768.3518919999999,41.0,27.0,422.4107317073171,5.0,0.0,0.6585365853658537,5000000000.0,34.0,Fear
0x28736f43f1e871e6aa8b1148d38d4994275d72c4,2025-04-02,669.3813630000001,70.0,42.0,414.1342857142858,14.0,0.0,0.6,14000000000.0,44.0,Fear
0x28736f43f1e871e6aa8b1148d38d4994275d72c4,2025-04-03,149.51234499999998,85.0,10.0,453.31905882352953,0.0,0.0,0.11764705882352941,0.0,25.0,Fear
0x28736f43f1e871e6aa8b1148d38d4994275d72c4,2025-04-04,498.7352820000001,100.0,56.0,280.54429999999996,2.0,0.0,0.56,1999999999.9999998,28.0,Fear
0x28736f43f1e871e6aa8b1148d38d4994275d72c4,2025-04-05,177.049662,56.0,34.0,331.2753571428571,0.0,0.0,0.6071428571428571,0.0,30.0,Fear
0x28736f43f1e871e6aa8b1148d38d4994275d72c4,2025-04-06,-476.77056300000004,74.0,27.0,387.52432432432425,0.0,0.0,0.36486486486486486,0.0,34.0,Fear
0x28736f43f1e871e6aa8b1148d38d4994275d72c4,2025-04-07,-19833.530157,150.0,27.0,830.2844666666666,12.0,50.0,0.18,0.23999999999520003,23.0,Extreme Fear
0x28736f43f1e871e6aa8b1148d38d4994275d72c4,2025-04-08,230.103259,65.0,24.0,279.894,29.0,17.0,0.36923076923076925,1.7058823528408305,24.0,Extreme Fear
0x28736f43f1e871e6aa8b1148d38d4994275d72c4,2025-04-09,94.07737599999999,53.0,12.0,244.56867924528305,26.0,18.0,0.22641509433962265,1.4444444443641975,18.0,Extreme Fear
0x28736f43f1e871e6aa8b1148d38d4994275d72c4,2025-04-10,73.76740700000002,22.0,11.0,166.24727272727273,4.0,6.0,0.5,0.6666666665555555,39.0,Fear
0x28736f43f1e871e6aa8b1148d38d4994275d72c4,2025-04-11,67.00618399999999,14.0,6.0,335.1578571428571,3.0,4.0,0.42857142857142855,0.7499999998125,25.0,Fear
0x28736f43f1e871e6aa8b1148d38d4994275d72c4,2025-04-12,10.499265,3.0,3.0,78.19,0.0,3.0,1.0,0.0,43.0,Fear
0x28736f43f1e871e6aa8b1148d38d4994275d72c4,2025-04-13,-902.0714839999999,19.0,6.0,269.5942105263158,1.0,13.0,0.3157894736842105,0.07692307691715976,45.0,Neutral
0x28736f43f1e871e6aa8b1148d38d4994275d72c4,2025-04-14,27.177561,14.0,7.0,180.60857142857142,3.0,8.0,0.5,0.374999999953125,31.0,Fear
0x28736f43f1e871e6aa8b1148d38d4994275d72c4,2025-04-15,-48.794433999999995,17.0,1.0,186.68235294117648,6.0,5.0,0.058823529411764705,1.19999999976,38.0,Fear
0x28736f43f1e871e6aa8b1148d38d4994275d72c4,2025-04-16,8.738942,9.0,3.0,32.68999999999999,0.0,0.0,0.3333333333333333,0.0,29.0,Fear
0x28736f43f1e871e6aa8b1148d38d4994275d72c4,2025-04-17,-15.688322,10.0,1.0,162.42899999999997,4.0,0.0,0.1,3999999999.9999995,30.0,Fear
0x28736f43f1e871e6aa8b1148d38d4994275d72c4,2025-04-18,22.793679,8.0,6.0,160.54125,0.0,3.0,0.75,0.0,33.0,Fear
0x28736f43f1e871e6aa8b1148d38d4994275d72c4,2025-04-19,40.803149000000005,7.0,4.0,75.59428571428573,0.0,2.0,0.5714285714285714,0.0,32.0,Fear
0x28736f43f1e871e6aa8b1148d38d4994275d72c4,2025-04-20,7.707293999999999,2.0,2.0,87.145,0.0,2.0,1.0,0.0,37.0,Fear
0x28736f43f1e871e6aa8b1148d38d4994275d72c4,2025-04-21,19.956089,6.0,5.0,78.33833333333334,0.0,1.0,0.8333333333333334,0.0,39.0,Fear
0x28736f43f1e871e6aa8b1148d38d4994275d72c4,2025-04-22,11.839106000000001,5.0,2.0,58.67800000000001,0.0,2.0,0.4,0.0,47.0,Neutral
0x28736f43f1e871e6aa8b1148d38d4994275d72c4,2025-04-23,50.899227999999994,13.0,8.0,91.10846153846154,0.0,10.0,0.6153846153846154,0.0,72.0,Greed
0x28736f43f1e871e6aa8b1148d38d4994275d72c4,2025-04-24,1.023851,1.0,1.0,182.34,0.0,1.0,1.0,0.0,63.0,Greed
0x28736f43f1e871e6aa8b1148d38d4994275d72c4,2025-04-27,0.265698,1.0,1.0,49.96,0.0,0.0,1.0,0.0,61.0,Greed
0x28736f43f1e871e6aa8b1148d38d4994275d72c4,2025-04-28,-0.08516699999999996,8.0,1.0,156.87,0.0,5.0,0.125,0.0,54.0,Neutral
0x28736f43f1e871e6aa8b1148d38d4994275d72c4,2025-05-01,16.923621,2.0,2.0,135.32,0.0,2.0,1.0,0.0,53.0,Neutral
0x2c229d22b100a7beb69122eed721cee9b24011dd,2024-10-31,-2.5534149999999998,9.0,0.0,3327.722222222222,0.0,0.0,0.0,0.0,77.0,Extreme Greed
0x2c229d22b100a7beb69122eed721cee9b24011dd,2024-11-01,-0.09906000000000148,14.0,4.0,2139.280714285714,0.0,0.0,0.2857142857142857,0.0,75.0,Extreme Greed
0x2c229d22b100a7beb69122eed721cee9b24011dd,2024-11-06,-3.41119,3.0,0.0,666.84,0.0,0.0,0.0,0.0,70.0,Greed
0x2c229d22b100a7beb69122eed721cee9b24011dd,2024-11-08,-710.7869460000002,15.0,0.0,2003.9206666666664,0.0,0.0,0.0,0.0,75.0,Extreme Greed
0x2c229d22b100a7beb69122eed721cee9b24011dd,2024-11-13,-17.60528,10.0,2.0,582.841,0.0,0.0,0.2,0.0,84.0,Extreme Greed
0x2c229d22b100a7beb69122eed721cee9b24011dd,2024-11-14,2215.4029969999997,69.0,14.0,1825.0886956521738,0.0,0.0,0.2028985507246377,0.0,88.0,Extreme Greed
0x2c229d22b100a7beb69122eed721cee9b24011dd,2024-11-15,2137.203852,33.0,22.0,1024.2048484848485,0.0,0.0,0.6666666666666666,0.0,80.0,Extreme Greed
0x2c229d22b100a7beb69122eed721cee9b24011dd,2024-11-16,1484.528402,22.0,13.0,1292.337727272727,0.0,0.0,0.5909090909090909,0.0,86.0,Extreme Greed
0x2c229d22b100a7beb69122eed721cee9b24011dd,2024-11-18,-8.138354999999999,15.0,4.0,393.8633333333334,0.0,0.0,0.26666666666666666,0.0,83.0,Extreme Greed
0x2c229d22b100a7beb69122eed721cee9b24011dd,2024-11-20,2626.800865,76.0,48.0,2627.910921052631,0.0,0.0,0.631578947368421,0.0,83.0,Extreme Greed
0x2c229d22b100a7beb69122eed721cee9b24011dd,2024-11-21,-0.15074599999999938,22.0,4.0,1508.5563636363636,0.0,0.0,0.18181818181818182,0.0,82.0,Extreme Greed
0x2c229d22b100a7beb69122eed721cee9b24011dd,2024-11-22,-260.90968599999997,57.0,3.0,7077.548245614035,0.0,0.0,0.05263157894736842,0.0,94.0,Extreme Greed
0x2c229d22b100a7beb69122eed721cee9b24011dd,2024-11-29,31.04129,10.0,9.0,525.317,0.0,0.0,0.9,0.0,78.0,Extreme Greed
0x2c229d22b100a7beb69122eed721cee9b24011dd,2024-11-30,59.744873999999996,6.0,2.0,6943.030000000002,0.0,0.0,0.3333333333333333,0.0,84.0,Extreme Greed
0x2c229d22b100a7beb69122eed721cee9b24011dd,2024-12-02,16196.864845999999,53.0,30.0,2348.7403773584906,0.0,0.0,0.5660377358490566,0.0,80.0,Extreme Greed
0x2c229d22b100a7beb69122eed721cee9b24011dd,2024-12-03,121.53556199999998,59.0,14.0,1685.5867796610166,0.0,0.0,0.23728813559322035,0.0,76.0,Extreme Greed
0x2c229d22b100a7beb69122eed721cee9b24011dd,2024-12-04,7591.307059,37.0,25.0,3426.9959459459456,0.0,0.0,0.6756756756756757,0.0,78.0,Extreme Greed
0x2c229d22b100a7beb69122eed721cee9b24011dd,2024-12-05,2069.92634,33.0,30.0,890.1048484848485,0.0,0.0,0.9090909090909091,0.0,84.0,Extreme Greed
0x2c229d22b100a7beb69122eed721cee9b24011dd,2024-12-06,-123.870122,9.0,0.0,2324.0444444444447,0.0,0.0,0.0,0.0,72.0,Greed
0x2c229d22b100a7beb69122eed721cee9b24011dd,2024-12-10,130.88369100000003,12.0,7.0,1585.403333333333,0.0,0.0,0.5833333333333334,0.0,78.0,Extreme Greed
0x2c229d22b100a7beb69122eed721cee9b24011dd,2024-12-11,8544.6855,19.0,10.0,6550.684736842105,0.0,0.0,0.5263157894736842,0.0,74.0,Greed
0x2c229d22b100a7beb69122eed721cee9b24011dd,2024-12-12,7639.595793999999,62.0,39.0,5565.801451612901,0.0,0.0,0.6290322580645161,0.0,83.0,Extreme Greed
0x2c229d22b100a7beb69122eed721cee9b24011dd,2024-12-13,1966.9289449999997,63.0,49.0,1823.863492063492,0.0,0.0,0.7777777777777778,0.0,76.0,Extreme Greed
0x2c229d22b100a7beb69122eed721cee9b24011dd,2024-12-17,214.770101,15.0,11.0,1000.8120000000001,0.0,0.0,0.7333333333333333,0.0,87.0,Extreme Greed
0x2c229d22b100a7beb69122eed721cee9b24011dd,2024-12-20,305.55784,11.0,10.0,2609.3063636363636,0.0,0.0,0.9090909090909091,0.0,74.0,Greed
0x2c229d22b100a7beb69122eed721cee9b24011dd,2024-12-23,6.476290000000003,29.0,12.0,7631.325517241379,0.0,0.0,0.41379310344827586,0.0,70.0,Greed
0x2c229d22b100a7beb69122eed721cee9b24011dd,2024-12-24,343.633361,11.0,6.0,2630.0318181818184,0.0,0.0,0.5454545454545454,0.0,73.0,Greed
0x2c229d22b100a7beb69122eed721cee9b24011dd,2024-12-30,0.19908,2.0,1.0,34.21,0.0,0.0,0.5,0.0,65.0,Greed
0x2c229d22b100a7beb69122eed721cee9b24011dd,2024-12-31,2243.3197769999997,49.0,48.0,4127.501224489795,0.0,0.0,0.9795918367346939,0.0,64.0,Greed
0x2c229d22b100a7beb69122eed721cee9b24011dd,2025-01-10,21980.47249,136.0,125.0,2289.4099264705883,0.0,0.0,0.9191176470588235,0.0,50.0,Neutral
0x2c229d22b100a7beb69122eed721cee9b24011dd,2025-01-11,-2.4548439999999996,7.0,0.0,1785.1328571428571,0.0,0.0,0.0,0.0,69.0,Greed
0x2c229d22b100a7beb69122eed721cee9b24011dd,2025-01-15,-18.998213999999997,12.0,3.0,1943.5483333333334,0.0,0.0,0.25,0.0,70.0,Greed
0x2c229d22b100a7beb69122eed721cee9b24011dd,2025-01-17,913.9859470000001,57.0,38.0,6517.080175438597,0.0,0.0,0.6666666666666666,0.0,75.0,Extreme Greed
0x2c229d22b100a7beb69122eed721cee9b24011dd,2025-01-18,-33.4413,2.0,0.0,116.66499999999999,0.0,0.0,0.0,0.0,77.0,Extreme Greed
0x2c229d22b100a7beb69122eed721cee9b24011dd,2025-01-19,11437.823511999999,74.0,46.0,7532.947432432434,0.0,0.0,0.6216216216216216,0.0,77.0,Extreme Greed
0x2c229d22b100a7beb69122eed721cee9b24011dd,2025-01-20,1535.5500800000002,82.0,11.0,8402.275975609758,0.0,0.0,0.13414634146341464,0.0,76.0,Extreme Greed
0x2c229d22b100a7beb69122eed721cee9b24011dd,2025-01-21,59.672564,15.0,6.0,125.142,0.0,0.0,0.4,0.0,76.0,Extreme Greed
0x2c229d22b100a7beb69122eed721cee9b24011dd,2025-01-22,12769.669401000001,229.0,65.0,1080.5076419213974,0.0,0.0,0.2838427947598253,0.0,84.0,Extreme Greed
0x2c229d22b100a7beb69122eed721cee9b24011dd,2025-01-23,3776.64959,104.0,60.0,2468.1846153846154,0.0,0.0,0.5769230769230769,0.0,75.0,Extreme Greed
0x2c229d22b100a7beb69122eed721cee9b24011dd,2025-01-24,363.48245599999996,38.0,19.0,2124.97947368421,0.0,0.0,0.5,0.0,75.0,Extreme Greed
0x2c229d22b100a7beb69122eed721cee9b24011dd,2025-01-25,2167.17715,53.0,33.0,5537.374905660378,0.0,0.0,0.6226415094339622,0.0,75.0,Extreme Greed
0x2c229d22b100a7beb69122eed721cee9b24011dd,2025-01-30,159.201612,15.0,6.0,4589.114666666666,0.0,0.0,0.4,0.0,70.0,Greed
0x2c229d22b100a7beb69122eed721cee9b24011dd,2025-01-31,14418.189880000002,132.0,113.0,5257.43053030303,0.0,0.0,0.8560606060606061,0.0,76.0,Extreme Greed
0x2c229d22b100a7beb69122eed721cee9b24011dd,2025-02-01,88.50699399999999,21.0,12.0,5610.000952380952,0.0,0.0,0.5714285714285714,0.0,68.0,Greed
0x2c229d22b100a7beb69122eed721cee9b24011dd,2025-02-06,-639.3510530000002,61.0,35.0,3750.11868852459,0.0,0.0,0.5737704918032787,0.0,49.0,Neutral
0x2c229d22b100a7beb69122eed721cee9b24011dd,2025-02-07,-1145.9243919999997,149.0,6.0,2135.150268456376,0.0,0.0,0.040268456375838924,0.0,44.0,Fear
0x2c229d22b100a7beb69122eed721cee9b24011dd,2025-02-13,17378.569333,321.0,206.0,3578.9056074766354,0.0,0.0,0.6417445482866043,0.0,50.0,Neutral
0x2c229d22b100a7beb69122eed721cee9b24011dd,2025-02-15,590.0698899999999,47.0,32.0,1285.8944680851064,0.0,0.0,0.6808510638297872,0.0,50.0,Neutral
0x2c229d22b100a7beb69122eed721cee9b24011dd,2025-02-20,3057.2824499999997,149.0,132.0,5680.961208053691,0.0,0.0,0.8859060402684564,0.0,49.0,Neutral
0x2c229d22b100a7beb69122eed721cee9b24011dd,2025-02-21,8502.805925,60.0,26.0,2810.3466666666664,0.0,0.0,0.43333333333333335,0.0,55.0,Greed
0x2c229d22b100a7beb69122eed721cee9b24011dd,2025-02-25,169.617628,24.0,15.0,1016.4883333333333,0.0,0.0,0.625,0.0,25.0,Fear
0x2c229d22b100a7beb69122eed721cee9b24011dd,2025-02-26,25.306020000000004,10.0,9.0,156.53799999999998,0.0,0.0,0.9,0.0,21.0,Extreme Fear
0x2c229d22b100a7beb69122eed721cee9b24011dd,2025-03-05,11113.173067,89.0,58.0,2537.670449438202,0.0,0.0,0.651685393258427,0.0,20.0,Extreme Fear
0x2c229d22b100a7beb69122eed721cee9b24011dd,2025-03-06,279.1520339999999,15.0,11.0,1287.3273333333332,0.0,0.0,0.7333333333333333,0.0,25.0,Fear
0x2c229d22b100a7beb69122eed721cee9b24011dd,2025-03-07,1.17533,3.0,1.0,972.65,0.0,0.0,0.3333333333333333,0.0,34.0,Fear
0x2c229d22b100a7beb69122eed721cee9b24011dd,2025-03-11,276.76869999999997,13.0,10.0,3849.3830769230767,0.0,0.0,0.7692307692307693,0.0,24.0,Extreme Fear
0x2c229d22b100a7beb69122eed721cee9b24011dd,2025-03-13,924.898908,25.0,1.0,4074.8460000000005,0.0,0.0,0.04,0.0,45.0,Neutral
0x2c229d22b100a7beb69122eed721cee9b24011dd,2025-03-21,1215.774424,74.0,53.0,1528.0594594594593,0.0,0.0,0.7162162162162162,0.0,31.0,Fear
0x2c229d22b100a7beb69122eed721cee9b24011dd,2025-03-23,514.5145660000001,15.0,9.0,919.33,0.0,0.0,0.6,0.0,30.0,Fear
0x2c229d22b100a7beb69122eed721cee9b24011dd,2025-03-25,-3323.090682,211.0,4.0,2000.0732701421798,0.0,0.0,0.018957345971563982,0.0,46.0,Neutral
0x2c229d22b100a7beb69122eed721cee9b24011dd,2025-03-26,2323.99174,65.0,49.0,1894.7783076923076,0.0,0.0,0.7538461538461538,0.0,47.0,Neutral
0x2c229d22b100a7beb69122eed721cee9b24011dd,2025-04-01,1334.414834,9.0,4.0,1193.0444444444443,0.0,0.0,0.4444444444444444,0.0,34.0,Fear
0x2c229d22b100a7beb69122eed721cee9b24011dd,2025-04-02,1.103158,6.0,2.0,395.24,0.0,0.0,0.3333333333333333,0.0,44.0,Fear
0x2c229d22b100a7beb69122eed721cee9b24011dd,2025-04-03,160.127816,26.0,19.0,739.3319230769231,0.0,0.0,0.7307692307692307,0.0,25.0,Fear
0x2c229d22b100a7beb69122eed721cee9b24011dd,2025-04-11,1419.9224739999997,45.0,34.0,1310.551777777778,0.0,0.0,0.7555555555555555,0.0,25.0,Fear
0x2c229d22b100a7beb69122eed721cee9b24011dd,2025-04-14,18.103862999999997,8.0,5.0,133.5325,0.0,0.0,0.625,0.0,31.0,Fear
0x2c229d22b100a7beb69122eed721cee9b24011dd,2025-04-18,11.209036999999999,7.0,6.0,74.56857142857143,0.0,0.0,0.8571428571428571,0.0,33.0,Fear
0x2c229d22b100a7beb69122eed721cee9b24011dd,2025-04-23,29.8368,2.0,1.0,1284.69,0.0,0.0,0.5,0.0,72.0,Greed
0x2c229d22b100a7beb69122eed721cee9b24011dd,2025-04-25,0.18414,3.0,2.0,47.08666666666667,0.0,0.0,0.6666666666666666,0.0,60.0,Greed
0x3998f134d6aaa2b6a5f723806d00fd2bbbbce891,2023-05-01,0.0,3.0,0.0,159.0,0.0,0.0,0.0,0.0,63.0,Greed
0x3998f134d6aaa2b6a5f723806d00fd2bbbbce891,2024-01-11,0.0,2.0,0.0,23066.935,0.0,0.0,0.0,0.0,76.0,Extreme Greed
0x3998f134d6aaa2b6a5f723806d00fd2bbbbce891,2024-01-15,152.85358,9.0,9.0,69.98444444444445,0.0,0.0,1.0,0.0,52.0,Neutral
0x3998f134d6aaa2b6a5f723806d00fd2bbbbce891,2024-01-16,-3238.8,6.0,0.0,10580.346666666666,0.0,0.0,0.0,0.0,64.0,Greed
0x3998f134d6aaa2b6a5f723806d00fd2bbbbce891,2024-01-28,-2478.06972,11.0,0.0,1646.2754545454545,0.0,0.0,0.0,0.0,54.0,Neutral
0x3998f134d6aaa2b6a5f723806d00fd2bbbbce891,2024-04-16,0.0,1.0,0.0,91.08,0.0,1.0,0.0,0.0,65.0,Greed
0x3998f134d6aaa2b6a5f723806d00fd2bbbbce891,2024-05-29,0.0,5.0,0.0,6113.468,5.0,0.0,0.0,5000000000.0,72.0,Greed
0x3998f134d6aaa2b6a5f723806d00fd2bbbbce891,2024-07-24,0.0,3.0,0.0,0.4266666666666667,0.0,0.0,0.0,0.0,69.0,Greed
0x3998f134d6aaa2b6a5f723806d00fd2bbbbce891,2024-07-26,0.0,1.0,0.0,0.81,0.0,0.0,0.0,0.0,68.0,Greed
0x3998f134d6aaa2b6a5f723806d00fd2bbbbce891,2024-08-01,0.0,1.0,0.0,0.74,0.0,0.0,0.0,0.0,52.0,Neutral
0x3998f134d6aaa2b6a5f723806d00fd2bbbbce891,2024-08-03,0.0,1.0,0.0,0.65,0.0,0.0,0.0,0.0,37.0,Fear
0x3998f134d6aaa2b6a5f723806d00fd2bbbbce891,2024-08-04,0.0,1.0,0.0,0.01,0.0,0.0,0.0,0.0,34.0,Fear
0x3998f134d6aaa2b6a5f723806d00fd2bbbbce891,2024-08-06,215.754798,27.0,8.0,28.555555555555557,1.0,26.0,0.2962962962962963,0.038461538460059175,17.0,Extreme Fear
0x3998f134d6aaa2b6a5f723806d00fd2bbbbce891,2024-08-07,0.0,11.0,0.0,0.0036363636363636364,0.0,0.0,0.0,0.0,29.0,Fear
0x3998f134d6aaa2b6a5f723806d00fd2bbbbce891,2024-08-17,0.0,29.0,0.0,1035.7675862068966,29.0,0.0,0.0,29000000000.0,25.0,Fear
0x3998f134d6aaa2b6a5f723806d00fd2bbbbce891,2024-08-30,0.0,1.0,0.0,0.69,0.0,0.0,0.0,0.0,34.0,Fear
0x3998f134d6aaa2b6a5f723806d00fd2bbbbce891,2024-09-05,0.0,1.0,0.0,0.84,0.0,0.0,0.0,0.0,29.0,Fear
0x3998f134d6aaa2b6a5f723806d00fd2bbbbce891,2024-11-18,48.185146,6.0,2.0,116.12333333333333,1.0,5.0,0.3333333333333333,0.19999999996,83.0,Extreme Greed
0x3998f134d6aaa2b6a5f723806d00fd2bbbbce891,2024-11-19,0.0,1.0,0.0,0.01,0.0,0.0,0.0,0.0,90.0,Extreme Greed
0x3998f134d6aaa2b6a5f723806d00fd2bbbbce891,2024-11-29,17511.326788,56.0,36.0,1817.6805357142857,17.0,39.0,0.6428571428571429,0.43589743588625907,78.0,Extreme Greed
0x3998f134d6aaa2b6a5f723806d00fd2bbbbce891,2024-11-30,19050.661786000004,39.0,27.0,2556.542051282051,7.0,27.0,0.6923076923076923,0.25925925924965704,84.0,Extreme Greed
0x3998f134d6aaa2b6a5f723806d00fd2bbbbce891,2024-12-01,13.566929,3.0,2.0,11.366666666666667,1.0,2.0,0.6666666666666666,0.49999999975,81.0,Extreme Greed
0x3998f134d6aaa2b6a5f723806d00fd2bbbbce891,2024-12-02,0.0,1.0,0.0,0.0,0.0,0.0,0.0,0.0,80.0,Extreme Greed
0x3998f134d6aaa2b6a5f723806d00fd2bbbbce891,2024-12-14,0.0,36.0,0.0,5555.551944444444,36.0,0.0,0.0,36000000000.0,83.0,Extreme Greed
0x3998f134d6aaa2b6a5f723806d00fd2bbbbce891,2024-12-15,346.82764199999997,6.0,5.0,117.02833333333335,1.0,5.0,0.8333333333333334,0.19999999996,80.0,Extreme Greed
0x3998f134d6aaa2b6a5f723806d00fd2bbbbce891,2024-12-16,0.0,4.0,0.0,0.0,0.0,0.0,0.0,0.0,83.0,Extreme Greed
0x3998f134d6aaa2b6a5f723806d00fd2bbbbce891,2024-12-20,22.80272,3.0,1.0,15.183333333333332,1.0,1.0,0.3333333333333333,0.9999999989999999,74.0,Greed
0x3998f134d6aaa2b6a5f723806d00fd2bbbbce891,2025-01-20,0.0,2.0,0.0,183.07999999999998,2.0,0.0,0.0,1999999999.9999998,76.0,Extreme Greed
0x3998f134d6aaa2b6a5f723806d00fd2bbbbce891,2025-01-23,-5978.38652,3.0,2.0,6.186666666666667,0.0,3.0,0.6666666666666666,0.0,75.0,Extreme Greed
0x3998f134d6aaa2b6a5f723806d00fd2bbbbce891,2025-01-24,0.0,2.0,0.0,0.005,0.0,0.0,0.0,0.0,75.0,Extreme Greed
0x3998f134d6aaa2b6a5f723806d00fd2bbbbce891,2025-02-14,19.530304,2.0,2.0,25.39,0.0,2.0,1.0,0.0,48.0,Neutral
0x3998f134d6aaa2b6a5f723806d00fd2bbbbce891,2025-02-21,-350.632694,7.0,0.0,184.87857142857143,2.0,5.0,0.0,0.39999999992,55.0,Greed
0x3998f134d6aaa2b6a5f723806d00fd2bbbbce891,2025-03-06,600.008922,37.0,26.0,1400.6759459459458,0.0,37.0,0.7027027027027027,0.0,25.0,Fear
0x3998f134d6aaa2b6a5f723806d00fd2bbbbce891,2025-03-10,-8224.491085,26.0,0.0,1653.8661538461538,0.0,26.0,0.0,0.0,20.0,Extreme Fear
0x3998f134d6aaa2b6a5f723806d00fd2bbbbce891,2025-03-11,-58444.949486000005,119.0,0.0,1948.151092436975,0.0,119.0,0.0,0.0,24.0,Extreme Fear
0x3998f134d6aaa2b6a5f723806d00fd2bbbbce891,2025-04-06,0.0,19.0,0.0,2105.072105263158,0.0,0.0,0.0,0.0,34.0,Fear
0x3998f134d6aaa2b6a5f723806d00fd2bbbbce891,2025-04-07,9485.859999999999,61.0,21.0,1811.6344262295083,0.0,0.0,0.3442622950819672,0.0,23.0,Extreme Fear
0x3998f134d6aaa2b6a5f723806d00fd2bbbbce891,2025-04-09,0.0,30.0,0.0,1333.3193333333336,0.0,0.0,0.0,0.0,18.0,Extreme Fear
0x3998f134d6aaa2b6a5f723806d00fd2bbbbce891,2025-04-12,2466.604719,32.0,32.0,1105.835625,0.0,0.0,1.0,0.0,43.0,Fear
0x3998f134d6aaa2b6a5f723806d00fd2bbbbce891,2025-04-13,1076.7787320000002,9.0,9.0,2341.002222222222,0.0,0.0,1.0,0.0,45.0,Neutral
0x3998f134d6aaa2b6a5f723806d00fd2bbbbce891,2025-04-21,-3533.672537,124.0,116.0,1459.0874193548389,0.0,116.0,0.9354838709677419,0.0,39.0,Fear
0x3998f134d6aaa2b6a5f723806d00fd2bbbbce891,2025-04-22,0.0,1.0,0.0,0.01,0.0,0.0,0.0,0.0,47.0,Neutral
0x3998f134d6aaa2b6a5f723806d00fd2bbbbce891,2025-04-25,34.63999,73.0,73.0,826.7301369863015,0.0,73.0,1.0,0.0,60.0,Greed
0x39cef799f8b69da1995852eea189df24eb5cae3c,2024-11-12,0.0,2.0,0.0,5195.3,0.0,0.0,0.0,0.0,80.0,Extreme Greed
0x39cef799f8b69da1995852eea189df24eb5cae3c,2024-11-20,-808.158708,2.0,0.0,10882.16,0.0,0.0,0.0,0.0,83.0,Extreme Greed
0x39cef799f8b69da1995852eea189df24eb5cae3c,2024-12-01,0.0,1.0,0.0,199.81,0.0,0.0,0.0,0.0,81.0,Extreme Greed
0x39cef799f8b69da1995852eea189df24eb5cae3c,2024-12-03,0.0,1.0,0.0,209.94,0.0,0.0,0.0,0.0,76.0,Extreme Greed
0x39cef799f8b69da1995852eea189df24eb5cae3c,2024-12-05,0.0,6.0,0.0,10238.081666666667,3.0,0.0,0.0,3000000000.0,84.0,Extreme Greed
0x39cef799f8b69da1995852eea189df24eb5cae3c,2024-12-06,0.0,20.0,0.0,1657.5530000000003,1.0,0.0,0.0,999999999.9999999,72.0,Greed
0x39cef799f8b69da1995852eea189df24eb5cae3c,2024-12-09,483.662076,8.0,8.0,603.1,0.0,0.0,1.0,0.0,78.0,Extreme Greed
0x39cef799f8b69da1995852eea189df24eb5cae3c,2024-12-10,0.0,3.0,0.0,22522.036666666667,1.0,0.0,0.0,999999999.9999999,78.0,Extreme Greed
0x39cef799f8b69da1995852eea189df24eb5cae3c,2024-12-11,3721.345649,4.0,4.0,40012.55,0.0,0.0,1.0,0.0,74.0,Greed
0x39cef799f8b69da1995852eea189df24eb5cae3c,2024-12-13,1116.8006,26.0,13.0,2954.652692307692,6.0,0.0,0.5,6000000000.0,76.0,Extreme Greed
0x39cef799f8b69da1995852eea189df24eb5cae3c,2024-12-14,1898.178342,1.0,1.0,6591.46,0.0,1.0,1.0,0.0,83.0,Extreme Greed
0x39cef799f8b69da1995852eea189df24eb5cae3c,2024-12-15,6623.4831540000005,28.0,23.0,1993.9885714285713,5.0,23.0,0.8214285714285714,0.21739130433837428,80.0,Extreme Greed
0x39cef799f8b69da1995852eea189df24eb5cae3c,2024-12-16,6942.186824999999,14.0,9.0,5866.705,5.0,9.0,0.6428571428571429,0.5555555554938272,83.0,Extreme Greed
0x39cef799f8b69da1995852eea189df24eb5cae3c,2024-12-18,136.054186,12.0,3.0,679.3075,9.0,3.0,0.25,2.999999999,81.0,Extreme Greed
0x39cef799f8b69da1995852eea189df24eb5cae3c,2024-12-20,1676.3027260000001,4.0,3.0,2837.6875,0.0,1.0,0.75,0.0,74.0,Greed
0x39cef799f8b69da1995852eea189df24eb5cae3c,2024-12-24,14849.788861,19.0,16.0,17744.18789473684,3.0,16.0,0.8421052631578947,0.18749999998828126,73.0,Greed
0x39cef799f8b69da1995852eea189df24eb5cae3c,2025-01-01,-9655.676980999999,12.0,5.0,15270.597499999998,6.0,6.0,0.4166666666666667,0.9999999998333333,66.0,Greed
0x39cef799f8b69da1995852eea189df24eb5cae3c,2025-01-03,0.0,1.0,0.0,6217.48,1.0,0.0,0.0,999999999.9999999,74.0,Greed
0x39cef799f8b69da1995852eea189df24eb5cae3c,2025-01-14,0.0,3.0,0.0,800.29,0.0,0.0,0.0,0.0,63.0,Greed
0x39cef799f8b69da1995852eea189df24eb5cae3c,2025-01-19,-1584.55781,3.0,0.0,15271.743333333332,0.0,3.0,0.0,0.0,77.0,Extreme Greed
0x39cef799f8b69da1995852eea189df24eb5cae3c,2025-01-20,-401.2638,4.0,0.0,14949.165,0.0,0.0,0.0,0.0,76.0,Extreme Greed
0x39cef799f8b69da1995852eea189df24eb5cae3c,2025-01-23,0.0,4.0,0.0,11250.0,4.0,0.0,0.0,3999999999.9999995,75.0,Extreme Greed
0x39cef799f8b69da1995852eea189df24eb5cae3c,2025-02-23,2.9205,6.0,1.0,2401.1383333333333,0.0,0.0,0.16666666666666666,0.0,50.0,Neutral
0x39cef799f8b69da1995852eea189df24eb5cae3c,2025-03-04,863.956464,63.0,30.0,3213.545873015874,7.0,0.0,0.47619047619047616,7000000000.0,15.0,Extreme Fear
0x39cef799f8b69da1995852eea189df24eb5cae3c,2025-03-05,8187.594260000001,43.0,24.0,3514.7537209302327,19.0,0.0,0.5581395348837209,19000000000.0,20.0,Extreme Fear
0x39cef799f8b69da1995852eea189df24eb5cae3c,2025-03-10,-37230.786609,2.0,0.0,48134.545,0.0,2.0,0.0,0.0,20.0,Extreme Fear
0x39cef799f8b69da1995852eea189df24eb5cae3c,2025-03-12,0.0,39.0,0.0,2549.748205128205,0.0,0.0,0.0,0.0,34.0,Fear
0x39cef799f8b69da1995852eea189df24eb5cae3c,2025-03-17,17926.355742,205.0,107.0,1908.0640975609754,0.0,0.0,0.5219512195121951,0.0,32.0,Fear
0x39cef799f8b69da1995852eea189df24eb5cae3c,2025-03-18,238.31419899999997,283.0,51.0,2061.155088339223,0.0,0.0,0.18021201413427562,0.0,34.0,Fear
0x39cef799f8b69da1995852eea189df24eb5cae3c,2025-03-19,909.907336,119.0,2.0,2421.710672268907,0.0,0.0,0.01680672268907563,0.0,32.0,Fear
0x39cef799f8b69da1995852eea189df24eb5cae3c,2025-03-20,0.0,82.0,0.0,607.7802439024391,0.0,0.0,0.0,0.0,49.0,Neutral
0x39cef799f8b69da1995852eea189df24eb5cae3c,2025-03-21,0.0,3.0,0.0,10058.62,0.0,0.0,0.0,0.0,31.0,Fear
0x39cef799f8b69da1995852eea189df24eb5cae3c,2025-03-23,4988.7494289999995,93.0,52.0,4121.473548387097,0.0,0.0,0.5591397849462365,0.0,30.0,Fear
0x39cef799f8b69da1995852eea189df24eb5cae3c,2025-03-24,3896.6278319999997,20.0,20.0,1703.6174999999998,0.0,0.0,1.0,0.0,45.0,Neutral
0x39cef799f8b69da1995852eea189df24eb5cae3c,2025-03-25,0.0,1.0,0.0,100176.1,0.0,0.0,0.0,0.0,46.0,Neutral
0x39cef799f8b69da1995852eea189df24eb5cae3c,2025-03-26,3782.33025,28.0,28.0,2294.2153571428576,0.0,0.0,1.0,0.0,47.0,Neutral
0x39cef799f8b69da1995852eea189df24eb5cae3c,2025-03-27,6504.316844999999,178.0,30.0,1543.433146067416,0.0,0.0,0.16853932584269662,0.0,40.0,Fear
0x39cef799f8b69da1995852eea189df24eb5cae3c,2025-04-03,0.0,142.0,0.0,4742.898943661972,0.0,0.0,0.0,0.0,25.0,Fear
0x39cef799f8b69da1995852eea189df24eb5cae3c,2025-04-04,266.39774,34.0,34.0,19800.740588235294,0.0,0.0,1.0,0.0,28.0,Fear
0x39cef799f8b69da1995852eea189df24eb5cae3c,2025-04-06,24553.541149999997,68.0,21.0,2824.8166176470586,0.0,0.0,0.3088235294117647,0.0,34.0,Fear
0x39cef799f8b69da1995852eea189df24eb5cae3c,2025-04-07,25941.716413,929.0,294.0,3895.6048546824545,0.0,0.0,0.31646932185145316,0.0,23.0,Extreme Fear
0x39cef799f8b69da1995852eea189df24eb5cae3c,2025-04-08,3366.444714,14.0,14.0,10183.131428571429,0.0,0.0,1.0,0.0,24.0,Extreme Fear
0x39cef799f8b69da1995852eea189df24eb5cae3c,2025-04-09,-77308.42009500001,617.0,142.0,4099.378930307942,0.0,0.0,0.23014586709886548,0.0,18.0,Extreme Fear
0x39cef799f8b69da1995852eea189df24eb5cae3c,2025-04-10,-831.2396219999998,306.0,176.0,5795.688333333333,0.0,0.0,0.5751633986928104,0.0,39.0,Fear
0x39cef799f8b69da1995852eea189df24eb5cae3c,2025-04-13,3271.3693780000003,135.0,64.0,20019.11111111111,0.0,0.0,0.4740740740740741,0.0,45.0,Neutral
0x39cef799f8b69da1995852eea189df24eb5cae3c,2025-04-14,128.67829,1.0,1.0,844654.19,0.0,0.0,1.0,0.0,31.0,Fear
0x3f9a0aadc7f04a7c9d75dc1b5a6ddd6e36486cf6,2024-10-03,100.375782,5.0,3.0,2585.338,0.0,0.0,0.6,0.0,37.0,Fear
0x3f9a0aadc7f04a7c9d75dc1b5a6ddd6e36486cf6,2024-11-03,0.0,2.0,0.0,9530.66,0.0,0.0,0.0,0.0,74.0,Greed
0x3f9a0aadc7f04a7c9d75dc1b5a6ddd6e36486cf6,2024-11-04,540.0591099999999,10.0,10.0,1960.1329999999998,0.0,0.0,1.0,0.0,70.0,Greed
0x3f9a0aadc7f04a7c9d75dc1b5a6ddd6e36486cf6,2024-11-07,503.462576,16.0,11.0,1929.28125,0.0,0.0,0.6875,0.0,77.0,Extreme Greed
0x3f9a0aadc7f04a7c9d75dc1b5a6ddd6e36486cf6,2024-11-10,0.0,1.0,0.0,9836.88,0.0,0.0,0.0,0.0,78.0,Extreme Greed
0x3f9a0aadc7f04a7c9d75dc1b5a6ddd6e36486cf6,2024-11-11,393.07947,4.0,4.0,2557.49,0.0,0.0,1.0,0.0,76.0,Extreme Greed
0x3f9a0aadc7f04a7c9d75dc1b5a6ddd6e36486cf6,2024-11-12,0.0,4.0,0.0,1319.1399999999999,0.0,0.0,0.0,0.0,80.0,Extreme Greed
0x3f9a0aadc7f04a7c9d75dc1b5a6ddd6e36486cf6,2024-11-13,135.09947,8.0,7.0,1860.1075,0.0,0.0,0.875,0.0,84.0,Extreme Greed
0x3f9a0aadc7f04a7c9d75dc1b5a6ddd6e36486cf6,2024-11-15,0.0,35.0,0.0,930.75,0.0,0.0,0.0,0.0,80.0,Extreme Greed
0x3f9a0aadc7f04a7c9d75dc1b5a6ddd6e36486cf6,2024-11-19,245.44495999999998,5.0,5.0,6564.348,0.0,0.0,1.0,0.0,90.0,Extreme Greed
0x3f9a0aadc7f04a7c9d75dc1b5a6ddd6e36486cf6,2024-11-22,1050.894,22.0,7.0,2990.737727272727,0.0,0.0,0.3181818181818182,0.0,94.0,Extreme Greed
0x3f9a0aadc7f04a7c9d75dc1b5a6ddd6e36486cf6,2024-11-23,788.45072,7.0,7.0,3091.2471428571434,0.0,0.0,1.0,0.0,93.0,Extreme Greed
0x3f9a0aadc7f04a7c9d75dc1b5a6ddd6e36486cf6,2024-11-26,0.0,36.0,0.0,1012.4008333333334,0.0,0.0,0.0,0.0,79.0,Extreme Greed
0x3f9a0aadc7f04a7c9d75dc1b5a6ddd6e36486cf6,2024-11-28,3855.7522,25.0,25.0,1612.0868,0.0,0.0,1.0,0.0,77.0,Extreme Greed
0x3f9a0aadc7f04a7c9d75dc1b5a6ddd6e36486cf6,2024-11-29,0.0,10.0,0.0,13325.11,10.0,0.0,0.0,10000000000.0,78.0,Extreme Greed
0x3f9a0aadc7f04a7c9d75dc1b5a6ddd6e36486cf6,2024-12-02,0.0,1.0,0.0,46692.72,1.0,0.0,0.0,999999999.9999999,80.0,Extreme Greed
0x3f9a0aadc7f04a7c9d75dc1b5a6ddd6e36486cf6,2024-12-26,29897.971695000004,32.0,10.0,2297.953125,22.0,10.0,0.3125,2.19999999978,79.0,Extreme Greed
0x3f9a0aadc7f04a7c9d75dc1b5a6ddd6e36486cf6,2024-12-28,0.0,10.0,0.0,6154.678000000001,10.0,0.0,0.0,10000000000.0,72.0,Greed
0x3f9a0aadc7f04a7c9d75dc1b5a6ddd6e36486cf6,2025-01-12,3699.757273,3.0,3.0,7958.366666666666,0.0,3.0,1.0,0.0,62.0,Greed
0x3f9a0aadc7f04a7c9d75dc1b5a6ddd6e36486cf6,2025-01-13,0.0,1.0,0.0,0.22,0.0,0.0,0.0,0.0,61.0,Greed
0x3f9a0aadc7f04a7c9d75dc1b5a6ddd6e36486cf6,2025-02-14,8019.163096,1.0,1.0,63734.69,0.0,1.0,1.0,0.0,48.0,Neutral
0x3f9a0aadc7f04a7c9d75dc1b5a6ddd6e36486cf6,2025-04-04,0.0,1.0,0.0,63727.4,1.0,0.0,0.0,999999999.9999999,28.0,Fear
0x3f9a0aadc7f04a7c9d75dc1b5a6ddd6e36486cf6,2025-04-05,562.1943200000001,19.0,19.0,3383.65,0.0,19.0,1.0,0.0,30.0,Fear
0x3f9a0aadc7f04a7c9d75dc1b5a6ddd6e36486cf6,2025-04-06,0.0,21.0,0.0,3060.345238095238,20.0,0.0,0.0,20000000000.0,34.0,Fear
0x3f9a0aadc7f04a7c9d75dc1b5a6ddd6e36486cf6,2025-04-09,110.55336399999999,19.0,19.0,3388.2873684210526,0.0,19.0,1.0,0.0,18.0,Extreme Fear
0x3f9a0aadc7f04a7c9d75dc1b5a6ddd6e36486cf6,2025-04-10,0.0,6.0,0.0,10728.526666666667,5.0,0.0,0.0,5000000000.0,39.0,Fear
0x3f9a0aadc7f04a7c9d75dc1b5a6ddd6e36486cf6,2025-04-12,3593.9892070000005,27.0,27.0,2517.1996296296297,0.0,27.0,1.0,0.0,43.0,Fear
0x3f9a0aadc7f04a7c9d75dc1b5a6ddd6e36486cf6,2025-04-13,0.0,1.0,0.0,0.69,0.0,0.0,0.0,0.0,45.0,Neutral
0x420ab45e0bd8863569a5efbb9c05d91f40624641,2024-12-06,0.0,45.0,0.0,10673.925777777777,0.0,0.0,0.0,0.0,72.0,Greed
0x420ab45e0bd8863569a5efbb9c05d91f40624641,2024-12-12,1762.4599999999998,10.0,10.0,6750.81,0.0,0.0,1.0,0.0,83.0,Extreme Greed
0x420ab45e0bd8863569a5efbb9c05d91f40624641,2024-12-17,27.637359999999997,20.0,11.0,3976.0629999999996,1.0,0.0,0.55,999999999.9999999,87.0,Extreme Greed
0x420ab45e0bd8863569a5efbb9c05d91f40624641,2024-12-18,0.0,44.0,0.0,3081.5213636363637,0.0,0.0,0.0,0.0,81.0,Extreme Greed
0x420ab45e0bd8863569a5efbb9c05d91f40624641,2024-12-19,2229.52123,4.0,4.0,4987.014999999999,0.0,0.0,1.0,0.0,75.0,Extreme Greed
0x420ab45e0bd8863569a5efbb9c05d91f40624641,2024-12-23,12082.95,2.0,2.0,13593.75,0.0,0.0,1.0,0.0,70.0,Greed
0x420ab45e0bd8863569a5efbb9c05d91f40624641,2024-12-24,0.0,7.0,0.0,4312.501428571429,0.0,0.0,0.0,0.0,73.0,Greed
0x420ab45e0bd8863569a5efbb9c05d91f40624641,2025-01-08,0.0,12.0,0.0,2966.789166666667,0.0,0.0,0.0,0.0,70.0,Greed
0x420ab45e0bd8863569a5efbb9c05d91f40624641,2025-01-15,0.0,2.0,0.0,48455.0,0.0,0.0,0.0,0.0,70.0,Greed
0x420ab45e0bd8863569a5efbb9c05d91f40624641,2025-01-16,0.0,30.0,0.0,1508.392,0.0,0.0,0.0,0.0,75.0,Extreme Greed
0x420ab45e0bd8863569a5efbb9c05d91f40624641,2025-02-08,0.0,5.0,0.0,10322.714,0.0,0.0,0.0,0.0,44.0,Fear
0x420ab45e0bd8863569a5efbb9c05d91f40624641,2025-02-14,0.0,12.0,0.0,2078.9283333333333,0.0,0.0,0.0,0.0,48.0,Neutral
0x420ab45e0bd8863569a5efbb9c05d91f40624641,2025-03-08,11894.061848000001,11.0,11.0,5318.4636363636355,0.0,0.0,1.0,0.0,28.0,Fear
0x420ab45e0bd8863569a5efbb9c05d91f40624641,2025-03-11,9461.082288,61.0,3.0,2446.7424590163932,0.0,0.0,0.04918032786885246,0.0,24.0,Extreme Fear
0x420ab45e0bd8863569a5efbb9c05d91f40624641,2025-03-14,16017.255710000001,8.0,8.0,1201.78,0.0,0.0,1.0,0.0,27.0,Fear
0x420ab45e0bd8863569a5efbb9c05d91f40624641,2025-03-15,74293.66350500002,25.0,25.0,3134.3723999999997,0.0,0.0,1.0,0.0,46.0,Neutral
0x420ab45e0bd8863569a5efbb9c05d91f40624641,2025-03-18,63015.976505000006,5.0,5.0,22996.97,0.0,0.0,1.0,0.0,34.0,Fear
0x420ab45e0bd8863569a5efbb9c05d91f40624641,2025-03-19,0.0,58.0,0.0,5839.154827586208,21.0,0.0,0.0,21000000000.0,32.0,Fear
0x420ab45e0bd8863569a5efbb9c05d91f40624641,2025-03-25,0.0,11.0,0.0,9047.907272727272,0.0,0.0,0.0,0.0,46.0,Neutral
0x420ab45e0bd8863569a5efbb9c05d91f40624641,2025-04-10,8720.984285999999,11.0,11.0,4002.4445454545453,0.0,0.0,1.0,0.0,39.0,Fear
0x430f09841d65beb3f27765503d0f850b8bce7713,2024-04-20,0.0,20.0,0.0,2436.6825,20.0,0.0,0.0,20000000000.0,66.0,Greed
0x430f09841d65beb3f27765503d0f850b8bce7713,2024-04-25,0.0,68.0,0.0,753.8510294117646,68.0,0.0,0.0,67999999999.99999,72.0,Greed
0x430f09841d65beb3f27765503d0f850b8bce7713,2024-06-19,0.0,3.0,0.0,7722.796666666668,0.0,0.0,0.0,0.0,64.0,Greed
0x430f09841d65beb3f27765503d0f850b8bce7713,2024-06-20,57478.45602599999,8.0,8.0,21188.46875,0.0,0.0,1.0,0.0,60.0,Greed
0x430f09841d65beb3f27765503d0f850b8bce7713,2024-07-23,88084.992348,229.0,229.0,1072.2595633187773,0.0,0.0,1.0,0.0,71.0,Greed
0x430f09841d65beb3f27765503d0f850b8bce7713,2024-07-24,0.0,2.0,0.0,0.335,0.0,0.0,0.0,0.0,69.0,Greed
0x430f09841d65beb3f27765503d0f850b8bce7713,2024-07-25,0.0,1.0,0.0,0.94,0.0,0.0,0.0,0.0,68.0,Greed
0x430f09841d65beb3f27765503d0f850b8bce7713,2024-08-09,0.0,1.0,0.0,0.12,0.0,0.0,0.0,0.0,48.0,Neutral
0x430f09841d65beb3f27765503d0f850b8bce7713,2024-08-10,0.0,1.0,0.0,0.68,0.0,0.0,0.0,0.0,40.0,Fear
0x430f09841d65beb3f27765503d0f850b8bce7713,2024-08-12,0.0,1.0,0.0,0.61,0.0,0.0,0.0,0.0,25.0,Fear
0x430f09841d65beb3f27765503d0f850b8bce7713,2024-08-13,0.0,1.0,0.0,0.67,0.0,0.0,0.0,0.0,31.0,Fear
0x430f09841d65beb3f27765503d0f850b8bce7713,2024-08-14,0.0,1.0,0.0,0.53,0.0,0.0,0.0,0.0,30.0,Fear
0x430f09841d65beb3f27765503d0f850b8bce7713,2024-08-30,0.0,1.0,0.0,0.62,0.0,0.0,0.0,0.0,34.0,Fear
0x430f09841d65beb3f27765503d0f850b8bce7713,2024-08-31,0.0,1.0,0.0,0.96,0.0,0.0,0.0,0.0,29.0,Fear
0x430f09841d65beb3f27765503d0f850b8bce7713,2024-09-11,0.0,1.0,0.0,0.54,0.0,0.0,0.0,0.0,37.0,Fear
0x430f09841d65beb3f27765503d0f850b8bce7713,2024-09-14,0.0,1.0,0.0,0.65,0.0,0.0,0.0,0.0,50.0,Neutral
0x430f09841d65beb3f27765503d0f850b8bce7713,2024-09-21,36165.56933,23.0,23.0,7202.092173913044,0.0,0.0,1.0,0.0,54.0,Neutral
0x430f09841d65beb3f27765503d0f850b8bce7713,2024-10-05,0.0,1.0,0.0,0.61,0.0,0.0,0.0,0.0,49.0,Neutral
0x430f09841d65beb3f27765503d0f850b8bce7713,2024-10-11,0.0,1.0,0.0,0.73,0.0,0.0,0.0,0.0,32.0,Fear
0x430f09841d65beb3f27765503d0f850b8bce7713,2024-11-29,124284.948775,15.0,15.0,8285.689333333334,0.0,15.0,1.0,0.0,78.0,Extreme Greed
0x430f09841d65beb3f27765503d0f850b8bce7713,2025-02-07,5615.052102,93.0,24.0,4485.160645161291,0.0,0.0,0.25806451612903225,0.0,44.0,Fear
0x430f09841d65beb3f27765503d0f850b8bce7713,2025-02-12,22795.8104,108.0,45.0,4261.555092592594,0.0,0.0,0.4166666666666667,0.0,46.0,Neutral
0x430f09841d65beb3f27765503d0f850b8bce7713,2025-02-21,82117.04336,255.0,255.0,1500.5277647058826,0.0,0.0,1.0,0.0,55.0,Greed
0x430f09841d65beb3f27765503d0f850b8bce7713,2025-04-09,0.0,79.0,0.0,5570.2651898734175,0.0,0.0,0.0,0.0,18.0,Extreme Fear
0x430f09841d65beb3f27765503d0f850b8bce7713,2025-04-16,0.0,78.0,0.0,1231.3267948717948,0.0,0.0,0.0,0.0,29.0,Fear
0x430f09841d65beb3f27765503d0f850b8bce7713,2025-04-18,0.0,58.0,0.0,1514.5613793103448,0.0,0.0,0.0,0.0,33.0,Fear
0x430f09841d65beb3f27765503d0f850b8bce7713,2025-04-26,0.0,132.0,0.0,838.0906060606061,0.0,0.0,0.0,0.0,65.0,Greed
0x430f09841d65beb3f27765503d0f850b8bce7713,2025-04-29,0.0,54.0,0.0,2655.1648148148147,0.0,0.0,0.0,0.0,60.0,Greed
0x47add9a56df66b524d5e2c1993a43cde53b6ed85,2024-11-30,8.570313,8.0,1.0,249.58375,7.0,1.0,0.125,6.999999992999999,84.0,Extreme Greed
0x47add9a56df66b524d5e2c1993a43cde53b6ed85,2024-12-01,197.422418,4.0,2.0,358.71500000000003,2.0,2.0,0.5,0.9999999995,81.0,Extreme Greed
0x47add9a56df66b524d5e2c1993a43cde53b6ed85,2024-12-03,30.727222,42.0,1.0,330.0188095238095,19.0,1.0,0.023809523809523808,18.999999981,76.0,Extreme Greed
0x47add9a56df66b524d5e2c1993a43cde53b6ed85,2024-12-04,910.584797,102.0,14.0,795.815294117647,10.0,1.0,0.13725490196078433,9.99999999,78.0,Extreme Greed
0x47add9a56df66b524d5e2c1993a43cde53b6ed85,2024-12-05,3174.023699,290.0,106.0,587.6594137931035,28.0,1.0,0.36551724137931035,27.999999971999998,84.0,Extreme Greed
0x47add9a56df66b524d5e2c1993a43cde53b6ed85,2024-12-06,514.886454,108.0,32.0,1009.2267592592593,23.0,0.0,0.2962962962962963,23000000000.0,72.0,Greed
0x47add9a56df66b524d5e2c1993a43cde53b6ed85,2024-12-07,1040.616939,180.0,63.0,580.1653888888889,9.0,0.0,0.35,9000000000.0,75.0,Extreme Greed
0x47add9a56df66b524d5e2c1993a43cde53b6ed85,2024-12-08,227.07215799999997,69.0,25.0,423.3769565217391,8.0,2.0,0.36231884057971014,3.999999998,79.0,Extreme Greed
0x47add9a56df66b524d5e2c1993a43cde53b6ed85,2024-12-09,311.290605,55.0,19.0,399.53854545454544,10.0,0.0,0.34545454545454546,10000000000.0,78.0,Extreme Greed
0x47add9a56df66b524d5e2c1993a43cde53b6ed85,2024-12-10,1474.6705979999997,182.0,67.0,512.0651098901099,41.0,8.0,0.36813186813186816,5.124999999359375,78.0,Extreme Greed
0x47add9a56df66b524d5e2c1993a43cde53b6ed85,2024-12-11,1157.6894889999999,325.0,109.0,307.6034769230769,2.0,0.0,0.3353846153846154,1999999999.9999998,74.0,Greed
0x47add9a56df66b524d5e2c1993a43cde53b6ed85,2024-12-12,574.3980740000001,159.0,46.0,458.388427672956,14.0,6.0,0.2893081761006289,2.3333333329444446,83.0,Extreme Greed
0x47add9a56df66b524d5e2c1993a43cde53b6ed85,2024-12-13,587.6305039999999,148.0,52.0,573.9341216216217,6.0,0.0,0.35135135135135137,6000000000.0,76.0,Extreme Greed
0x47add9a56df66b524d5e2c1993a43cde53b6ed85,2024-12-14,1178.0210609999997,62.0,28.0,488.356935483871,5.0,4.0,0.45161290322580644,1.2499999996875,83.0,Extreme Greed
0x47add9a56df66b524d5e2c1993a43cde53b6ed85,2024-12-15,10303.889423,181.0,73.0,622.4760773480663,71.0,56.0,0.40331491712707185,1.2678571428345027,80.0,Extreme Greed
0x47add9a56df66b524d5e2c1993a43cde53b6ed85,2024-12-16,333.39820900000007,92.0,27.0,574.7419565217391,11.0,5.0,0.29347826086956524,2.19999999956,83.0,Extreme Greed
0x47add9a56df66b524d5e2c1993a43cde53b6ed85,2024-12-17,21172.081621999998,396.0,116.0,327.79242424242426,85.0,77.0,0.29292929292929293,1.1038961038817676,87.0,Extreme Greed
0x47add9a56df66b524d5e2c1993a43cde53b6ed85,2024-12-18,3311.822419,226.0,47.0,380.76508849557524,78.0,43.0,0.2079646017699115,1.8139534883299082,81.0,Extreme Greed
0x47add9a56df66b524d5e2c1993a43cde53b6ed85,2024-12-19,3491.0185439999996,135.0,63.0,427.78651851851856,33.0,29.0,0.4666666666666667,1.1379310344435196,75.0,Extreme Greed
0x47add9a56df66b524d5e2c1993a43cde53b6ed85,2024-12-20,6049.6938279999995,128.0,54.0,718.2674218750001,36.0,30.0,0.421875,1.19999999996,74.0,Greed
0x47add9a56df66b524d5e2c1993a43cde53b6ed85,2024-12-21,7454.276452,229.0,86.0,475.05449781659394,34.0,53.0,0.37554585152838427,0.6415094339501602,73.0,Greed
0x47add9a56df66b524d5e2c1993a43cde53b6ed85,2024-12-22,1063.854341,102.0,30.0,441.93284313725496,8.0,1.0,0.29411764705882354,7.999999991999999,73.0,Greed
0x47add9a56df66b524d5e2c1993a43cde53b6ed85,2024-12-23,4704.442079,486.0,193.0,478.66473251028805,68.0,73.0,0.39711934156378603,0.9315068493023081,70.0,Greed
0x47add9a56df66b524d5e2c1993a43cde53b6ed85,2024-12-24,1506.989241,121.0,51.0,393.0482644628099,10.0,14.0,0.4214876033057851,0.7142857142346939,73.0,Greed
0x47add9a56df66b524d5e2c1993a43cde53b6ed85,2024-12-25,271.24680900000004,99.0,30.0,434.2566666666668,7.0,2.0,0.30303030303030304,3.49999999825,73.0,Greed
0x47add9a56df66b524d5e2c1993a43cde53b6ed85,2024-12-26,9136.439891999999,160.0,56.0,875.6657499999999,20.0,36.0,0.35,0.5555555555401235,79.0,Extreme Greed
0x47add9a56df66b524d5e2c1993a43cde53b6ed85,2024-12-27,1473.2450880000001,115.0,70.0,439.5926086956522,3.0,9.0,0.6086956521739131,0.3333333332962963,74.0,Greed
0x47add9a56df66b524d5e2c1993a43cde53b6ed85,2024-12-28,74.156745,43.0,10.0,286.27116279069764,0.0,0.0,0.23255813953488372,0.0,72.0,Greed
0x47add9a56df66b524d5e2c1993a43cde53b6ed85,2024-12-29,1609.679253,92.0,39.0,473.0703260869565,9.0,4.0,0.42391304347826086,2.2499999994375,73.0,Greed
0x47add9a56df66b524d5e2c1993a43cde53b6ed85,2024-12-30,240.74915500000003,59.0,30.0,530.9594915254236,3.0,0.0,0.5084745762711864,3000000000.0,65.0,Greed
0x47add9a56df66b524d5e2c1993a43cde53b6ed85,2024-12-31,97.68816899999999,99.0,7.0,541.9542424242425,16.0,1.0,0.0707070707070707,15.999999983999999,64.0,Greed
0x47add9a56df66b524d5e2c1993a43cde53b6ed85,2025-01-01,17.784696,16.0,3.0,632.90125,4.0,0.0,0.1875,3999999999.9999995,66.0,Greed
0x47add9a56df66b524d5e2c1993a43cde53b6ed85,2025-01-02,677.276764,90.0,43.0,548.5241111111111,4.0,16.0,0.4777777777777778,0.249999999984375,70.0,Greed
0x47add9a56df66b524d5e2c1993a43cde53b6ed85,2025-01-03,846.655814,102.0,24.0,321.5754901960783,7.0,0.0,0.23529411764705882,7000000000.0,74.0,Greed
0x47add9a56df66b524d5e2c1993a43cde53b6ed85,2025-01-04,73.45167500000002,57.0,15.0,628.7080701754386,5.0,1.0,0.2631578947368421,4.999999995,73.0,Greed
0x47add9a56df66b524d5e2c1993a43cde53b6ed85,2025-01-05,8.594753,38.0,4.0,439.9673684210527,0.0,3.0,0.10526315789473684,0.0,72.0,Greed
0x47add9a56df66b524d5e2c1993a43cde53b6ed85,2025-01-06,559.643925,84.0,17.0,414.9460714285714,3.0,8.0,0.20238095238095238,0.374999999953125,76.0,Extreme Greed
0x47add9a56df66b524d5e2c1993a43cde53b6ed85,2025-01-07,289.257865,40.0,31.0,1311.98475,1.0,5.0,0.775,0.19999999996,78.0,Extreme Greed
0x47add9a56df66b524d5e2c1993a43cde53b6ed85,2025-01-08,1377.9895920000001,187.0,59.0,524.9171122994652,34.0,19.0,0.3155080213903743,1.7894736841163434,70.0,Greed
0x47add9a56df66b524d5e2c1993a43cde53b6ed85,2025-01-09,279.587921,95.0,18.0,498.5522105263157,15.0,7.0,0.18947368421052632,2.1428571425510206,69.0,Greed
0x47add9a56df66b524d5e2c1993a43cde53b6ed85,2025-01-10,-271.25994299999996,97.0,26.0,586.3769072164948,7.0,6.0,0.26804123711340205,1.1666666664722223,50.0,Neutral
0x47add9a56df66b524d5e2c1993a43cde53b6ed85,2025-01-11,71.390758,39.0,7.0,484.43128205128204,1.0,3.0,0.1794871794871795,0.3333333332222222,69.0,Greed
0x47add9a56df66b524d5e2c1993a43cde53b6ed85,2025-01-12,103.67729899999999,44.0,6.0,282.00999999999993,0.0,0.0,0.13636363636363635,0.0,62.0,Greed
0x47add9a56df66b524d5e2c1993a43cde53b6ed85,2025-01-13,218.429393,67.0,8.0,540.2710447761194,16.0,3.0,0.11940298507462686,5.333333331555555,61.0,Greed
0x47add9a56df66b524d5e2c1993a43cde53b6ed85,2025-01-14,992.803005,79.0,25.0,484.3945569620252,0.0,0.0,0.31645569620253167,0.0,63.0,Greed
0x47add9a56df66b524d5e2c1993a43cde53b6ed85,2025-01-15,361.15585300000004,72.0,27.0,792.0838888888889,0.0,10.0,0.375,0.0,70.0,Greed
0x47add9a56df66b524d5e2c1993a43cde53b6ed85,2025-01-16,319.22369499999996,88.0,23.0,467.34545454545446,0.0,3.0,0.26136363636363635,0.0,75.0,Extreme Greed
0x47add9a56df66b524d5e2c1993a43cde53b6ed85,2025-01-17,498.16985999999997,50.0,25.0,558.7280000000001,0.0,3.0,0.5,0.0,75.0,Extreme Greed
0x47add9a56df66b524d5e2c1993a43cde53b6ed85,2025-01-18,307.10504599999996,34.0,17.0,583.8729411764706,0.0,0.0,0.5,0.0,77.0,Extreme Greed
0x47add9a56df66b524d5e2c1993a43cde53b6ed85,2025-01-19,541.742729,27.0,10.0,855.0277777777779,2.0,0.0,0.37037037037037035,1999999999.9999998,77.0,Extreme Greed
0x47add9a56df66b524d5e2c1993a43cde53b6ed85,2025-01-20,2262.9444500000004,66.0,37.0,1131.505303030303,6.0,0.0,0.5606060606060606,6000000000.0,76.0,Extreme Greed
0x47add9a56df66b524d5e2c1993a43cde53b6ed85,2025-01-21,287.821918,13.0,6.0,645.5361538461538,0.0,0.0,0.46153846153846156,0.0,76.0,Extreme Greed
0x47add9a56df66b524d5e2c1993a43cde53b6ed85,2025-01-22,2867.613889,98.0,35.0,587.97,5.0,17.0,0.35714285714285715,0.2941176470415225,84.0,Extreme Greed
0x47add9a56df66b524d5e2c1993a43cde53b6ed85,2025-01-23,420.491149,26.0,12.0,501.1599999999999,3.0,0.0,0.46153846153846156,3000000000.0,75.0,Extreme Greed
0x47add9a56df66b524d5e2c1993a43cde53b6ed85,2025-01-24,553.5255989999999,40.0,18.0,583.8389999999999,0.0,3.0,0.45,0.0,75.0,Extreme Greed
0x47add9a56df66b524d5e2c1993a43cde53b6ed85,2025-01-25,416.14857599999993,36.0,20.0,607.7458333333334,0.0,1.0,0.5555555555555556,0.0,75.0,Extreme Greed
0x47add9a56df66b524d5e2c1993a43cde53b6ed85,2025-01-26,535.938645,18.0,16.0,586.3983333333334,2.0,13.0,0.8888888888888888,0.15384615383431952,73.0,Greed
0x47add9a56df66b524d5e2c1993a43cde53b6ed85,2025-01-27,1295.825632,83.0,34.0,600.490361445783,19.0,3.0,0.40963855421686746,6.333333331222222,71.0,Greed
0x47add9a56df66b524d5e2c1993a43cde53b6ed85,2025-01-28,475.702642,43.0,27.0,577.7765116279069,2.0,24.0,0.627906976744186,0.0833333333298611,72.0,Greed
0x47add9a56df66b524d5e2c1993a43cde53b6ed85,2025-01-29,41.935052,14.0,3.0,446.21642857142854,2.0,0.0,0.21428571428571427,1999999999.9999998,72.0,Greed
0x47add9a56df66b524d5e2c1993a43cde53b6ed85,2025-01-30,783.8293170000001,44.0,19.0,634.8495454545455,1.0,13.0,0.4318181818181818,0.07692307691715976,70.0,Greed
0x47add9a56df66b524d5e2c1993a43cde53b6ed85,2025-01-31,488.58224099999995,57.0,23.0,426.12614035087717,1.0,5.0,0.40350877192982454,0.19999999996,76.0,Extreme Greed
0x47add9a56df66b524d5e2c1993a43cde53b6ed85,2025-02-01,526.4482089999999,33.0,23.0,490.5812121212121,1.0,0.0,0.696969696969697,999999999.9999999,68.0,Greed
0x47add9a56df66b524d5e2c1993a43cde53b6ed85,2025-02-02,-782.6517170000001,108.0,27.0,475.5567592592593,25.0,1.0,0.25,24.999999974999998,60.0,Greed
0x47add9a56df66b524d5e2c1993a43cde53b6ed85,2025-02-03,2440.916534,182.0,73.0,633.5157142857144,12.0,18.0,0.4010989010989011,0.6666666666296296,44.0,Fear
0x47add9a56df66b524d5e2c1993a43cde53b6ed85,2025-02-04,874.3810560000001,34.0,16.0,389.9655882352941,4.0,2.0,0.47058823529411764,1.999999999,72.0,Greed
0x47add9a56df66b524d5e2c1993a43cde53b6ed85,2025-02-05,32.72269,3.0,1.0,431.90000000000003,0.0,0.0,0.3333333333333333,0.0,54.0,Neutral
0x47add9a56df66b524d5e2c1993a43cde53b6ed85,2025-02-06,922.6724320000001,63.0,15.0,414.61682539682533,10.0,5.0,0.23809523809523808,1.9999999996,49.0,Neutral
0x47add9a56df66b524d5e2c1993a43cde53b6ed85,2025-02-07,126.11297599999999,17.0,14.0,288.2288235294118,0.0,0.0,0.8235294117647058,0.0,44.0,Fear
0x47add9a56df66b524d5e2c1993a43cde53b6ed85,2025-02-08,78.902492,22.0,5.0,532.6045454545455,9.0,0.0,0.22727272727272727,9000000000.0,44.0,Fear
0x47add9a56df66b524d5e2c1993a43cde53b6ed85,2025-02-09,378.02795399999997,29.0,22.0,352.76931034482755,0.0,0.0,0.7586206896551724,0.0,46.0,Neutral
0x47add9a56df66b524d5e2c1993a43cde53b6ed85,2025-02-10,4.42722,6.0,2.0,521.32,0.0,0.0,0.3333333333333333,0.0,43.0,Fear
0x47add9a56df66b524d5e2c1993a43cde53b6ed85,2025-02-11,314.918282,17.0,7.0,456.2617647058824,3.0,2.0,0.4117647058823529,1.49999999925,47.0,Neutral
0x47add9a56df66b524d5e2c1993a43cde53b6ed85,2025-02-12,117.09923500000001,5.0,4.0,661.658,0.0,0.0,0.8,0.0,46.0,Neutral
0x47add9a56df66b524d5e2c1993a43cde53b6ed85,2025-02-13,534.854304,47.0,27.0,383.71595744680855,1.0,14.0,0.574468085106383,0.07142857142346938,50.0,Neutral
0x47add9a56df66b524d5e2c1993a43cde53b6ed85,2025-02-14,-10.63068999999993,47.0,32.0,315.58212765957444,0.0,23.0,0.6808510638297872,0.0,48.0,Neutral
0x47add9a56df66b524d5e2c1993a43cde53b6ed85,2025-02-15,231.07204000000002,21.0,5.0,367.2038095238096,8.0,0.0,0.23809523809523808,7999999999.999999,50.0,Neutral
0x47add9a56df66b524d5e2c1993a43cde53b6ed85,2025-02-16,278.922501,41.0,17.0,396.6439024390244,0.0,0.0,0.4146341463414634,0.0,54.0,Neutral
0x47add9a56df66b524d5e2c1993a43cde53b6ed85,2025-02-17,19.482564999999997,13.0,5.0,392.2353846153846,3.0,0.0,0.38461538461538464,3000000000.0,51.0,Neutral
0x47add9a56df66b524d5e2c1993a43cde53b6ed85,2025-02-18,336.64107,54.0,20.0,415.7527777777778,8.0,4.0,0.37037037037037035,1.9999999995,47.0,Neutral
0x47add9a56df66b524d5e2c1993a43cde53b6ed85,2025-02-19,89.26119700000001,22.0,6.0,303.9009090909091,5.0,2.0,0.2727272727272727,2.49999999875,44.0,Fear
0x47add9a56df66b524d5e2c1993a43cde53b6ed85,2025-02-20,168.023469,13.0,11.0,378.7576923076923,0.0,0.0,0.8461538461538461,0.0,49.0,Neutral
0x47add9a56df66b524d5e2c1993a43cde53b6ed85,2025-02-21,165.776644,15.0,11.0,301.5906666666667,0.0,1.0,0.7333333333333333,0.0,55.0,Greed
0x47add9a56df66b524d5e2c1993a43cde53b6ed85,2025-02-22,31.523152,18.0,2.0,343.5366666666667,0.0,0.0,0.1111111111111111,0.0,49.0,Neutral
0x47add9a56df66b524d5e2c1993a43cde53b6ed85,2025-02-23,122.057796,7.0,5.0,369.99285714285725,0.0,0.0,0.7142857142857143,0.0,50.0,Neutral
0x47add9a56df66b524d5e2c1993a43cde53b6ed85,2025-02-24,437.1854579999999,29.0,11.0,543.7444827586207,3.0,0.0,0.3793103448275862,3000000000.0,49.0,Neutral
0x47add9a56df66b524d5e2c1993a43cde53b6ed85,2025-02-25,3455.5848560000004,190.0,70.0,512.5179473684211,7.0,0.0,0.3684210526315789,7000000000.0,25.0,Fear
0x47add9a56df66b524d5e2c1993a43cde53b6ed85,2025-02-26,-200.798196,28.0,3.0,603.3185714285715,0.0,0.0,0.10714285714285714,0.0,21.0,Extreme Fear
0x47add9a56df66b524d5e2c1993a43cde53b6ed85,2025-02-27,-195.841458,18.0,1.0,330.11833333333334,0.0,0.0,0.05555555555555555,0.0,10.0,Extreme Fear
0x47add9a56df66b524d5e2c1993a43cde53b6ed85,2025-02-28,933.1705380000001,71.0,26.0,514.1759154929579,0.0,0.0,0.36619718309859156,0.0,16.0,Extreme Fear
0x47add9a56df66b524d5e2c1993a43cde53b6ed85,2025-03-01,109.593094,27.0,12.0,617.1918518518519,0.0,0.0,0.4444444444444444,0.0,20.0,Extreme Fear
0x47add9a56df66b524d5e2c1993a43cde53b6ed85,2025-03-02,349.120926,21.0,8.0,1106.6938095238095,1.0,0.0,0.38095238095238093,999999999.9999999,26.0,Fear
0x47add9a56df66b524d5e2c1993a43cde53b6ed85,2025-03-03,376.017126,33.0,12.0,591.2160606060606,0.0,0.0,0.36363636363636365,0.0,33.0,Fear
0x47add9a56df66b524d5e2c1993a43cde53b6ed85,2025-03-04,444.266681,32.0,7.0,502.82343749999995,14.0,0.0,0.21875,14000000000.0,15.0,Extreme Fear
0x47add9a56df66b524d5e2c1993a43cde53b6ed85,2025-03-05,423.183256,21.0,6.0,550.0914285714287,7.0,0.0,0.2857142857142857,7000000000.0,20.0,Extreme Fear
0x47add9a56df66b524d5e2c1993a43cde53b6ed85,2025-03-06,102.92652000000001,12.0,6.0,742.9966666666666,1.0,0.0,0.5,999999999.9999999,25.0,Fear
0x47add9a56df66b524d5e2c1993a43cde53b6ed85,2025-03-07,781.6705509999999,62.0,16.0,463.668064516129,26.0,1.0,0.25806451612903225,25.999999973999998,34.0,Fear
0x47add9a56df66b524d5e2c1993a43cde53b6ed85,2025-03-08,119.3611,31.0,7.0,449.9274193548388,0.0,0.0,0.22580645161290322,0.0,28.0,Fear
0x47add9a56df66b524d5e2c1993a43cde53b6ed85,2025-03-09,0.0,8.0,0.0,827.6537500000001,2.0,0.0,0.0,1999999999.9999998,27.0,Fear
0x47add9a56df66b524d5e2c1993a43cde53b6ed85,2025-03-10,0.0,16.0,0.0,734.356875,1.0,0.0,0.0,999999999.9999999,20.0,Extreme Fear
0x47add9a56df66b524d5e2c1993a43cde53b6ed85,2025-03-11,266.83711100000005,32.0,4.0,504.60375,6.0,0.0,0.125,6000000000.0,24.0,Extreme Fear
0x47add9a56df66b524d5e2c1993a43cde53b6ed85,2025-03-12,78.714444,7.0,3.0,738.5457142857142,0.0,0.0,0.42857142857142855,0.0,34.0,Fear
0x47add9a56df66b524d5e2c1993a43cde53b6ed85,2025-03-13,-1.2672399999999993,9.0,2.0,364.46555555555557,5.0,0.0,0.2222222222222222,5000000000.0,45.0,Neutral
0x47add9a56df66b524d5e2c1993a43cde53b6ed85,2025-03-15,202.313183,36.0,30.0,837.456111111111,0.0,0.0,0.8333333333333334,0.0,46.0,Neutral
0x47add9a56df66b524d5e2c1993a43cde53b6ed85,2025-03-16,-6.342484000000001,7.0,2.0,569.8328571428572,0.0,0.0,0.2857142857142857,0.0,30.0,Fear
0x47add9a56df66b524d5e2c1993a43cde53b6ed85,2025-03-17,-31.277088,3.0,0.0,705.3433333333334,0.0,0.0,0.0,0.0,32.0,Fear
0x47add9a56df66b524d5e2c1993a43cde53b6ed85,2025-03-19,-2.8135689999999993,12.0,2.0,485.3908333333333,0.0,0.0,0.16666666666666666,0.0,32.0,Fear
0x47add9a56df66b524d5e2c1993a43cde53b6ed85,2025-03-20,-147.78931200000002,20.0,14.0,769.2384999999999,0.0,3.0,0.7,0.0,49.0,Neutral
0x47add9a56df66b524d5e2c1993a43cde53b6ed85,2025-03-21,39.1247,6.0,2.0,494.46000000000004,0.0,0.0,0.3333333333333333,0.0,31.0,Fear
0x47add9a56df66b524d5e2c1993a43cde53b6ed85,2025-03-22,-1184.046158,11.0,0.0,340.78363636363633,0.0,11.0,0.0,0.0,32.0,Fear
0x47add9a56df66b524d5e2c1993a43cde53b6ed85,2025-03-23,0.0,2.0,0.0,374.475,0.0,0.0,0.0,0.0,30.0,Fear
0x47add9a56df66b524d5e2c1993a43cde53b6ed85,2025-03-24,-216.43170300000003,25.0,10.0,545.196,0.0,2.0,0.4,0.0,45.0,Neutral
0x47add9a56df66b524d5e2c1993a43cde53b6ed85,2025-03-25,87.95347999999998,3.0,1.0,377.80999999999995,0.0,0.0,0.3333333333333333,0.0,46.0,Neutral
0x47add9a56df66b524d5e2c1993a43cde53b6ed85,2025-03-26,69.285,3.0,1.0,749.9666666666667,2.0,0.0,0.3333333333333333,1999999999.9999998,47.0,Neutral
0x47add9a56df66b524d5e2c1993a43cde53b6ed85,2025-03-30,0.0,3.0,0.0,250.07333333333335,3.0,0.0,0.0,3000000000.0,32.0,Fear
0x47add9a56df66b524d5e2c1993a43cde53b6ed85,2025-03-31,798.187528,16.0,5.0,471.55499999999995,0.0,0.0,0.3125,0.0,34.0,Fear
0x47add9a56df66b524d5e2c1993a43cde53b6ed85,2025-04-01,-680.2874629999999,19.0,6.0,247.43947368421058,0.0,10.0,0.3157894736842105,0.0,34.0,Fear
0x47add9a56df66b524d5e2c1993a43cde53b6ed85,2025-04-02,93.006465,4.0,3.0,405.9275,0.0,0.0,0.75,0.0,44.0,Fear
0x47add9a56df66b524d5e2c1993a43cde53b6ed85,2025-04-03,7.052034,14.0,2.0,635.2357142857144,2.0,0.0,0.14285714285714285,1999999999.9999998,25.0,Fear
0x47add9a56df66b524d5e2c1993a43cde53b6ed85,2025-04-04,0.0,2.0,0.0,874.78,1.0,0.0,0.0,999999999.9999999,28.0,Fear
0x47add9a56df66b524d5e2c1993a43cde53b6ed85,2025-04-05,-132.88134,25.0,10.0,586.6572,0.0,0.0,0.4,0.0,30.0,Fear
0x47add9a56df66b524d5e2c1993a43cde53b6ed85,2025-04-06,-1400.5515480000001,15.0,4.0,661.3813333333334,0.0,2.0,0.26666666666666666,0.0,34.0,Fear
0x47add9a56df66b524d5e2c1993a43cde53b6ed85,2025-04-07,-5651.552238,48.0,7.0,569.6545833333333,0.0,14.0,0.14583333333333334,0.0,23.0,Extreme Fear
0x47add9a56df66b524d5e2c1993a43cde53b6ed85,2025-04-08,-6745.027413999999,42.0,11.0,700.9559523809525,2.0,17.0,0.2619047619047619,0.117647058816609,24.0,Extreme Fear
0x47add9a56df66b524d5e2c1993a43cde53b6ed85,2025-04-09,-3911.273892,56.0,26.0,638.1583928571428,0.0,17.0,0.4642857142857143,0.0,18.0,Extreme Fear
0x47add9a56df66b524d5e2c1993a43cde53b6ed85,2025-04-10,258.032458,21.0,8.0,520.317619047619,7.0,1.0,0.38095238095238093,6.999999992999999,39.0,Fear
0x47add9a56df66b524d5e2c1993a43cde53b6ed85,2025-04-11,608.246567,28.0,17.0,378.8592857142857,3.0,2.0,0.6071428571428571,1.49999999925,25.0,Fear
0x47add9a56df66b524d5e2c1993a43cde53b6ed85,2025-04-12,3105.9202689999997,41.0,24.0,550.1919512195121,4.0,3.0,0.5853658536585366,1.3333333328888888,43.0,Fear
0x47add9a56df66b524d5e2c1993a43cde53b6ed85,2025-04-13,490.32631200000003,26.0,10.0,601.84,12.0,0.0,0.38461538461538464,12000000000.0,45.0,Neutral
0x47add9a56df66b524d5e2c1993a43cde53b6ed85,2025-04-14,263.769257,7.0,5.0,377.75428571428574,2.0,0.0,0.7142857142857143,1999999999.9999998,31.0,Fear
0x47add9a56df66b524d5e2c1993a43cde53b6ed85,2025-04-16,17.022667,11.0,3.0,768.989090909091,4.0,0.0,0.2727272727272727,3999999999.9999995,29.0,Fear
0x47add9a56df66b524d5e2c1993a43cde53b6ed85,2025-04-17,169.675835,29.0,15.0,456.53827586206893,7.0,8.0,0.5172413793103449,0.874999999890625,30.0,Fear
0x47add9a56df66b524d5e2c1993a43cde53b6ed85,2025-04-19,64.128219,2.0,2.0,375.075,0.0,2.0,1.0,0.0,32.0,Fear
0x47add9a56df66b524d5e2c1993a43cde53b6ed85,2025-04-20,12.652267000000005,21.0,11.0,580.8100000000001,5.0,2.0,0.5238095238095238,2.49999999875,37.0,Fear
0x47add9a56df66b524d5e2c1993a43cde53b6ed85,2025-04-21,-2.1503300000000003,12.0,5.0,249.97833333333332,1.0,0.0,0.4166666666666667,999999999.9999999,39.0,Fear
0x47add9a56df66b524d5e2c1993a43cde53b6ed85,2025-04-22,-282.266207,14.0,1.0,343.83357142857136,0.0,0.0,0.07142857142857142,0.0,47.0,Neutral
0x47add9a56df66b524d5e2c1993a43cde53b6ed85,2025-04-23,511.72034299999996,45.0,16.0,336.5462222222222,9.0,6.0,0.35555555555555557,1.49999999975,72.0,Greed
0x47add9a56df66b524d5e2c1993a43cde53b6ed85,2025-04-24,350.89663800000005,24.0,6.0,396.0429166666666,6.0,1.0,0.25,5.9999999939999995,63.0,Greed
0x47add9a56df66b524d5e2c1993a43cde53b6ed85,2025-04-25,0.0,7.0,0.0,392.83714285714285,3.0,0.0,0.0,3000000000.0,60.0,Greed
0x47add9a56df66b524d5e2c1993a43cde53b6ed85,2025-04-26,147.607393,18.0,4.0,288.91611111111115,4.0,0.0,0.2222222222222222,3999999999.9999995,65.0,Greed
0x47add9a56df66b524d5e2c1993a43cde53b6ed85,2025-04-27,361.183441,13.0,9.0,370.71153846153845,1.0,2.0,0.6923076923076923,0.49999999975,61.0,Greed
0x47add9a56df66b524d5e2c1993a43cde53b6ed85,2025-04-28,146.420556,9.0,8.0,360.8011111111111,0.0,3.0,0.8888888888888888,0.0,54.0,Neutral
0x47add9a56df66b524d5e2c1993a43cde53b6ed85,2025-04-29,30.495403,7.0,1.0,356.97142857142853,0.0,1.0,0.14285714285714285,0.0,60.0,Greed
0x47add9a56df66b524d5e2c1993a43cde53b6ed85,2025-05-01,37.385304,7.0,1.0,299.0128571428572,0.0,0.0,0.14285714285714285,0.0,53.0,Neutral
0x4acb90e786d897ecffb614dc822eb231b4ffb9f4,2024-12-14,0.0,1.0,0.0,24979.8,1.0,0.0,0.0,999999999.9999999,83.0,Extreme Greed
0x4acb90e786d897ecffb614dc822eb231b4ffb9f4,2024-12-19,7440.638159,89.0,36.0,5090.390786516854,0.0,0.0,0.4044943820224719,0.0,75.0,Extreme Greed
0x4acb90e786d897ecffb614dc822eb231b4ffb9f4,2024-12-20,53635.529649000004,238.0,99.0,9628.82474789916,0.0,9.0,0.41596638655462187,0.0,74.0,Greed
0x4acb90e786d897ecffb614dc822eb231b4ffb9f4,2024-12-27,357.346725,18.0,9.0,7190.583333333332,0.0,0.0,0.5,0.0,74.0,Greed
0x4acb90e786d897ecffb614dc822eb231b4ffb9f4,2024-12-30,2227.1865900000007,38.0,25.0,6536.572105263158,0.0,0.0,0.6578947368421053,0.0,65.0,Greed
0x4acb90e786d897ecffb614dc822eb231b4ffb9f4,2025-01-08,0.0,139.0,0.0,5040.074460431655,0.0,0.0,0.0,0.0,70.0,Greed
0x4acb90e786d897ecffb614dc822eb231b4ffb9f4,2025-01-09,35352.95374,96.0,56.0,7755.243541666667,0.0,0.0,0.5833333333333334,0.0,69.0,Greed
0x4acb90e786d897ecffb614dc822eb231b4ffb9f4,2025-01-10,2812.7685000000006,27.0,27.0,4195.841481481481,0.0,0.0,1.0,0.0,50.0,Neutral
0x4acb90e786d897ecffb614dc822eb231b4ffb9f4,2025-01-12,927.412681,390.0,390.0,830.1821794871795,0.0,0.0,1.0,0.0,62.0,Greed
0x4acb90e786d897ecffb614dc822eb231b4ffb9f4,2025-01-13,0.0,23.0,0.0,6845.160434782609,0.0,0.0,0.0,0.0,61.0,Greed
0x4acb90e786d897ecffb614dc822eb231b4ffb9f4,2025-01-16,13963.52,4.0,4.0,42850.549999999996,0.0,0.0,1.0,0.0,75.0,Extreme Greed
0x4acb90e786d897ecffb614dc822eb231b4ffb9f4,2025-01-19,1519.7698219999997,30.0,20.0,3916.7593333333334,0.0,0.0,0.6666666666666666,0.0,77.0,Extreme Greed
0x4acb90e786d897ecffb614dc822eb231b4ffb9f4,2025-01-20,-2427.873799,43.0,0.0,2596.646976744186,0.0,0.0,0.0,0.0,76.0,Extreme Greed
0x4acb90e786d897ecffb614dc822eb231b4ffb9f4,2025-02-20,0.0,13.0,0.0,1538.4553846153844,13.0,0.0,0.0,13000000000.0,49.0,Neutral
0x4acb90e786d897ecffb614dc822eb231b4ffb9f4,2025-02-24,856.47373,41.0,7.0,5876.914634146341,0.0,0.0,0.17073170731707318,0.0,49.0,Neutral
0x4acb90e786d897ecffb614dc822eb231b4ffb9f4,2025-02-25,11271.895074,215.0,114.0,5634.781581395349,0.0,0.0,0.5302325581395348,0.0,25.0,Fear
0x4acb90e786d897ecffb614dc822eb231b4ffb9f4,2025-02-26,22137.551237999996,50.0,50.0,8442.7216,0.0,0.0,1.0,0.0,21.0,Extreme Fear
0x4acb90e786d897ecffb614dc822eb231b4ffb9f4,2025-02-27,503.31943,12.0,4.0,8378.118333333334,0.0,0.0,0.3333333333333333,0.0,10.0,Extreme Fear
0x4acb90e786d897ecffb614dc822eb231b4ffb9f4,2025-02-28,22299.186494999998,89.0,72.0,14857.899887640451,0.0,0.0,0.8089887640449438,0.0,16.0,Extreme Fear
0x4acb90e786d897ecffb614dc822eb231b4ffb9f4,2025-03-03,0.0,19.0,0.0,10522.962631578948,0.0,0.0,0.0,0.0,33.0,Fear
0x4acb90e786d897ecffb614dc822eb231b4ffb9f4,2025-03-04,0.0,155.0,0.0,5549.306774193548,0.0,0.0,0.0,0.0,15.0,Extreme Fear
0x4acb90e786d897ecffb614dc822eb231b4ffb9f4,2025-03-06,5109.859504,15.0,5.0,9685.342,0.0,0.0,0.3333333333333333,0.0,25.0,Fear
0x4acb90e786d897ecffb614dc822eb231b4ffb9f4,2025-03-07,0.0,57.0,0.0,1755.7517543859651,0.0,0.0,0.0,0.0,34.0,Fear
0x4acb90e786d897ecffb614dc822eb231b4ffb9f4,2025-03-10,0.08712,114.0,1.0,5590.744561403508,0.0,0.0,0.008771929824561403,0.0,20.0,Extreme Fear
0x4acb90e786d897ecffb614dc822eb231b4ffb9f4,2025-03-11,0.0,84.0,0.0,3216.501666666667,0.0,0.0,0.0,0.0,24.0,Extreme Fear
0x4acb90e786d897ecffb614dc822eb231b4ffb9f4,2025-03-13,0.0,15.0,0.0,4349.66,0.0,0.0,0.0,0.0,45.0,Neutral
0x4acb90e786d897ecffb614dc822eb231b4ffb9f4,2025-03-20,4839.59228,195.0,151.0,3233.520923076923,0.0,0.0,0.7743589743589744,0.0,49.0,Neutral
0x4acb90e786d897ecffb614dc822eb231b4ffb9f4,2025-03-21,0.0,17.0,0.0,1470.5794117647058,0.0,0.0,0.0,0.0,31.0,Fear
0x4acb90e786d897ecffb614dc822eb231b4ffb9f4,2025-03-22,4350.379248,53.0,53.0,1308.6299999999999,0.0,0.0,1.0,0.0,32.0,Fear
0x4acb90e786d897ecffb614dc822eb231b4ffb9f4,2025-03-23,2897.148962,76.0,26.0,3986.6614473684203,0.0,0.0,0.34210526315789475,0.0,30.0,Fear
0x4acb90e786d897ecffb614dc822eb231b4ffb9f4,2025-03-24,48946.705539,185.0,185.0,6360.884432432433,0.0,0.0,1.0,0.0,45.0,Neutral
0x4acb90e786d897ecffb614dc822eb231b4ffb9f4,2025-03-25,30531.101,50.0,50.0,12797.315200000001,0.0,0.0,1.0,0.0,46.0,Neutral
0x4acb90e786d897ecffb614dc822eb231b4ffb9f4,2025-03-26,9261.449882,140.0,85.0,4924.360357142857,0.0,0.0,0.6071428571428571,0.0,47.0,Neutral
0x4acb90e786d897ecffb614dc822eb231b4ffb9f4,2025-03-29,314.6728,23.0,3.0,15232.22,0.0,0.0,0.13043478260869565,0.0,26.0,Fear
0x4acb90e786d897ecffb614dc822eb231b4ffb9f4,2025-03-30,5362.529221999999,21.0,21.0,12161.259047619047,0.0,0.0,1.0,0.0,32.0,Fear
0x4acb90e786d897ecffb614dc822eb231b4ffb9f4,2025-03-31,4750.810994,47.0,26.0,9463.057446808509,0.0,0.0,0.5531914893617021,0.0,34.0,Fear
0x4acb90e786d897ecffb614dc822eb231b4ffb9f4,2025-04-02,444.20519799999994,16.0,10.0,37473.885624999995,0.0,0.0,0.625,0.0,44.0,Fear
0x4acb90e786d897ecffb614dc822eb231b4ffb9f4,2025-04-03,0.0,60.0,0.0,16666.611,0.0,0.0,0.0,0.0,25.0,Fear
0x4acb90e786d897ecffb614dc822eb231b4ffb9f4,2025-04-04,0.0,51.0,0.0,8264.040980392158,0.0,0.0,0.0,0.0,28.0,Fear
0x4acb90e786d897ecffb614dc822eb231b4ffb9f4,2025-04-05,31134.240601999998,102.0,102.0,5175.765784313725,0.0,0.0,1.0,0.0,30.0,Fear
0x4acb90e786d897ecffb614dc822eb231b4ffb9f4,2025-04-06,0.0,103.0,0.0,5508.490970873787,0.0,0.0,0.0,0.0,34.0,Fear
0x4acb90e786d897ecffb614dc822eb231b4ffb9f4,2025-04-07,13642.628142999998,189.0,40.0,7781.819788359788,0.0,0.0,0.21164021164021163,0.0,23.0,Extreme Fear
0x4acb90e786d897ecffb614dc822eb231b4ffb9f4,2025-04-08,221.0,3.0,1.0,52275.0,0.0,0.0,0.3333333333333333,0.0,24.0,Extreme Fear
0x4acb90e786d897ecffb614dc822eb231b4ffb9f4,2025-04-09,107892.62706,290.0,137.0,17935.846448275865,0.0,0.0,0.4724137931034483,0.0,18.0,Extreme Fear
0x4acb90e786d897ecffb614dc822eb231b4ffb9f4,2025-04-10,84856.33533999999,222.0,80.0,26118.34243243243,0.0,0.0,0.36036036036036034,0.0,39.0,Fear
0x4acb90e786d897ecffb614dc822eb231b4ffb9f4,2025-04-11,122461.112004,74.0,74.0,24390.136216216215,0.0,0.0,1.0,0.0,25.0,Fear
0x4acb90e786d897ecffb614dc822eb231b4ffb9f4,2025-04-12,0.0,68.0,0.0,16878.26676470588,0.0,0.0,0.0,0.0,43.0,Fear
0x4acb90e786d897ecffb614dc822eb231b4ffb9f4,2025-04-14,21531.8321,76.0,56.0,26925.528815789472,0.0,0.0,0.7368421052631579,0.0,31.0,Fear
0x4acb90e786d897ecffb614dc822eb231b4ffb9f4,2025-04-15,0.0,51.0,0.0,3354.1174509803927,0.0,0.0,0.0,0.0,38.0,Fear
0x4acb90e786d897ecffb614dc822eb231b4ffb9f4,2025-04-16,3088.0,1.0,1.0,166444.0,0.0,0.0,1.0,0.0,29.0,Fear
0x4acb90e786d897ecffb614dc822eb231b4ffb9f4,2025-04-17,-110.0,6.0,0.0,28273.66666666667,0.0,0.0,0.0,0.0,30.0,Fear
0x4acb90e786d897ecffb614dc822eb231b4ffb9f4,2025-04-21,-681.2981900000002,23.0,0.0,30543.595652173917,0.0,0.0,0.0,0.0,39.0,Fear
0x4acb90e786d897ecffb614dc822eb231b4ffb9f4,2025-04-22,132.0,6.0,1.0,15215.498333333335,0.0,0.0,0.16666666666666666,0.0,47.0,Neutral
0x4acb90e786d897ecffb614dc822eb231b4ffb9f4,2025-04-23,2875.2301569999995,121.0,30.0,6709.732727272726,0.0,0.0,0.24793388429752067,0.0,72.0,Greed
0x4acb90e786d897ecffb614dc822eb231b4ffb9f4,2025-04-24,459.24741000000006,23.0,22.0,4407.6721739130435,0.0,0.0,0.9565217391304348,0.0,63.0,Greed
0x4acb90e786d897ecffb614dc822eb231b4ffb9f4,2025-04-25,0.0,3.0,0.0,63142.666666666664,0.0,0.0,0.0,0.0,60.0,Greed
0x4acb90e786d897ecffb614dc822eb231b4ffb9f4,2025-04-26,47.876234,41.0,41.0,6897.073170731707,0.0,0.0,1.0,0.0,65.0,Greed
0x4acb90e786d897ecffb614dc822eb231b4ffb9f4,2025-04-30,510.0,5.0,4.0,75258.0,0.0,0.0,0.8,0.0,56.0,Greed
0x4f93fead39b70a1824f981a54d4e55b278e9f760,2024-03-13,0.0,7.0,0.0,857.2571428571428,0.0,0.0,0.0,0.0,81.0,Extreme Greed
0x4f93fead39b70a1824f981a54d4e55b278e9f760,2024-03-14,65.480454,1.0,1.0,6066.28,0.0,0.0,1.0,0.0,88.0,Extreme Greed
0x4f93fead39b70a1824f981a54d4e55b278e9f760,2024-03-15,338.42832,8.0,1.0,3292.47625,0.0,0.0,0.125,0.0,83.0,Extreme Greed
0x4f93fead39b70a1824f981a54d4e55b278e9f760,2024-03-16,228.57984,6.0,1.0,4537.276666666667,0.0,0.0,0.16666666666666666,0.0,81.0,Extreme Greed
0x4f93fead39b70a1824f981a54d4e55b278e9f760,2024-03-17,429.683075,14.0,4.0,6218.810714285713,0.0,0.0,0.2857142857142857,0.0,79.0,Extreme Greed
0x4f93fead39b70a1824f981a54d4e55b278e9f760,2024-03-18,0.0,12.0,0.0,2833.491666666667,0.0,0.0,0.0,0.0,77.0,Extreme Greed
0x4f93fead39b70a1824f981a54d4e55b278e9f760,2024-03-19,0.0,4.0,0.0,2266.8775,0.0,0.0,0.0,0.0,79.0,Extreme Greed
0x4f93fead39b70a1824f981a54d4e55b278e9f760,2024-03-21,0.0,1.0,0.0,9744.18,0.0,0.0,0.0,0.0,78.0,Extreme Greed
0x4f93fead39b70a1824f981a54d4e55b278e9f760,2024-03-25,1302.916428,7.0,6.0,8159.4742857142855,0.0,0.0,0.8571428571428571,0.0,75.0,Extreme Greed
0x4f93fead39b70a1824f981a54d4e55b278e9f760,2024-03-26,20.599193,7.0,1.0,3426.6199999999994,0.0,0.0,0.14285714285714285,0.0,81.0,Extreme Greed
0x4f93fead39b70a1824f981a54d4e55b278e9f760,2024-03-27,189.19199999999998,27.0,12.0,3224.67037037037,0.0,0.0,0.4444444444444444,0.0,83.0,Extreme Greed
0x4f93fead39b70a1824f981a54d4e55b278e9f760,2024-03-28,0.0,3.0,0.0,6671.296666666666,0.0,0.0,0.0,0.0,80.0,Extreme Greed
0x4f93fead39b70a1824f981a54d4e55b278e9f760,2024-03-29,883.097404,15.0,6.0,5794.291333333335,0.0,0.0,0.4,0.0,79.0,Extreme Greed
0x4f93fead39b70a1824f981a54d4e55b278e9f760,2024-03-31,912.7861449999999,13.0,10.0,3070.2276923076915,0.0,0.0,0.7692307692307693,0.0,75.0,Extreme Greed
0x4f93fead39b70a1824f981a54d4e55b278e9f760,2024-04-01,0.840939,29.0,2.0,4654.808275862069,0.0,0.0,0.06896551724137931,0.0,79.0,Extreme Greed
0x4f93fead39b70a1824f981a54d4e55b278e9f760,2024-04-02,883.760812,37.0,12.0,6072.016756756757,0.0,0.0,0.32432432432432434,0.0,79.0,Extreme Greed
0x4f93fead39b70a1824f981a54d4e55b278e9f760,2024-04-04,0.0,32.0,0.0,2999.6165625,0.0,0.0,0.0,0.0,70.0,Greed
0x4f93fead39b70a1824f981a54d4e55b278e9f760,2024-04-05,4444.4983010000005,10.0,7.0,17253.157,0.0,0.0,0.7,0.0,79.0,Extreme Greed
0x4f93fead39b70a1824f981a54d4e55b278e9f760,2024-04-06,236.33513399999998,16.0,4.0,4263.979375000001,0.0,0.0,0.25,0.0,75.0,Extreme Greed
0x4f93fead39b70a1824f981a54d4e55b278e9f760,2024-04-07,0.0,23.0,0.0,2173.3973913043474,0.0,0.0,0.0,0.0,78.0,Extreme Greed
0x4f93fead39b70a1824f981a54d4e55b278e9f760,2024-04-08,0.0,28.0,0.0,5827.370357142858,0.0,0.0,0.0,0.0,76.0,Extreme Greed
0x4f93fead39b70a1824f981a54d4e55b278e9f760,2024-04-09,0.0,3.0,0.0,19021.280000000002,0.0,0.0,0.0,0.0,80.0,Extreme Greed
0x4f93fead39b70a1824f981a54d4e55b278e9f760,2024-04-10,5207.443413999999,41.0,36.0,8578.926097560974,0.0,0.0,0.8780487804878049,0.0,78.0,Extreme Greed
0x4f93fead39b70a1824f981a54d4e55b278e9f760,2024-04-11,389.743164,16.0,2.0,4775.0599999999995,0.0,0.0,0.125,0.0,76.0,Extreme Greed
0x4f93fead39b70a1824f981a54d4e55b278e9f760,2024-04-12,0.0,21.0,0.0,7138.52761904762,0.0,0.0,0.0,0.0,79.0,Extreme Greed
0x4f93fead39b70a1824f981a54d4e55b278e9f760,2024-04-13,0.0,18.0,0.0,8677.150000000001,0.0,0.0,0.0,0.0,72.0,Greed
0x4f93fead39b70a1824f981a54d4e55b278e9f760,2024-04-14,-36565.985440000004,64.0,3.0,9199.4678125,0.0,0.0,0.046875,0.0,72.0,Greed
0x4f93fead39b70a1824f981a54d4e55b278e9f760,2024-04-15,0.0,3.0,0.0,16671.31666666667,0.0,0.0,0.0,0.0,74.0,Greed
0x4f93fead39b70a1824f981a54d4e55b278e9f760,2024-04-19,1946.445462,35.0,27.0,9635.94057142857,0.0,0.0,0.7714285714285715,0.0,66.0,Greed
0x4f93fead39b70a1824f981a54d4e55b278e9f760,2024-04-20,0.0,2.0,0.0,5999.795,0.0,0.0,0.0,0.0,66.0,Greed
0x4f93fead39b70a1824f981a54d4e55b278e9f760,2024-04-22,0.0,9.0,0.0,5332.623333333333,0.0,0.0,0.0,0.0,73.0,Greed
0x4f93fead39b70a1824f981a54d4e55b278e9f760,2024-04-23,759.2148159999999,54.0,31.0,3567.7494444444446,0.0,0.0,0.5740740740740741,0.0,71.0,Greed
0x4f93fead39b70a1824f981a54d4e55b278e9f760,2024-04-24,279.185907,20.0,6.0,7063.762,0.0,0.0,0.3,0.0,72.0,Greed
0x4f93fead39b70a1824f981a54d4e55b278e9f760,2024-04-25,0.0,6.0,0.0,11496.523333333333,0.0,0.0,0.0,0.0,72.0,Greed
0x4f93fead39b70a1824f981a54d4e55b278e9f760,2024-04-27,4281.488139,27.0,19.0,5713.498888888889,0.0,0.0,0.7037037037037037,0.0,67.0,Greed
0x4f93fead39b70a1824f981a54d4e55b278e9f760,2024-04-28,0.0,8.0,0.0,3374.92625,0.0,0.0,0.0,0.0,65.0,Greed
0x4f93fead39b70a1824f981a54d4e55b278e9f760,2024-04-29,526.933836,31.0,17.0,3370.167419354839,0.0,0.0,0.5483870967741935,0.0,67.0,Greed
0x4f93fead39b70a1824f981a54d4e55b278e9f760,2024-04-30,0.0,24.0,0.0,5209.114583333333,0.0,0.0,0.0,0.0,67.0,Greed
0x4f93fead39b70a1824f981a54d4e55b278e9f760,2024-05-01,0.0,14.0,0.0,6216.103571428573,0.0,0.0,0.0,0.0,54.0,Neutral
0x4f93fead39b70a1824f981a54d4e55b278e9f760,2024-05-03,5319.8616250000005,23.0,16.0,12059.708260869564,0.0,0.0,0.6956521739130435,0.0,48.0,Neutral
0x4f93fead39b70a1824f981a54d4e55b278e9f760,2024-05-04,0.0,6.0,0.0,8999.890000000001,0.0,0.0,0.0,0.0,67.0,Greed
0x4f93fead39b70a1824f981a54d4e55b278e9f760,2024-05-05,0.0,4.0,0.0,5996.512500000001,0.0,0.0,0.0,0.0,69.0,Greed
0x4f93fead39b70a1824f981a54d4e55b278e9f760,2024-05-06,968.59038,9.0,4.0,22890.714444444442,0.0,0.0,0.4444444444444444,0.0,71.0,Greed
0x4f93fead39b70a1824f981a54d4e55b278e9f760,2024-05-07,656.21704,10.0,7.0,9890.126,0.0,0.0,0.7,0.0,68.0,Greed
0x4f93fead39b70a1824f981a54d4e55b278e9f760,2024-05-08,0.0,10.0,0.0,6583.419,0.0,0.0,0.0,0.0,64.0,Greed
0x4f93fead39b70a1824f981a54d4e55b278e9f760,2024-05-09,1147.595856,25.0,11.0,8679.6232,0.0,0.0,0.44,0.0,55.0,Greed
0x4f93fead39b70a1824f981a54d4e55b278e9f760,2024-05-10,2101.7416949999997,22.0,6.0,7131.000000000001,0.0,0.0,0.2727272727272727,0.0,66.0,Greed
0x4f93fead39b70a1824f981a54d4e55b278e9f760,2024-05-11,251.604742,9.0,9.0,7027.661111111111,0.0,0.0,1.0,0.0,53.0,Neutral
0x4f93fead39b70a1824f981a54d4e55b278e9f760,2024-05-12,0.0,10.0,0.0,4500.464000000001,0.0,0.0,0.0,0.0,56.0,Greed
0x4f93fead39b70a1824f981a54d4e55b278e9f760,2024-05-13,2136.853859,25.0,10.0,7525.7636,0.0,0.0,0.4,0.0,57.0,Greed
0x4f93fead39b70a1824f981a54d4e55b278e9f760,2024-05-14,1150.5233050000002,23.0,4.0,6341.452173913043,0.0,0.0,0.17391304347826086,0.0,66.0,Greed
0x4f93fead39b70a1824f981a54d4e55b278e9f760,2024-05-15,948.970582,36.0,17.0,6525.626944444444,0.0,0.0,0.4722222222222222,0.0,64.0,Greed
0x4f93fead39b70a1824f981a54d4e55b278e9f760,2024-05-16,214.5898,24.0,5.0,6615.870416666668,0.0,0.0,0.20833333333333334,0.0,70.0,Greed
0x4f93fead39b70a1824f981a54d4e55b278e9f760,2024-05-18,3522.394661,25.0,16.0,5052.1256,0.0,0.0,0.64,0.0,73.0,Greed
0x4f93fead39b70a1824f981a54d4e55b278e9f760,2024-05-19,0.0,8.0,0.0,3749.76125,0.0,0.0,0.0,0.0,72.0,Greed
0x4f93fead39b70a1824f981a54d4e55b278e9f760,2024-05-20,0.0,7.0,0.0,4714.771428571429,0.0,0.0,0.0,0.0,70.0,Greed
0x4f93fead39b70a1824f981a54d4e55b278e9f760,2024-05-21,6017.309216,53.0,7.0,9096.753584905662,0.0,0.0,0.1320754716981132,0.0,76.0,Extreme Greed
0x4f93fead39b70a1824f981a54d4e55b278e9f760,2024-05-22,0.0,6.0,0.0,7499.215,0.0,0.0,0.0,0.0,76.0,Extreme Greed
0x4f93fead39b70a1824f981a54d4e55b278e9f760,2024-06-07,7329.223137999999,52.0,30.0,15114.859615384614,0.0,0.0,0.5769230769230769,0.0,77.0,Extreme Greed
0x4f93fead39b70a1824f981a54d4e55b278e9f760,2024-06-08,0.0,7.0,0.0,6428.95,0.0,0.0,0.0,0.0,72.0,Greed
0x4f93fead39b70a1824f981a54d4e55b278e9f760,2024-06-09,0.0,5.0,0.0,4199.992,0.0,0.0,0.0,0.0,75.0,Extreme Greed
0x4f93fead39b70a1824f981a54d4e55b278e9f760,2024-06-10,0.0,4.0,0.0,6000.075000000001,0.0,0.0,0.0,0.0,72.0,Greed
0x4f93fead39b70a1824f981a54d4e55b278e9f760,2024-06-11,0.0,21.0,0.0,13143.021904761903,0.0,0.0,0.0,0.0,74.0,Greed
0x4f93fead39b70a1824f981a54d4e55b278e9f760,2024-06-14,0.0,16.0,0.0,6124.31,0.0,0.0,0.0,0.0,74.0,Greed
0x4f93fead39b70a1824f981a54d4e55b278e9f760,2024-06-15,2084.433906,38.0,29.0,15581.516578947365,0.0,0.0,0.7631578947368421,0.0,74.0,Greed
0x4f93fead39b70a1824f981a54d4e55b278e9f760,2024-06-17,1268.7590360000002,14.0,4.0,18035.112857142856,0.0,0.0,0.2857142857142857,0.0,71.0,Greed
0x4f93fead39b70a1824f981a54d4e55b278e9f760,2024-06-18,0.0,7.0,0.0,8999.745714285715,0.0,0.0,0.0,0.0,74.0,Greed
0x4f93fead39b70a1824f981a54d4e55b278e9f760,2024-06-19,2053.9736439999997,17.0,17.0,11180.089411764706,0.0,0.0,1.0,0.0,64.0,Greed
0x4f93fead39b70a1824f981a54d4e55b278e9f760,2024-06-20,0.0,4.0,0.0,7499.34,0.0,0.0,0.0,0.0,60.0,Greed
0x4f93fead39b70a1824f981a54d4e55b278e9f760,2024-06-21,773.5582039999999,11.0,3.0,6746.9345454545455,0.0,0.0,0.2727272727272727,0.0,63.0,Greed
0x4f93fead39b70a1824f981a54d4e55b278e9f760,2024-06-22,0.0,3.0,0.0,6000.07,0.0,0.0,0.0,0.0,53.0,Neutral
0x4f93fead39b70a1824f981a54d4e55b278e9f760,2024-06-24,0.0,21.0,0.0,12000.350952380952,0.0,0.0,0.0,0.0,51.0,Neutral
0x4f93fead39b70a1824f981a54d4e55b278e9f760,2024-06-26,4197.732182,31.0,21.0,11748.220645161287,0.0,0.0,0.6774193548387096,0.0,46.0,Neutral
0x4f93fead39b70a1824f981a54d4e55b278e9f760,2024-06-27,0.0,12.0,0.0,9999.173333333334,0.0,0.0,0.0,0.0,40.0,Fear
0x4f93fead39b70a1824f981a54d4e55b278e9f760,2024-06-29,1842.738325,17.0,13.0,13148.880588235294,0.0,0.0,0.7647058823529411,0.0,30.0,Fear
0x4f93fead39b70a1824f981a54d4e55b278e9f760,2024-06-30,0.0,3.0,0.0,9999.756666666666,0.0,0.0,0.0,0.0,47.0,Neutral
0x4f93fead39b70a1824f981a54d4e55b278e9f760,2024-07-01,1202.488212,13.0,9.0,7476.965384615385,0.0,0.0,0.6923076923076923,0.0,53.0,Neutral
0x4f93fead39b70a1824f981a54d4e55b278e9f760,2024-07-03,1118.387284,10.0,4.0,10388.007999999998,0.0,0.0,0.4,0.0,50.0,Neutral
0x4f93fead39b70a1824f981a54d4e55b278e9f760,2024-07-04,0.0,14.0,0.0,18215.87285714286,0.0,0.0,0.0,0.0,44.0,Fear
0x4f93fead39b70a1824f981a54d4e55b278e9f760,2024-07-05,0.0,20.0,0.0,13514.937000000002,0.0,0.0,0.0,0.0,29.0,Fear
0x4f93fead39b70a1824f981a54d4e55b278e9f760,2024-07-10,11595.627025999998,43.0,33.0,15625.979302325579,0.0,0.0,0.7674418604651163,0.0,28.0,Fear
0x4f93fead39b70a1824f981a54d4e55b278e9f760,2024-07-11,1876.812082,19.0,9.0,8941.422105263158,0.0,0.0,0.47368421052631576,0.0,29.0,Fear
0x4f93fead39b70a1824f981a54d4e55b278e9f760,2024-07-12,0.0,10.0,0.0,7600.664999999999,0.0,0.0,0.0,0.0,25.0,Fear
0x4f93fead39b70a1824f981a54d4e55b278e9f760,2024-07-13,2678.8393739999997,13.0,13.0,10668.462307692309,0.0,0.0,1.0,0.0,25.0,Fear
0x4f93fead39b70a1824f981a54d4e55b278e9f760,2024-07-14,0.0,7.0,0.0,12000.16142857143,0.0,0.0,0.0,0.0,33.0,Fear
0x4f93fead39b70a1824f981a54d4e55b278e9f760,2024-07-15,0.0,21.0,0.0,7999.707142857142,0.0,0.0,0.0,0.0,52.0,Neutral
0x4f93fead39b70a1824f981a54d4e55b278e9f760,2024-07-16,0.0,22.0,0.0,6545.480454545454,0.0,0.0,0.0,0.0,65.0,Greed
0x4f93fead39b70a1824f981a54d4e55b278e9f760,2024-07-17,0.0,9.0,0.0,18326.035555555558,0.0,0.0,0.0,0.0,69.0,Greed
0x4f93fead39b70a1824f981a54d4e55b278e9f760,2024-07-18,2569.9799639999997,53.0,41.0,12119.926603773587,0.0,0.0,0.7735849056603774,0.0,61.0,Greed
0x4f93fead39b70a1824f981a54d4e55b278e9f760,2024-07-19,2120.091364,16.0,11.0,9132.668749999999,0.0,0.0,0.6875,0.0,60.0,Greed
0x4f93fead39b70a1824f981a54d4e55b278e9f760,2024-07-20,129.661301,9.0,4.0,11097.74111111111,0.0,0.0,0.4444444444444444,0.0,74.0,Greed
0x4f93fead39b70a1824f981a54d4e55b278e9f760,2024-07-21,0.0,3.0,0.0,14665.06,0.0,0.0,0.0,0.0,74.0,Greed
0x4f93fead39b70a1824f981a54d4e55b278e9f760,2024-07-22,2273.29301,21.0,13.0,10728.97,0.0,0.0,0.6190476190476191,0.0,70.0,Greed
0x4f93fead39b70a1824f981a54d4e55b278e9f760,2024-07-23,0.0,2.0,0.0,11997.235,0.0,0.0,0.0,0.0,71.0,Greed
0x4f93fead39b70a1824f981a54d4e55b278e9f760,2024-07-24,0.0,21.0,0.0,1333.8833333333332,0.0,0.0,0.0,0.0,69.0,Greed
0x4f93fead39b70a1824f981a54d4e55b278e9f760,2024-07-25,0.0,65.0,0.0,7990.4683076923075,0.0,0.0,0.0,0.0,68.0,Greed
0x4f93fead39b70a1824f981a54d4e55b278e9f760,2024-07-26,0.0,10.0,0.0,15000.965,0.0,0.0,0.0,0.0,68.0,Greed
0x4f93fead39b70a1824f981a54d4e55b278e9f760,2024-07-27,6400.623656,52.0,42.0,17322.249807692308,0.0,0.0,0.8076923076923077,0.0,72.0,Greed
0x4f93fead39b70a1824f981a54d4e55b278e9f760,2024-07-28,0.0,3.0,0.0,10666.563333333334,0.0,0.0,0.0,0.0,71.0,Greed
0x4f93fead39b70a1824f981a54d4e55b278e9f760,2024-07-30,0.0,6.0,0.0,6001.078333333334,0.0,0.0,0.0,0.0,67.0,Greed
0x4f93fead39b70a1824f981a54d4e55b278e9f760,2024-07-31,0.0,3.0,0.0,13335.046666666667,0.0,0.0,0.0,0.0,61.0,Greed
0x4f93fead39b70a1824f981a54d4e55b278e9f760,2024-08-01,0.0,13.0,0.0,11076.53923076923,0.0,0.0,0.0,0.0,52.0,Neutral
0x4f93fead39b70a1824f981a54d4e55b278e9f760,2024-08-02,0.0,36.0,0.0,8221.31,0.0,0.0,0.0,0.0,57.0,Greed
0x4f93fead39b70a1824f981a54d4e55b278e9f760,2024-08-03,0.0,13.0,0.0,8652.23,0.0,0.0,0.0,0.0,37.0,Fear
0x4f93fead39b70a1824f981a54d4e55b278e9f760,2024-08-04,-108604.496278,72.0,0.0,12521.542916666665,0.0,0.0,0.0,0.0,34.0,Fear
0x4f93fead39b70a1824f981a54d4e55b278e9f760,2024-08-05,-4779.219012,17.0,0.0,12572.83294117647,0.0,0.0,0.0,0.0,26.0,Fear
0x4f93fead39b70a1824f981a54d4e55b278e9f760,2024-08-09,11147.900554,12.0,9.0,11003.166666666666,0.0,0.0,0.75,0.0,48.0,Neutral
0x4f93fead39b70a1824f981a54d4e55b278e9f760,2024-08-11,847.7766200000001,8.0,4.0,5104.98125,0.0,0.0,0.5,0.0,39.0,Fear
0x4f93fead39b70a1824f981a54d4e55b278e9f760,2024-08-12,858.6705000000001,16.0,6.0,2758.775,0.0,0.0,0.375,0.0,25.0,Fear
0x4f93fead39b70a1824f981a54d4e55b278e9f760,2024-08-13,0.0,5.0,0.0,2500.02,0.0,0.0,0.0,0.0,31.0,Fear
0x4f93fead39b70a1824f981a54d4e55b278e9f760,2024-08-14,2168.9015130000003,9.0,5.0,7185.148888888889,0.0,0.0,0.5555555555555556,0.0,30.0,Fear
0x4f93fead39b70a1824f981a54d4e55b278e9f760,2024-08-16,0.0,2.0,0.0,6250.0650000000005,0.0,0.0,0.0,0.0,27.0,Fear
0x4f93fead39b70a1824f981a54d4e55b278e9f760,2024-08-18,307.201888,14.0,12.0,4486.033571428571,0.0,0.0,0.8571428571428571,0.0,31.0,Fear
0x4f93fead39b70a1824f981a54d4e55b278e9f760,2024-08-20,192.602844,8.0,1.0,5302.23375,0.0,0.0,0.125,0.0,30.0,Fear
0x4f93fead39b70a1824f981a54d4e55b278e9f760,2024-08-23,1005.30527,10.0,3.0,6350.956,0.0,0.0,0.3,0.0,34.0,Fear
0x4f93fead39b70a1824f981a54d4e55b278e9f760,2024-08-24,0.0,2.0,0.0,7500.035,0.0,0.0,0.0,0.0,56.0,Greed
0x4f93fead39b70a1824f981a54d4e55b278e9f760,2024-08-25,0.0,4.0,0.0,3749.0824999999995,0.0,0.0,0.0,0.0,54.0,Neutral
0x4f93fead39b70a1824f981a54d4e55b278e9f760,2024-08-26,231.236918,5.0,2.0,18452.704,0.0,0.0,0.4,0.0,55.0,Greed
0x4f93fead39b70a1824f981a54d4e55b278e9f760,2024-08-27,0.0,7.0,0.0,9286.455714285714,0.0,0.0,0.0,0.0,48.0,Neutral
0x4f93fead39b70a1824f981a54d4e55b278e9f760,2024-08-28,0.0,7.0,0.0,6784.937142857142,0.0,0.0,0.0,0.0,30.0,Fear
0x4f93fead39b70a1824f981a54d4e55b278e9f760,2024-08-30,0.0,3.0,0.0,9164.183333333334,0.0,0.0,0.0,0.0,34.0,Fear
0x4f93fead39b70a1824f981a54d4e55b278e9f760,2024-09-02,0.0,2.0,0.0,15000.21,0.0,0.0,0.0,0.0,26.0,Fear
0x4f93fead39b70a1824f981a54d4e55b278e9f760,2024-09-04,0.0,1.0,0.0,35004.98,0.0,0.0,0.0,0.0,27.0,Fear
0x4f93fead39b70a1824f981a54d4e55b278e9f760,2024-09-06,0.0,4.0,0.0,8747.6675,0.0,0.0,0.0,0.0,22.0,Extreme Fear
0x4f93fead39b70a1824f981a54d4e55b278e9f760,2024-09-20,9585.03428,12.0,8.0,25380.9675,0.0,0.0,0.6666666666666666,0.0,54.0,Neutral
0x4f93fead39b70a1824f981a54d4e55b278e9f760,2024-09-22,0.0,3.0,0.0,6666.579999999999,0.0,0.0,0.0,0.0,52.0,Neutral
0x4f93fead39b70a1824f981a54d4e55b278e9f760,2024-09-23,334.760796,2.0,1.0,20167.145,0.0,0.0,0.5,0.0,50.0,Neutral
0x4f93fead39b70a1824f981a54d4e55b278e9f760,2024-09-25,0.0,6.0,0.0,8333.518333333333,0.0,0.0,0.0,0.0,59.0,Greed
0x4f93fead39b70a1824f981a54d4e55b278e9f760,2024-09-26,439.812513,3.0,2.0,26813.47333333334,0.0,0.0,0.6666666666666666,0.0,50.0,Neutral
0x4f93fead39b70a1824f981a54d4e55b278e9f760,2024-09-27,0.0,10.0,0.0,9999.232,0.0,0.0,0.0,0.0,61.0,Greed
0x4f93fead39b70a1824f981a54d4e55b278e9f760,2024-09-30,2710.626288,10.0,5.0,17728.090000000004,0.0,0.0,0.5,0.0,61.0,Greed
0x4f93fead39b70a1824f981a54d4e55b278e9f760,2024-10-01,0.0,4.0,0.0,34988.58,0.0,0.0,0.0,0.0,50.0,Neutral
0x4f93fead39b70a1824f981a54d4e55b278e9f760,2024-10-02,0.0,4.0,0.0,24988.585000000003,0.0,0.0,0.0,0.0,42.0,Fear
0x4f93fead39b70a1824f981a54d4e55b278e9f760,2024-10-03,0.0,4.0,0.0,30002.25,0.0,0.0,0.0,0.0,37.0,Fear
0x4f93fead39b70a1824f981a54d4e55b278e9f760,2024-10-05,5767.161891999999,36.0,24.0,16822.36472222222,0.0,0.0,0.6666666666666666,0.0,49.0,Neutral
0x4f93fead39b70a1824f981a54d4e55b278e9f760,2024-10-06,130.487079,22.0,5.0,13642.298181818182,0.0,0.0,0.22727272727272727,0.0,50.0,Neutral
0x4f93fead39b70a1824f981a54d4e55b278e9f760,2024-10-07,0.0,21.0,0.0,10475.459523809524,0.0,0.0,0.0,0.0,50.0,Neutral
0x4f93fead39b70a1824f981a54d4e55b278e9f760,2024-10-08,5396.546638,35.0,33.0,12416.67285714286,0.0,0.0,0.9428571428571428,0.0,49.0,Neutral
0x4f93fead39b70a1824f981a54d4e55b278e9f760,2024-10-09,396.06272,14.0,3.0,15742.852142857142,0.0,0.0,0.21428571428571427,0.0,49.0,Neutral
0x4f93fead39b70a1824f981a54d4e55b278e9f760,2024-10-10,0.0,16.0,0.0,18751.52125,0.0,0.0,0.0,0.0,39.0,Fear
0x4f93fead39b70a1824f981a54d4e55b278e9f760,2024-10-11,8885.327476999999,25.0,18.0,19556.1384,0.0,0.0,0.72,0.0,32.0,Fear
0x4f93fead39b70a1824f981a54d4e55b278e9f760,2024-10-12,541.55471,10.0,7.0,15971.34,0.0,0.0,0.7,0.0,49.0,Neutral
0x4f93fead39b70a1824f981a54d4e55b278e9f760,2024-10-13,0.0,10.0,0.0,6000.242,0.0,0.0,0.0,0.0,50.0,Neutral
0x4f93fead39b70a1824f981a54d4e55b278e9f760,2024-10-14,1913.6195799999998,5.0,5.0,12383.204,0.0,0.0,1.0,0.0,48.0,Neutral
0x4f93fead39b70a1824f981a54d4e55b278e9f760,2024-10-15,1170.2260760000001,7.0,4.0,11596.194285714286,0.0,0.0,0.5714285714285714,0.0,65.0,Greed
0x4f93fead39b70a1824f981a54d4e55b278e9f760,2024-10-16,219.480876,11.0,3.0,7293.56090909091,0.0,0.0,0.2727272727272727,0.0,73.0,Greed
0x4f93fead39b70a1824f981a54d4e55b278e9f760,2024-10-17,36.11496,8.0,1.0,17504.00375,0.0,0.0,0.125,0.0,71.0,Greed
0x4f93fead39b70a1824f981a54d4e55b278e9f760,2024-10-18,333.219141,6.0,5.0,20055.238333333335,0.0,0.0,0.8333333333333334,0.0,73.0,Greed
0x4f93fead39b70a1824f981a54d4e55b278e9f760,2024-10-19,0.0,4.0,0.0,24999.215,0.0,0.0,0.0,0.0,72.0,Greed
0x4f93fead39b70a1824f981a54d4e55b278e9f760,2024-10-20,229.060526,6.0,5.0,20037.618333333332,0.0,0.0,0.8333333333333334,0.0,73.0,Greed
0x4f93fead39b70a1824f981a54d4e55b278e9f760,2024-10-21,0.0,11.0,0.0,13638.561818181817,0.0,0.0,0.0,0.0,72.0,Greed
0x4f93fead39b70a1824f981a54d4e55b278e9f760,2024-10-22,0.0,3.0,0.0,20000.12,0.0,0.0,0.0,0.0,70.0,Greed
0x4f93fead39b70a1824f981a54d4e55b278e9f760,2024-10-23,-46.489941,18.0,0.0,11667.00388888889,0.0,0.0,0.0,0.0,71.0,Greed
0x4f93fead39b70a1824f981a54d4e55b278e9f760,2024-10-25,4543.862071,25.0,16.0,16183.4872,0.0,0.0,0.64,0.0,72.0,Greed
0x4f93fead39b70a1824f981a54d4e55b278e9f760,2024-10-27,666.6623079999999,4.0,3.0,22666.1025,0.0,0.0,0.75,0.0,74.0,Greed
0x4f93fead39b70a1824f981a54d4e55b278e9f760,2024-10-28,0.0,9.0,0.0,13332.702222222222,0.0,0.0,0.0,0.0,72.0,Greed
0x4f93fead39b70a1824f981a54d4e55b278e9f760,2024-10-29,0.0,37.0,0.0,16285.808648648654,0.0,0.0,0.0,0.0,72.0,Greed
0x4f93fead39b70a1824f981a54d4e55b278e9f760,2024-10-31,765.4751919999999,28.0,23.0,30487.215,0.0,0.0,0.8214285714285714,0.0,77.0,Extreme Greed
0x4f93fead39b70a1824f981a54d4e55b278e9f760,2024-11-01,1040.5747959999999,9.0,2.0,25670.12222222222,0.0,0.0,0.2222222222222222,0.0,75.0,Extreme Greed
0x4f93fead39b70a1824f981a54d4e55b278e9f760,2024-11-02,0.0,2.0,0.0,20000.0,0.0,0.0,0.0,0.0,72.0,Greed
0x4f93fead39b70a1824f981a54d4e55b278e9f760,2024-11-03,0.0,4.0,0.0,27498.585,0.0,0.0,0.0,0.0,74.0,Greed
0x4f93fead39b70a1824f981a54d4e55b278e9f760,2024-11-04,2259.351364,26.0,13.0,16623.486153846156,0.0,0.0,0.5,0.0,70.0,Greed
0x4f93fead39b70a1824f981a54d4e55b278e9f760,2024-11-05,678.475928,10.0,5.0,20062.723,0.0,0.0,0.5,0.0,70.0,Greed
0x4f93fead39b70a1824f981a54d4e55b278e9f760,2024-11-06,2821.2484199999994,12.0,7.0,10158.865,0.0,0.0,0.5833333333333334,0.0,70.0,Greed
0x4f93fead39b70a1824f981a54d4e55b278e9f760,2024-11-07,628.96246,2.0,1.0,30314.425,0.0,0.0,0.5,0.0,77.0,Extreme Greed
0x4f93fead39b70a1824f981a54d4e55b278e9f760,2024-11-08,646.3734049999999,24.0,6.0,10026.734583333333,0.0,0.0,0.25,0.0,75.0,Extreme Greed
0x4f93fead39b70a1824f981a54d4e55b278e9f760,2024-11-09,0.0,9.0,0.0,16666.712222222224,0.0,0.0,0.0,0.0,75.0,Extreme Greed
0x4f93fead39b70a1824f981a54d4e55b278e9f760,2024-11-10,548.36595,8.0,6.0,22568.36875,0.0,0.0,0.75,0.0,78.0,Extreme Greed
0x4f93fead39b70a1824f981a54d4e55b278e9f760,2024-11-11,1479.677222,20.0,9.0,16571.106999999996,0.0,0.0,0.45,0.0,76.0,Extreme Greed
0x4f93fead39b70a1824f981a54d4e55b278e9f760,2024-11-12,2053.119744,74.0,12.0,14354.293783783784,0.0,0.0,0.16216216216216217,0.0,80.0,Extreme Greed
0x4f93fead39b70a1824f981a54d4e55b278e9f760,2024-11-13,7680.907897,25.0,16.0,19512.4728,0.0,0.0,0.64,0.0,84.0,Extreme Greed
0x4f93fead39b70a1824f981a54d4e55b278e9f760,2024-11-14,2348.106228,41.0,14.0,21522.69975609756,0.0,0.0,0.34146341463414637,0.0,88.0,Extreme Greed
0x4f93fead39b70a1824f981a54d4e55b278e9f760,2024-11-15,2003.5365860000002,79.0,33.0,17219.89620253164,0.0,0.0,0.4177215189873418,0.0,80.0,Extreme Greed
0x4f93fead39b70a1824f981a54d4e55b278e9f760,2024-11-16,255.14686999999998,12.0,7.0,18322.8475,0.0,0.0,0.5833333333333334,0.0,86.0,Extreme Greed
0x4f93fead39b70a1824f981a54d4e55b278e9f760,2024-11-17,546.624374,26.0,8.0,23861.476153846153,0.0,0.0,0.3076923076923077,0.0,90.0,Extreme Greed
0x4f93fead39b70a1824f981a54d4e55b278e9f760,2024-11-18,3158.176614,35.0,15.0,26917.316857142858,0.0,0.0,0.42857142857142855,0.0,83.0,Extreme Greed
0x4f93fead39b70a1824f981a54d4e55b278e9f760,2024-11-19,1573.210981,30.0,15.0,10658.076000000001,0.0,0.0,0.5,0.0,90.0,Extreme Greed
0x4f93fead39b70a1824f981a54d4e55b278e9f760,2024-11-20,2259.775633,33.0,16.0,25402.638787878783,0.0,0.0,0.48484848484848486,0.0,83.0,Extreme Greed
0x4f93fead39b70a1824f981a54d4e55b278e9f760,2024-11-21,909.7452830000001,9.0,4.0,17786.91,0.0,0.0,0.4444444444444444,0.0,82.0,Extreme Greed
0x4f93fead39b70a1824f981a54d4e55b278e9f760,2024-11-22,1825.01255,18.0,12.0,16769.490555555556,0.0,0.0,0.6666666666666666,0.0,94.0,Extreme Greed
0x4f93fead39b70a1824f981a54d4e55b278e9f760,2024-11-23,0.0,9.0,0.0,6667.414444444445,0.0,0.0,0.0,0.0,93.0,Extreme Greed
0x4f93fead39b70a1824f981a54d4e55b278e9f760,2024-11-24,445.338356,33.0,5.0,15770.984848484848,0.0,0.0,0.15151515151515152,0.0,80.0,Extreme Greed
0x4f93fead39b70a1824f981a54d4e55b278e9f760,2024-11-25,5059.459732,30.0,10.0,28814.274,0.0,0.0,0.3333333333333333,0.0,82.0,Extreme Greed
0x4f93fead39b70a1824f981a54d4e55b278e9f760,2024-11-26,0.0,22.0,0.0,19319.391818181815,0.0,0.0,0.0,0.0,79.0,Extreme Greed
0x4f93fead39b70a1824f981a54d4e55b278e9f760,2024-11-27,-2848.1597920000004,44.0,0.0,28557.088181818184,0.0,0.0,0.0,0.0,75.0,Extreme Greed
0x4f93fead39b70a1824f981a54d4e55b278e9f760,2024-11-28,1174.3155709999999,12.0,6.0,28232.108333333337,0.0,0.0,0.5,0.0,77.0,Extreme Greed
0x4f93fead39b70a1824f981a54d4e55b278e9f760,2024-11-29,610.52512,7.0,1.0,25798.08571428572,0.0,0.0,0.14285714285714285,0.0,78.0,Extreme Greed
0x4f93fead39b70a1824f981a54d4e55b278e9f760,2024-11-30,850.54514,12.0,5.0,19926.774999999998,0.0,0.0,0.4166666666666667,0.0,84.0,Extreme Greed
0x4f93fead39b70a1824f981a54d4e55b278e9f760,2024-12-01,337.83551600000004,27.0,16.0,22229.845925925925,0.0,0.0,0.5925925925925926,0.0,81.0,Extreme Greed
0x4f93fead39b70a1824f981a54d4e55b278e9f760,2024-12-02,754.7378000000001,17.0,6.0,17691.249411764707,0.0,0.0,0.35294117647058826,0.0,80.0,Extreme Greed
0x4f93fead39b70a1824f981a54d4e55b278e9f760,2024-12-03,1467.100221,9.0,4.0,31374.635555555553,0.0,0.0,0.4444444444444444,0.0,76.0,Extreme Greed
0x4f93fead39b70a1824f981a54d4e55b278e9f760,2024-12-04,291.35271,13.0,3.0,20080.955384615383,0.0,0.0,0.23076923076923078,0.0,78.0,Extreme Greed
0x4f93fead39b70a1824f981a54d4e55b278e9f760,2024-12-05,1435.68724,19.0,2.0,40074.16368421053,0.0,0.0,0.10526315789473684,0.0,84.0,Extreme Greed
0x4f93fead39b70a1824f981a54d4e55b278e9f760,2024-12-06,7206.315268,59.0,21.0,25128.245762711864,0.0,0.0,0.3559322033898305,0.0,72.0,Greed
0x4f93fead39b70a1824f981a54d4e55b278e9f760,2024-12-07,2342.9963840000005,4.0,4.0,49620.3625,0.0,0.0,1.0,0.0,75.0,Extreme Greed
0x4f93fead39b70a1824f981a54d4e55b278e9f760,2024-12-08,0.0,7.0,0.0,8570.518571428573,0.0,0.0,0.0,0.0,79.0,Extreme Greed
0x4f93fead39b70a1824f981a54d4e55b278e9f760,2024-12-09,2350.4997419999995,17.0,7.0,21156.991764705883,0.0,0.0,0.4117647058823529,0.0,78.0,Extreme Greed
0x4f93fead39b70a1824f981a54d4e55b278e9f760,2024-12-10,3986.3125139999997,36.0,12.0,19470.58694444444,0.0,0.0,0.3333333333333333,0.0,78.0,Extreme Greed
0x4f93fead39b70a1824f981a54d4e55b278e9f760,2024-12-11,1083.777057,30.0,8.0,23331.314333333336,0.0,0.0,0.26666666666666666,0.0,74.0,Greed
0x4f93fead39b70a1824f981a54d4e55b278e9f760,2024-12-12,0.0,31.0,0.0,12254.17483870968,0.0,0.0,0.0,0.0,83.0,Extreme Greed
0x4f93fead39b70a1824f981a54d4e55b278e9f760,2024-12-13,6790.274613,49.0,27.0,20715.92551020408,0.0,0.0,0.5510204081632653,0.0,76.0,Extreme Greed
0x4f93fead39b70a1824f981a54d4e55b278e9f760,2024-12-14,570.1898180000001,19.0,6.0,10507.837368421053,0.0,0.0,0.3157894736842105,0.0,83.0,Extreme Greed
0x4f93fead39b70a1824f981a54d4e55b278e9f760,2024-12-15,263.914304,21.0,5.0,14297.049523809526,0.0,0.0,0.23809523809523808,0.0,80.0,Extreme Greed
0x4f93fead39b70a1824f981a54d4e55b278e9f760,2024-12-16,0.0,27.0,0.0,32579.840370370373,0.0,0.0,0.0,0.0,83.0,Extreme Greed
0x4f93fead39b70a1824f981a54d4e55b278e9f760,2024-12-17,0.0,12.0,0.0,14999.839166666665,0.0,0.0,0.0,0.0,87.0,Extreme Greed
0x4f93fead39b70a1824f981a54d4e55b278e9f760,2024-12-18,-4627.220257000001,62.0,5.0,28169.05516129032,0.0,0.0,0.08064516129032258,0.0,81.0,Extreme Greed
0x4f93fead39b70a1824f981a54d4e55b278e9f760,2024-12-19,1582.2032900000002,53.0,6.0,17374.649433962266,0.0,0.0,0.11320754716981132,0.0,75.0,Extreme Greed
0x4f93fead39b70a1824f981a54d4e55b278e9f760,2024-12-20,0.0,6.0,0.0,37047.935000000005,0.0,0.0,0.0,0.0,74.0,Greed
0x4f93fead39b70a1824f981a54d4e55b278e9f760,2024-12-21,1367.500173,50.0,28.0,20223.721400000002,0.0,0.0,0.56,0.0,73.0,Greed
0x4f93fead39b70a1824f981a54d4e55b278e9f760,2024-12-22,0.0,3.0,0.0,43336.74,0.0,0.0,0.0,0.0,73.0,Greed
0x4f93fead39b70a1824f981a54d4e55b278e9f760,2024-12-23,0.0,16.0,0.0,21196.97,0.0,0.0,0.0,0.0,70.0,Greed
0x4f93fead39b70a1824f981a54d4e55b278e9f760,2024-12-24,2081.267411,32.0,21.0,29259.798125,0.0,0.0,0.65625,0.0,73.0,Greed
0x4f93fead39b70a1824f981a54d4e55b278e9f760,2024-12-25,0.0,3.0,0.0,23333.069999999996,0.0,0.0,0.0,0.0,73.0,Greed
0x4f93fead39b70a1824f981a54d4e55b278e9f760,2024-12-26,7617.597338,21.0,8.0,21067.338571428572,0.0,0.0,0.38095238095238093,0.0,79.0,Extreme Greed
0x4f93fead39b70a1824f981a54d4e55b278e9f760,2024-12-27,0.0,18.0,0.0,3890.9755555555553,0.0,0.0,0.0,0.0,74.0,Greed
0x4f93fead39b70a1824f981a54d4e55b278e9f760,2024-12-28,16.972942,6.0,3.0,18342.231666666667,0.0,0.0,0.5,0.0,72.0,Greed
0x4f93fead39b70a1824f981a54d4e55b278e9f760,2024-12-29,390.062046,14.0,4.0,5685.322142857142,0.0,0.0,0.2857142857142857,0.0,73.0,Greed
0x4f93fead39b70a1824f981a54d4e55b278e9f760,2024-12-30,4235.298688,22.0,9.0,25644.989545454548,0.0,0.0,0.4090909090909091,0.0,65.0,Greed
0x4f93fead39b70a1824f981a54d4e55b278e9f760,2024-12-31,2301.21954,47.0,2.0,10472.761489361703,0.0,0.0,0.0425531914893617,0.0,64.0,Greed
0x4f93fead39b70a1824f981a54d4e55b278e9f760,2025-01-01,0.0,1.0,0.0,49999.51,0.0,0.0,0.0,0.0,66.0,Greed
0x4f93fead39b70a1824f981a54d4e55b278e9f760,2025-01-02,2399.947146,19.0,8.0,19582.443684210528,0.0,0.0,0.42105263157894735,0.0,70.0,Greed
0x4f93fead39b70a1824f981a54d4e55b278e9f760,2025-01-03,3084.287743,48.0,29.0,9644.217708333334,0.0,0.0,0.6041666666666666,0.0,74.0,Greed
0x4f93fead39b70a1824f981a54d4e55b278e9f760,2025-01-04,0.0,14.0,0.0,7142.837142857143,0.0,0.0,0.0,0.0,73.0,Greed
0x4f93fead39b70a1824f981a54d4e55b278e9f760,2025-01-05,890.3315699999999,19.0,4.0,19427.311052631576,0.0,0.0,0.21052631578947367,0.0,72.0,Greed
0x4f93fead39b70a1824f981a54d4e55b278e9f760,2025-01-06,3575.4424230000004,32.0,14.0,10735.974062500001,0.0,0.0,0.4375,0.0,76.0,Extreme Greed
0x4f93fead39b70a1824f981a54d4e55b278e9f760,2025-01-07,0.0,39.0,0.0,12147.022564102565,0.0,0.0,0.0,0.0,78.0,Extreme Greed
0x4f93fead39b70a1824f981a54d4e55b278e9f760,2025-01-08,0.0,16.0,0.0,19291.1175,0.0,0.0,0.0,0.0,70.0,Greed
0x4f93fead39b70a1824f981a54d4e55b278e9f760,2025-01-10,-36229.641810999994,219.0,98.0,26918.19479452055,0.0,0.0,0.4474885844748858,0.0,50.0,Neutral
0x4f93fead39b70a1824f981a54d4e55b278e9f760,2025-01-11,1559.841529,76.0,27.0,20461.92407894737,0.0,0.0,0.35526315789473684,0.0,69.0,Greed
0x4f93fead39b70a1824f981a54d4e55b278e9f760,2025-01-12,736.621517,75.0,34.0,24737.227600000002,0.0,0.0,0.4533333333333333,0.0,62.0,Greed
0x4f93fead39b70a1824f981a54d4e55b278e9f760,2025-01-13,1756.9820339999999,97.0,54.0,24201.82237113402,0.0,0.0,0.5567010309278351,0.0,61.0,Greed
0x4f93fead39b70a1824f981a54d4e55b278e9f760,2025-01-14,1878.804638,42.0,17.0,15041.543095238094,0.0,0.0,0.40476190476190477,0.0,63.0,Greed
0x4f93fead39b70a1824f981a54d4e55b278e9f760,2025-01-15,7470.003118,73.0,42.0,21394.826301369863,0.0,0.0,0.5753424657534246,0.0,70.0,Greed
0x4f93fead39b70a1824f981a54d4e55b278e9f760,2025-01-16,5170.4237570000005,100.0,55.0,27260.669099999992,0.0,0.0,0.55,0.0,75.0,Extreme Greed
0x4f93fead39b70a1824f981a54d4e55b278e9f760,2025-01-17,811.144532,21.0,7.0,30510.78523809524,0.0,0.0,0.3333333333333333,0.0,75.0,Extreme Greed
0x4f93fead39b70a1824f981a54d4e55b278e9f760,2025-01-18,4078.848863,58.0,32.0,32431.748275862068,0.0,0.0,0.5517241379310345,0.0,77.0,Extreme Greed
0x4f93fead39b70a1824f981a54d4e55b278e9f760,2025-01-19,3253.2600030000003,88.0,32.0,25180.392613636363,0.0,0.0,0.36363636363636365,0.0,77.0,Extreme Greed
0x4f93fead39b70a1824f981a54d4e55b278e9f760,2025-01-20,7466.841136000001,194.0,69.0,29887.263092783505,0.0,0.0,0.3556701030927835,0.0,76.0,Extreme Greed
0x4f93fead39b70a1824f981a54d4e55b278e9f760,2025-01-21,2953.3108039999997,92.0,40.0,14189.073260869567,0.0,0.0,0.43478260869565216,0.0,76.0,Extreme Greed
0x4f93fead39b70a1824f981a54d4e55b278e9f760,2025-01-22,2971.8963550000003,61.0,25.0,17456.443770491802,0.0,0.0,0.4098360655737705,0.0,84.0,Extreme Greed
0x4f93fead39b70a1824f981a54d4e55b278e9f760,2025-01-23,6749.13492,82.0,22.0,17999.847804878053,0.0,0.0,0.2682926829268293,0.0,75.0,Extreme Greed
0x4f93fead39b70a1824f981a54d4e55b278e9f760,2025-01-24,1707.0699399999999,42.0,16.0,14664.804285714286,0.0,0.0,0.38095238095238093,0.0,75.0,Extreme Greed
0x4f93fead39b70a1824f981a54d4e55b278e9f760,2025-01-25,446.444854,18.0,4.0,22485.88888888889,0.0,0.0,0.2222222222222222,0.0,75.0,Extreme Greed
0x4f93fead39b70a1824f981a54d4e55b278e9f760,2025-01-27,0.0,15.0,0.0,33170.45266666667,0.0,0.0,0.0,0.0,71.0,Greed
0x4f93fead39b70a1824f981a54d4e55b278e9f760,2025-01-30,3278.847724,75.0,35.0,21280.349733333333,0.0,0.0,0.4666666666666667,0.0,70.0,Greed
0x4f93fead39b70a1824f981a54d4e55b278e9f760,2025-01-31,975.6547509999999,59.0,21.0,13735.521525423728,0.0,0.0,0.3559322033898305,0.0,76.0,Extreme Greed
0x4f93fead39b70a1824f981a54d4e55b278e9f760,2025-02-01,0.0,4.0,0.0,22500.690000000002,0.0,0.0,0.0,0.0,68.0,Greed
0x4f93fead39b70a1824f981a54d4e55b278e9f760,2025-02-02,0.0,30.0,0.0,25418.461333333333,0.0,0.0,0.0,0.0,60.0,Greed
0x4f93fead39b70a1824f981a54d4e55b278e9f760,2025-02-04,6403.5061239999995,9.0,9.0,95439.94666666666,0.0,0.0,1.0,0.0,72.0,Greed
0x4f93fead39b70a1824f981a54d4e55b278e9f760,2025-02-05,0.0,9.0,0.0,16663.026666666665,0.0,0.0,0.0,0.0,54.0,Neutral
0x4f93fead39b70a1824f981a54d4e55b278e9f760,2025-02-06,440.75313300000005,10.0,4.0,30041.394,0.0,0.0,0.4,0.0,49.0,Neutral
0x4f93fead39b70a1824f981a54d4e55b278e9f760,2025-02-07,3691.3088499999994,27.0,9.0,19508.291481481483,0.0,0.0,0.3333333333333333,0.0,44.0,Fear
0x4f93fead39b70a1824f981a54d4e55b278e9f760,2025-02-08,0.0,8.0,0.0,22498.25125,0.0,0.0,0.0,0.0,44.0,Fear
0x4f93fead39b70a1824f981a54d4e55b278e9f760,2025-02-09,866.203569,3.0,1.0,90292.82333333335,0.0,0.0,0.3333333333333333,0.0,46.0,Neutral
0x4f93fead39b70a1824f981a54d4e55b278e9f760,2025-02-10,2069.55836,84.0,29.0,14470.832976190479,0.0,0.0,0.34523809523809523,0.0,43.0,Fear
0x4f93fead39b70a1824f981a54d4e55b278e9f760,2025-02-11,1353.604398,56.0,22.0,12581.13017857143,0.0,0.0,0.39285714285714285,0.0,47.0,Neutral
0x4f93fead39b70a1824f981a54d4e55b278e9f760,2025-02-12,5212.729861,84.0,45.0,14802.268214285717,0.0,0.0,0.5357142857142857,0.0,46.0,Neutral
0x4f93fead39b70a1824f981a54d4e55b278e9f760,2025-02-13,2205.413149,23.0,11.0,17512.87652173913,0.0,0.0,0.4782608695652174,0.0,50.0,Neutral
0x4f93fead39b70a1824f981a54d4e55b278e9f760,2025-02-14,2678.1156010000004,58.0,25.0,19911.15103448276,0.0,0.0,0.43103448275862066,0.0,48.0,Neutral
0x4f93fead39b70a1824f981a54d4e55b278e9f760,2025-02-15,3884.0032459999998,21.0,13.0,22683.889523809525,0.0,0.0,0.6190476190476191,0.0,50.0,Neutral
0x4f93fead39b70a1824f981a54d4e55b278e9f760,2025-02-16,314.96786,25.0,11.0,14405.7528,0.0,0.0,0.44,0.0,54.0,Neutral
0x4f93fead39b70a1824f981a54d4e55b278e9f760,2025-02-17,1204.110761,42.0,5.0,12833.438095238096,0.0,0.0,0.11904761904761904,0.0,51.0,Neutral
0x4f93fead39b70a1824f981a54d4e55b278e9f760,2025-02-18,1670.219701,44.0,14.0,13191.782954545457,0.0,0.0,0.3181818181818182,0.0,47.0,Neutral
0x4f93fead39b70a1824f981a54d4e55b278e9f760,2025-02-19,3512.211908,58.0,23.0,16248.182068965514,0.0,0.0,0.39655172413793105,0.0,44.0,Fear
0x4f93fead39b70a1824f981a54d4e55b278e9f760,2025-02-20,1829.292797,90.0,40.0,17114.072111111112,0.0,0.0,0.4444444444444444,0.0,49.0,Neutral
0x4f93fead39b70a1824f981a54d4e55b278e9f760,2025-02-21,5993.575314000001,76.0,8.0,17026.42842105263,0.0,0.0,0.10526315789473684,0.0,55.0,Greed
0x4f93fead39b70a1824f981a54d4e55b278e9f760,2025-02-22,1287.1433840000002,91.0,52.0,16717.653406593403,0.0,0.0,0.5714285714285714,0.0,49.0,Neutral
0x4f93fead39b70a1824f981a54d4e55b278e9f760,2025-02-23,109.68322,31.0,7.0,9029.90806451613,0.0,0.0,0.22580645161290322,0.0,50.0,Neutral
0x4f93fead39b70a1824f981a54d4e55b278e9f760,2025-02-24,1925.839355,17.0,5.0,27169.443529411765,0.0,0.0,0.29411764705882354,0.0,49.0,Neutral
0x4f93fead39b70a1824f981a54d4e55b278e9f760,2025-02-25,0.0,51.0,0.0,19559.93098039216,0.0,0.0,0.0,0.0,25.0,Fear
0x4f93fead39b70a1824f981a54d4e55b278e9f760,2025-03-02,11005.991600000001,26.0,21.0,43406.429615384615,0.0,0.0,0.8076923076923077,0.0,26.0,Fear
0x4f93fead39b70a1824f981a54d4e55b278e9f760,2025-03-03,1136.2722789999998,12.0,6.0,26764.120833333334,0.0,0.0,0.5,0.0,33.0,Fear
0x4f93fead39b70a1824f981a54d4e55b278e9f760,2025-03-04,8002.939313000001,59.0,28.0,25872.653898305085,0.0,0.0,0.4745762711864407,0.0,15.0,Extreme Fear
0x4f93fead39b70a1824f981a54d4e55b278e9f760,2025-03-05,2741.1013749999997,54.0,20.0,28870.438333333335,0.0,0.0,0.37037037037037035,0.0,20.0,Extreme Fear
0x4f93fead39b70a1824f981a54d4e55b278e9f760,2025-03-06,3069.196282,37.0,10.0,17383.59378378378,0.0,0.0,0.2702702702702703,0.0,25.0,Fear
0x4f93fead39b70a1824f981a54d4e55b278e9f760,2025-03-07,3273.5394420000002,22.0,18.0,10090.279999999999,0.0,0.0,0.8181818181818182,0.0,34.0,Fear
0x4f93fead39b70a1824f981a54d4e55b278e9f760,2025-03-08,0.0,17.0,0.0,7059.288823529412,0.0,0.0,0.0,0.0,28.0,Fear
0x4f93fead39b70a1824f981a54d4e55b278e9f760,2025-03-09,0.0,11.0,0.0,38167.58636363636,0.0,0.0,0.0,0.0,27.0,Fear
0x4f93fead39b70a1824f981a54d4e55b278e9f760,2025-03-10,14133.265684000002,103.0,42.0,25248.411359223297,0.0,0.0,0.4077669902912621,0.0,20.0,Extreme Fear
0x4f93fead39b70a1824f981a54d4e55b278e9f760,2025-03-11,2479.2658060000003,33.0,21.0,31854.999696969695,0.0,0.0,0.6363636363636364,0.0,24.0,Extreme Fear
0x4f93fead39b70a1824f981a54d4e55b278e9f760,2025-03-12,0.0,10.0,0.0,17999.378999999997,0.0,0.0,0.0,0.0,34.0,Fear
0x4f93fead39b70a1824f981a54d4e55b278e9f760,2025-03-13,5770.595066,22.0,8.0,28439.44318181818,0.0,0.0,0.36363636363636365,0.0,45.0,Neutral
0x4f93fead39b70a1824f981a54d4e55b278e9f760,2025-03-14,11039.384571,25.0,10.0,22036.920000000006,0.0,0.0,0.4,0.0,27.0,Fear
0x4f93fead39b70a1824f981a54d4e55b278e9f760,2025-03-15,575.945518,8.0,7.0,17424.6975,0.0,0.0,0.875,0.0,46.0,Neutral
0x4f93fead39b70a1824f981a54d4e55b278e9f760,2025-03-16,144.99309,6.0,2.0,26689.39,0.0,0.0,0.3333333333333333,0.0,30.0,Fear
0x4f93fead39b70a1824f981a54d4e55b278e9f760,2025-03-17,2220.589556,11.0,8.0,18384.756363636363,0.0,0.0,0.7272727272727273,0.0,32.0,Fear
0x4f93fead39b70a1824f981a54d4e55b278e9f760,2025-03-18,362.477712,44.0,1.0,9083.757954545456,0.0,0.0,0.022727272727272728,0.0,34.0,Fear
0x4f93fead39b70a1824f981a54d4e55b278e9f760,2025-03-19,1438.7176559999998,29.0,28.0,11776.706206896553,0.0,0.0,0.9655172413793104,0.0,32.0,Fear
0x4f93fead39b70a1824f981a54d4e55b278e9f760,2025-03-20,0.0,8.0,0.0,14999.98875,0.0,0.0,0.0,0.0,49.0,Neutral
0x4f93fead39b70a1824f981a54d4e55b278e9f760,2025-03-21,0.0,6.0,0.0,30000.725000000002,0.0,0.0,0.0,0.0,31.0,Fear
0x4f93fead39b70a1824f981a54d4e55b278e9f760,2025-03-22,58.00763499999999,24.0,24.0,12502.583333333334,0.0,0.0,1.0,0.0,32.0,Fear
0x4f93fead39b70a1824f981a54d4e55b278e9f760,2025-03-23,134.82844,10.0,9.0,4013.4539999999993,0.0,0.0,0.9,0.0,30.0,Fear
0x4f93fead39b70a1824f981a54d4e55b278e9f760,2025-03-24,0.0,14.0,0.0,4285.633571428572,0.0,0.0,0.0,0.0,45.0,Neutral
0x4f93fead39b70a1824f981a54d4e55b278e9f760,2025-03-25,217.47456799999998,9.0,5.0,13309.063333333334,0.0,0.0,0.5555555555555556,0.0,46.0,Neutral
0x4f93fead39b70a1824f981a54d4e55b278e9f760,2025-03-26,980.433384,10.0,6.0,20075.692999999996,0.0,0.0,0.6,0.0,47.0,Neutral
0x4f93fead39b70a1824f981a54d4e55b278e9f760,2025-03-27,4329.319769,40.0,16.0,19609.212,0.0,0.0,0.4,0.0,40.0,Fear
0x4f93fead39b70a1824f981a54d4e55b278e9f760,2025-03-28,0.0,10.0,0.0,19998.763,0.0,0.0,0.0,0.0,44.0,Fear
0x4f93fead39b70a1824f981a54d4e55b278e9f760,2025-03-29,0.0,8.0,0.0,27499.309999999998,0.0,0.0,0.0,0.0,26.0,Fear
0x4f93fead39b70a1824f981a54d4e55b278e9f760,2025-03-31,2112.5276,40.0,22.0,18052.58175,0.0,0.0,0.55,0.0,34.0,Fear
0x4f93fead39b70a1824f981a54d4e55b278e9f760,2025-04-01,1402.0824879999996,20.0,8.0,7070.317,0.0,0.0,0.4,0.0,34.0,Fear
0x4f93fead39b70a1824f981a54d4e55b278e9f760,2025-04-02,0.0,1.0,0.0,19999.7,0.0,0.0,0.0,0.0,44.0,Fear
0x4f93fead39b70a1824f981a54d4e55b278e9f760,2025-04-03,0.0,9.0,0.0,31104.344444444443,0.0,0.0,0.0,0.0,25.0,Fear
0x4f93fead39b70a1824f981a54d4e55b278e9f760,2025-04-04,4591.427138999999,21.0,13.0,20216.69714285714,0.0,0.0,0.6190476190476191,0.0,28.0,Fear
0x4f93fead39b70a1824f981a54d4e55b278e9f760,2025-04-06,0.0,7.0,0.0,25710.512857142858,0.0,0.0,0.0,0.0,34.0,Fear
0x4f93fead39b70a1824f981a54d4e55b278e9f760,2025-04-07,0.0,45.0,0.0,13332.736888888887,0.0,0.0,0.0,0.0,23.0,Extreme Fear
0x4f93fead39b70a1824f981a54d4e55b278e9f760,2025-04-08,21114.136771999998,28.0,24.0,38252.94535714285,0.0,0.0,0.8571428571428571,0.0,24.0,Extreme Fear
0x4f93fead39b70a1824f981a54d4e55b278e9f760,2025-04-09,25875.837655999996,45.0,24.0,19464.35377777778,0.0,0.0,0.5333333333333333,0.0,18.0,Extreme Fear
0x4f93fead39b70a1824f981a54d4e55b278e9f760,2025-04-10,0.0,9.0,0.0,16655.645555555555,0.0,0.0,0.0,0.0,39.0,Fear
0x4f93fead39b70a1824f981a54d4e55b278e9f760,2025-04-11,3188.3381949999994,3.0,3.0,51029.70333333334,0.0,0.0,1.0,0.0,25.0,Fear
0x4f93fead39b70a1824f981a54d4e55b278e9f760,2025-04-13,253.67505,8.0,3.0,6281.60375,0.0,0.0,0.375,0.0,45.0,Neutral
0x4f93fead39b70a1824f981a54d4e55b278e9f760,2025-04-14,322.73095,27.0,4.0,4642.29925925926,0.0,0.0,0.14814814814814814,0.0,31.0,Fear
0x4f93fead39b70a1824f981a54d4e55b278e9f760,2025-04-16,0.0,4.0,0.0,18749.705,0.0,0.0,0.0,0.0,29.0,Fear
0x4f93fead39b70a1824f981a54d4e55b278e9f760,2025-04-17,1713.120195,9.0,8.0,19636.30777777778,0.0,0.0,0.8888888888888888,0.0,30.0,Fear
0x4f93fead39b70a1824f981a54d4e55b278e9f760,2025-04-18,0.0,4.0,0.0,12499.515,0.0,0.0,0.0,0.0,33.0,Fear
0x4f93fead39b70a1824f981a54d4e55b278e9f760,2025-04-19,721.976596,18.0,13.0,8373.388333333332,0.0,0.0,0.7222222222222222,0.0,32.0,Fear
0x4f93fead39b70a1824f981a54d4e55b278e9f760,2025-04-20,0.0,8.0,0.0,15624.631249999999,0.0,0.0,0.0,0.0,37.0,Fear
0x4f93fead39b70a1824f981a54d4e55b278e9f760,2025-04-21,459.153994,9.0,9.0,16717.272222222222,0.0,0.0,1.0,0.0,39.0,Fear
0x4f93fead39b70a1824f981a54d4e55b278e9f760,2025-04-24,0.0,4.0,0.0,18749.59,0.0,0.0,0.0,0.0,63.0,Greed
0x4f93fead39b70a1824f981a54d4e55b278e9f760,2025-04-25,0.0,16.0,0.0,28126.7575,0.0,0.0,0.0,0.0,60.0,Greed
0x4f93fead39b70a1824f981a54d4e55b278e9f760,2025-04-30,5286.100993,36.0,23.0,19298.76833333333,0.0,0.0,0.6388888888888888,0.0,56.0,Greed
0x4f93fead39b70a1824f981a54d4e55b278e9f760,2025-05-01,1220.746604,14.0,7.0,14373.198571428571,0.0,0.0,0.5,0.0,53.0,Neutral
0x513b8629fe877bb581bf244e326a047b249c4ff1,2024-12-09,0.0,42.0,0.0,1682.2211904761907,42.0,0.0,0.0,42000000000.0,78.0,Extreme Greed
0x513b8629fe877bb581bf244e326a047b249c4ff1,2024-12-12,0.0,89.0,0.0,3332.177640449439,89.0,0.0,0.0,89000000000.0,83.0,Extreme Greed
0x513b8629fe877bb581bf244e326a047b249c4ff1,2024-12-15,0.0,28.0,0.0,4194.129285714285,28.0,0.0,0.0,28000000000.0,80.0,Extreme Greed
0x513b8629fe877bb581bf244e326a047b249c4ff1,2024-12-19,0.0,64.0,0.0,3791.8651562500004,64.0,0.0,0.0,63999999999.99999,75.0,Extreme Greed
0x513b8629fe877bb581bf244e326a047b249c4ff1,2025-02-14,194499.072534,464.0,464.0,1986.7047629310346,0.0,464.0,1.0,0.0,48.0,Neutral
0x513b8629fe877bb581bf244e326a047b249c4ff1,2025-02-17,0.0,292.0,0.0,3155.8947260273967,292.0,0.0,0.0,292000000000.0,51.0,Neutral
0x513b8629fe877bb581bf244e326a047b249c4ff1,2025-03-17,0.0,35.0,0.0,9144.806857142858,0.0,0.0,0.0,0.0,32.0,Fear
0x513b8629fe877bb581bf244e326a047b249c4ff1,2025-03-18,5429.87424,6.0,6.0,43103.988333333335,0.0,0.0,1.0,0.0,34.0,Fear
0x513b8629fe877bb581bf244e326a047b249c4ff1,2025-03-19,13272.411278,133.0,20.0,6491.884887218044,0.0,0.0,0.15037593984962405,0.0,32.0,Fear
0x513b8629fe877bb581bf244e326a047b249c4ff1,2025-03-20,3865.0135720000007,75.0,75.0,1391.7530666666669,0.0,0.0,1.0,0.0,49.0,Neutral
0x513b8629fe877bb581bf244e326a047b249c4ff1,2025-03-27,0.0,77.0,0.0,2064.410909090909,0.0,0.0,0.0,0.0,40.0,Fear
0x513b8629fe877bb581bf244e326a047b249c4ff1,2025-03-28,1470.4077940000002,84.0,84.0,1909.8789285714288,0.0,0.0,1.0,0.0,44.0,Fear
0x513b8629fe877bb581bf244e326a047b249c4ff1,2025-04-01,0.0,13.0,0.0,13807.810000000001,0.0,0.0,0.0,0.0,34.0,Fear
0x513b8629fe877bb581bf244e326a047b249c4ff1,2025-04-03,0.0,49.0,0.0,2260.959795918367,0.0,0.0,0.0,0.0,25.0,Fear
0x513b8629fe877bb581bf244e326a047b249c4ff1,2025-04-05,0.0,34.0,0.0,2537.0485294117643,0.0,0.0,0.0,0.0,30.0,Fear
0x513b8629fe877bb581bf244e326a047b249c4ff1,2025-04-07,-37999.868085999995,76.0,6.0,6969.902236842105,0.0,0.0,0.07894736842105263,0.0,23.0,Extreme Fear
0x513b8629fe877bb581bf244e326a047b249c4ff1,2025-04-08,3131.8401080000003,148.0,16.0,9667.030743243242,0.0,0.0,0.10810810810810811,0.0,24.0,Extreme Fear
0x513b8629fe877bb581bf244e326a047b249c4ff1,2025-04-09,-36253.79272599999,122.0,83.0,11281.935245901639,0.0,0.0,0.680327868852459,0.0,18.0,Extreme Fear
0x513b8629fe877bb581bf244e326a047b249c4ff1,2025-04-10,22908.117384000005,337.0,244.0,25584.4765578635,0.0,0.0,0.7240356083086054,0.0,39.0,Fear
0x513b8629fe877bb581bf244e326a047b249c4ff1,2025-04-11,0.0,65.0,0.0,33255.746,0.0,0.0,0.0,0.0,25.0,Fear
0x513b8629fe877bb581bf244e326a047b249c4ff1,2025-04-12,88152.006818,1251.0,195.0,40967.58708233413,0.0,0.0,0.15587529976019185,0.0,43.0,Fear
0x513b8629fe877bb581bf244e326a047b249c4ff1,2025-04-13,11239.437228,285.0,86.0,31745.770947368415,0.0,0.0,0.3017543859649123,0.0,45.0,Neutral
0x513b8629fe877bb581bf244e326a047b249c4ff1,2025-04-14,7922.167264999999,230.0,58.0,38233.16656521739,0.0,0.0,0.25217391304347825,0.0,31.0,Fear
0x513b8629fe877bb581bf244e326a047b249c4ff1,2025-04-15,40966.673478000004,731.0,433.0,25242.244090287277,0.0,0.0,0.5923392612859097,0.0,38.0,Fear
0x513b8629fe877bb581bf244e326a047b249c4ff1,2025-04-16,41498.141783,886.0,342.0,39232.42645598194,0.0,0.0,0.3860045146726862,0.0,29.0,Fear
0x513b8629fe877bb581bf244e326a047b249c4ff1,2025-04-17,0.0,5.0,0.0,147619.302,0.0,0.0,0.0,0.0,30.0,Fear
0x513b8629fe877bb581bf244e326a047b249c4ff1,2025-04-18,43400.145539000005,379.0,289.0,58751.562744063325,0.0,0.0,0.762532981530343,0.0,33.0,Fear
0x513b8629fe877bb581bf244e326a047b249c4ff1,2025-04-19,62373.791703999996,637.0,229.0,43140.85288854003,0.0,0.0,0.35949764521193095,0.0,32.0,Fear
0x513b8629fe877bb581bf244e326a047b249c4ff1,2025-04-20,0.0,160.0,0.0,52569.3078125,0.0,0.0,0.0,0.0,37.0,Fear
0x513b8629fe877bb581bf244e326a047b249c4ff1,2025-04-21,39772.479641,869.0,316.0,46044.36062140392,0.0,0.0,0.36363636363636365,0.0,39.0,Fear
0x513b8629fe877bb581bf244e326a047b249c4ff1,2025-04-22,73209.060448,418.0,185.0,62608.6357416268,0.0,0.0,0.44258373205741625,0.0,47.0,Neutral
0x513b8629fe877bb581bf244e326a047b249c4ff1,2025-04-23,1656.2117569999998,211.0,118.0,54580.961753554504,0.0,0.0,0.5592417061611374,0.0,72.0,Greed
0x513b8629fe877bb581bf244e326a047b249c4ff1,2025-04-24,35332.403093,672.0,303.0,47146.68354166667,0.0,0.0,0.45089285714285715,0.0,63.0,Greed
0x513b8629fe877bb581bf244e326a047b249c4ff1,2025-04-25,8410.754789999999,499.0,298.0,49855.811983967935,0.0,0.0,0.5971943887775552,0.0,60.0,Greed
0x513b8629fe877bb581bf244e326a047b249c4ff1,2025-04-26,0.0,314.0,0.0,35046.08286624204,0.0,0.0,0.0,0.0,65.0,Greed
0x513b8629fe877bb581bf244e326a047b249c4ff1,2025-04-28,37973.605394,654.0,349.0,38360.42061162079,0.0,0.0,0.5336391437308868,0.0,54.0,Neutral
0x513b8629fe877bb581bf244e326a047b249c4ff1,2025-04-29,117648.29530599999,992.0,474.0,32144.091129032262,0.0,0.0,0.4778225806451613,0.0,60.0,Greed
0x513b8629fe877bb581bf244e326a047b249c4ff1,2025-04-30,0.0,481.0,0.0,22932.819688149688,0.0,0.0,0.0,0.0,56.0,Greed
0x513b8629fe877bb581bf244e326a047b249c4ff1,2025-05-01,60544.304874,329.0,236.0,22713.250030395135,0.0,0.0,0.7173252279635258,0.0,53.0,Neutral
0x6d6a4b953f202f8df5bed40692e7fd865318264a,2024-12-11,698.009722,8.0,8.0,136.67374999999998,0.0,8.0,1.0,0.0,74.0,Greed
0x6d6a4b953f202f8df5bed40692e7fd865318264a,2024-12-12,362.84131,4.0,4.0,133.0725,0.0,4.0,1.0,0.0,83.0,Extreme Greed
0x6d6a4b953f202f8df5bed40692e7fd865318264a,2024-12-14,39057.10912,80.0,80.0,664.7225000000001,0.0,80.0,1.0,0.0,83.0,Extreme Greed
0x6d6a4b953f202f8df5bed40692e7fd865318264a,2024-12-15,18879.210270000003,15.0,15.0,1635.1666666666667,0.0,15.0,1.0,0.0,80.0,Extreme Greed
0x6d6a4b953f202f8df5bed40692e7fd865318264a,2024-12-16,12648.870411999998,47.0,47.0,341.35042553191494,0.0,47.0,1.0,0.0,83.0,Extreme Greed
0x6d6a4b953f202f8df5bed40692e7fd865318264a,2024-12-17,2244.0460300000004,7.0,7.0,401.26857142857136,0.0,7.0,1.0,0.0,87.0,Extreme Greed
0x6d6a4b953f202f8df5bed40692e7fd865318264a,2024-12-21,27649.187167,89.0,89.0,372.8596629213483,0.0,89.0,1.0,0.0,73.0,Greed
0x6d6a4b953f202f8df5bed40692e7fd865318264a,2025-01-11,0.0,33.0,0.0,227.26757575757577,33.0,0.0,0.0,32999999999.999996,69.0,Greed
0x6d6a4b953f202f8df5bed40692e7fd865318264a,2025-01-12,0.0,12.0,0.0,833.3333333333334,12.0,0.0,0.0,12000000000.0,62.0,Greed
0x6d6a4b953f202f8df5bed40692e7fd865318264a,2025-01-13,0.0,23.0,0.0,543.5169565217391,23.0,0.0,0.0,23000000000.0,61.0,Greed
0x6d6a4b953f202f8df5bed40692e7fd865318264a,2025-01-19,0.0,12.0,0.0,291.66749999999996,12.0,0.0,0.0,12000000000.0,77.0,Extreme Greed
0x6d6a4b953f202f8df5bed40692e7fd865318264a,2025-01-20,0.0,3.0,0.0,1666.64,3.0,0.0,0.0,3000000000.0,76.0,Extreme Greed
0x6d6a4b953f202f8df5bed40692e7fd865318264a,2025-01-23,0.0,3.0,0.0,141.0,3.0,0.0,0.0,3000000000.0,75.0,Extreme Greed
0x6d6a4b953f202f8df5bed40692e7fd865318264a,2025-01-27,0.0,11.0,0.0,1272.7318181818182,11.0,0.0,0.0,11000000000.0,71.0,Greed
0x6d6a4b953f202f8df5bed40692e7fd865318264a,2025-01-30,1643.6022789999997,8.0,8.0,1242.675,0.0,8.0,1.0,0.0,70.0,Greed
0x6d6a4b953f202f8df5bed40692e7fd865318264a,2025-02-01,0.0,5.0,0.0,1987.6240000000003,5.0,0.0,0.0,5000000000.0,68.0,Greed
0x6d6a4b953f202f8df5bed40692e7fd865318264a,2025-02-14,844.81689,21.0,21.0,254.39857142857142,0.0,21.0,1.0,0.0,48.0,Neutral
0x6d6a4b953f202f8df5bed40692e7fd865318264a,2025-02-15,0.0,11.0,0.0,485.49181818181825,11.0,0.0,0.0,11000000000.0,50.0,Neutral
0x6d6a4b953f202f8df5bed40692e7fd865318264a,2025-03-26,413.304033,18.0,2.0,875.7783333333332,16.0,2.0,0.1111111111111111,7.999999996,47.0,Neutral
0x6d6a4b953f202f8df5bed40692e7fd865318264a,2025-03-27,154.257092,23.0,15.0,550.3630434782608,8.0,15.0,0.6521739130434783,0.5333333332977778,40.0,Fear
0x6d6a4b953f202f8df5bed40692e7fd865318264a,2025-03-28,0.0,12.0,0.0,227.22500000000002,12.0,0.0,0.0,12000000000.0,44.0,Fear
0x6d6a4b953f202f8df5bed40692e7fd865318264a,2025-03-29,0.0,7.0,0.0,221.41285714285712,7.0,0.0,0.0,7000000000.0,26.0,Fear
0x6d6a4b953f202f8df5bed40692e7fd865318264a,2025-03-30,3.492534,6.0,1.0,276.01000000000005,4.0,1.0,0.16666666666666666,3.9999999959999997,32.0,Fear
0x6d6a4b953f202f8df5bed40692e7fd865318264a,2025-03-31,0.0,1.0,0.0,149.99,1.0,0.0,0.0,999999999.9999999,34.0,Fear
0x6d6a4b953f202f8df5bed40692e7fd865318264a,2025-04-01,132.71954399999998,14.0,4.0,1954.310714285714,0.0,0.0,0.2857142857142857,0.0,34.0,Fear
0x6d6a4b953f202f8df5bed40692e7fd865318264a,2025-04-02,234.497751,34.0,9.0,1120.655,6.0,0.0,0.2647058823529412,6000000000.0,44.0,Fear
0x6d6a4b953f202f8df5bed40692e7fd865318264a,2025-04-03,298.031364,20.0,5.0,922.9385,14.0,0.0,0.25,14000000000.0,25.0,Fear
0x6d6a4b953f202f8df5bed40692e7fd865318264a,2025-04-04,392.35488599999996,60.0,9.0,626.2960000000002,31.0,4.0,0.15,7.7499999980625,28.0,Fear
0x6d6a4b953f202f8df5bed40692e7fd865318264a,2025-04-05,41.479757,17.0,11.0,1026.9088235294118,0.0,0.0,0.6470588235294118,0.0,30.0,Fear
0x6d6a4b953f202f8df5bed40692e7fd865318264a,2025-04-06,207.98348199999998,22.0,10.0,1384.9813636363635,11.0,1.0,0.45454545454545453,10.999999988999999,34.0,Fear
0x6d6a4b953f202f8df5bed40692e7fd865318264a,2025-04-07,232.00072600000001,51.0,7.0,990.5305882352941,24.0,0.0,0.13725490196078433,24000000000.0,23.0,Extreme Fear
0x6d6a4b953f202f8df5bed40692e7fd865318264a,2025-04-08,409.437344,32.0,12.0,1307.165,0.0,0.0,0.375,0.0,24.0,Extreme Fear
0x6d6a4b953f202f8df5bed40692e7fd865318264a,2025-04-09,1395.820542,60.0,25.0,902.617,10.0,22.0,0.4166666666666667,0.4545454545247934,18.0,Extreme Fear
0x6d6a4b953f202f8df5bed40692e7fd865318264a,2025-04-10,463.81313199999994,18.0,9.0,1599.0455555555557,0.0,0.0,0.5,0.0,39.0,Fear
0x6d6a4b953f202f8df5bed40692e7fd865318264a,2025-04-11,56.216535,5.0,1.0,2161.054,0.0,0.0,0.2,0.0,25.0,Fear
0x6d6a4b953f202f8df5bed40692e7fd865318264a,2025-04-12,-89.1781,12.0,0.0,1094.5383333333336,0.0,0.0,0.0,0.0,43.0,Fear
0x6d6a4b953f202f8df5bed40692e7fd865318264a,2025-04-13,0.0,1.0,0.0,999.44,0.0,0.0,0.0,0.0,45.0,Neutral
0x6d6a4b953f202f8df5bed40692e7fd865318264a,2025-04-14,73.7414,5.0,1.0,2214.596,0.0,0.0,0.2,0.0,31.0,Fear
0x6d6a4b953f202f8df5bed40692e7fd865318264a,2025-04-15,0.0,8.0,0.0,1124.9512499999998,0.0,0.0,0.0,0.0,38.0,Fear
0x6d6a4b953f202f8df5bed40692e7fd865318264a,2025-04-16,70.94968,4.0,4.0,494.38,0.0,0.0,1.0,0.0,29.0,Fear
0x6d6a4b953f202f8df5bed40692e7fd865318264a,2025-04-19,0.0,85.0,0.0,414.2778823529412,0.0,0.0,0.0,0.0,32.0,Fear
0x6d6a4b953f202f8df5bed40692e7fd865318264a,2025-04-21,0.0,6.0,0.0,1166.0616666666667,0.0,0.0,0.0,0.0,39.0,Fear
0x6d6a4b953f202f8df5bed40692e7fd865318264a,2025-04-22,0.0,10.0,0.0,999.8320000000001,0.0,0.0,0.0,0.0,47.0,Neutral
0x6d6a4b953f202f8df5bed40692e7fd865318264a,2025-04-23,0.0,18.0,0.0,527.7555555555555,0.0,0.0,0.0,0.0,72.0,Greed
0x6d6a4b953f202f8df5bed40692e7fd865318264a,2025-04-24,168.69881,20.0,13.0,441.69900000000007,0.0,0.0,0.65,0.0,63.0,Greed
0x6d6a4b953f202f8df5bed40692e7fd865318264a,2025-04-25,0.0,7.0,0.0,535.6742857142857,0.0,0.0,0.0,0.0,60.0,Greed
0x6d6a4b953f202f8df5bed40692e7fd865318264a,2025-04-26,43.903059999999996,7.0,4.0,1815.0585714285714,0.0,0.0,0.5714285714285714,0.0,65.0,Greed
0x72743ae2822edd658c0c50608fd7c5c501b2afbd,2024-12-17,0.0,98.0,0.0,18481.632448979595,0.0,0.0,0.0,0.0,87.0,Extreme Greed
0x72743ae2822edd658c0c50608fd7c5c501b2afbd,2024-12-22,327545.999992,104.0,104.0,14265.865288461539,0.0,0.0,1.0,0.0,73.0,Greed
0x72743ae2822edd658c0c50608fd7c5c501b2afbd,2025-01-04,0.0,141.0,0.0,11569.857730496453,0.0,0.0,0.0,0.0,73.0,Greed
0x72743ae2822edd658c0c50608fd7c5c501b2afbd,2025-01-08,122050.86698399998,48.0,48.0,31443.711666666666,0.0,0.0,1.0,0.0,70.0,Greed
0x72743ae2822edd658c0c50608fd7c5c501b2afbd,2025-02-28,0.0,77.0,0.0,1457.880909090909,19.0,0.0,0.0,19000000000.0,16.0,Extreme Fear
0x72743ae2822edd658c0c50608fd7c5c501b2afbd,2025-03-08,0.0,15.0,0.0,2119.8666666666663,10.0,0.0,0.0,10000000000.0,28.0,Fear
0x72743ae2822edd658c0c50608fd7c5c501b2afbd,2025-03-09,0.0,90.0,0.0,1365.6884444444447,74.0,0.0,0.0,74000000000.0,27.0,Fear
0x72743ae2822edd658c0c50608fd7c5c501b2afbd,2025-04-08,0.0,77.0,0.0,2481.818051948052,37.0,0.0,0.0,37000000000.0,24.0,Extreme Fear
0x72743ae2822edd658c0c50608fd7c5c501b2afbd,2025-04-09,33980.0,355.0,312.0,8095.553154929577,0.0,0.0,0.8788732394366198,0.0,18.0,Extreme Fear
0x72743ae2822edd658c0c50608fd7c5c501b2afbd,2025-04-10,0.0,8.0,0.0,12530.401249999999,0.0,0.0,0.0,0.0,39.0,Fear
0x72743ae2822edd658c0c50608fd7c5c501b2afbd,2025-04-11,0.0,3.0,0.0,51734.1,0.0,0.0,0.0,0.0,25.0,Fear
0x72743ae2822edd658c0c50608fd7c5c501b2afbd,2025-04-16,-14838.4,53.0,0.0,4603.773962264151,0.0,0.0,0.0,0.0,29.0,Fear
0x72743ae2822edd658c0c50608fd7c5c501b2afbd,2025-04-18,-42923.271911,65.0,50.0,8851.193692307694,0.0,50.0,0.7692307692307693,0.0,33.0,Fear
0x72743ae2822edd658c0c50608fd7c5c501b2afbd,2025-04-19,0.0,39.0,0.0,1287.706923076923,0.0,0.0,0.0,0.0,32.0,Fear
0x72743ae2822edd658c0c50608fd7c5c501b2afbd,2025-04-20,-458.08034999999995,38.0,0.0,1333.6473684210523,0.0,0.0,0.0,0.0,37.0,Fear
0x72743ae2822edd658c0c50608fd7c5c501b2afbd,2025-04-22,0.0,79.0,0.0,1341.772278481013,0.0,0.0,0.0,0.0,47.0,Neutral
0x72743ae2822edd658c0c50608fd7c5c501b2afbd,2025-04-23,10148.4512,167.0,36.0,1633.487844311377,0.0,0.0,0.2155688622754491,0.0,72.0,Greed
0x72743ae2822edd658c0c50608fd7c5c501b2afbd,2025-04-24,-3500.0000000000005,111.0,0.0,878.3780180180182,0.0,0.0,0.0,0.0,63.0,Greed
0x72743ae2822edd658c0c50608fd7c5c501b2afbd,2025-04-25,-2650.0000000000005,22.0,0.0,2502.2713636363637,0.0,0.0,0.0,0.0,60.0,Greed
0x72c6a4624e1dffa724e6d00d64ceae698af892a0,2024-09-20,0.0,4.0,0.0,7075.442500000001,0.0,0.0,0.0,0.0,54.0,Neutral
0x72c6a4624e1dffa724e6d00d64ceae698af892a0,2024-09-24,0.0,1.0,0.0,6113.57,0.0,0.0,0.0,0.0,54.0,Neutral
0x72c6a4624e1dffa724e6d00d64ceae698af892a0,2024-09-25,0.0,3.0,0.0,917.6733333333333,0.0,0.0,0.0,0.0,59.0,Greed
0x72c6a4624e1dffa724e6d00d64ceae698af892a0,2024-09-26,0.0,5.0,0.0,6654.302000000001,0.0,0.0,0.0,0.0,50.0,Neutral
0x72c6a4624e1dffa724e6d00d64ceae698af892a0,2024-09-27,0.0,46.0,0.0,567.4939130434783,0.0,0.0,0.0,0.0,61.0,Greed
0x72c6a4624e1dffa724e6d00d64ceae698af892a0,2024-09-28,0.0,4.0,0.0,7299.8025,0.0,0.0,0.0,0.0,64.0,Greed
0x72c6a4624e1dffa724e6d00d64ceae698af892a0,2024-09-30,0.0,96.0,0.0,389.4682291666666,0.0,0.0,0.0,0.0,61.0,Greed
0x72c6a4624e1dffa724e6d00d64ceae698af892a0,2024-10-25,8692.0,5.0,5.0,4659.2,0.0,0.0,1.0,0.0,72.0,Greed
0x72c6a4624e1dffa724e6d00d64ceae698af892a0,2024-10-26,42471.99413,6.0,6.0,14778.143333333332,0.0,0.0,1.0,0.0,,
0x72c6a4624e1dffa724e6d00d64ceae698af892a0,2024-11-29,573.585288,1.0,1.0,573.59,0.0,1.0,1.0,0.0,78.0,Extreme Greed
0x72c6a4624e1dffa724e6d00d64ceae698af892a0,2024-12-12,0.0,17.0,0.0,1397.385294117647,0.0,0.0,0.0,0.0,83.0,Extreme Greed
0x72c6a4624e1dffa724e6d00d64ceae698af892a0,2024-12-13,0.0,30.0,0.0,2951.88,0.0,0.0,0.0,0.0,76.0,Extreme Greed
0x72c6a4624e1dffa724e6d00d64ceae698af892a0,2024-12-14,0.0,43.0,0.0,2042.2541860465114,0.0,0.0,0.0,0.0,83.0,Extreme Greed
0x72c6a4624e1dffa724e6d00d64ceae698af892a0,2024-12-15,0.0,8.0,0.0,2812.5,0.0,0.0,0.0,0.0,80.0,Extreme Greed
0x72c6a4624e1dffa724e6d00d64ceae698af892a0,2024-12-16,0.0,41.0,0.0,1561.8182926829268,0.0,0.0,0.0,0.0,83.0,Extreme Greed
0x72c6a4624e1dffa724e6d00d64ceae698af892a0,2024-12-17,0.0,14.0,0.0,3150.006428571429,0.0,0.0,0.0,0.0,87.0,Extreme Greed
0x72c6a4624e1dffa724e6d00d64ceae698af892a0,2024-12-18,0.0,31.0,0.0,3206.4512903225814,0.0,0.0,0.0,0.0,81.0,Extreme Greed
0x72c6a4624e1dffa724e6d00d64ceae698af892a0,2024-12-19,0.0,1.0,0.0,24880.0,0.0,0.0,0.0,0.0,75.0,Extreme Greed
0x72c6a4624e1dffa724e6d00d64ceae698af892a0,2024-12-20,0.0,28.0,0.0,4121.142857142857,0.0,0.0,0.0,0.0,74.0,Greed
0x72c6a4624e1dffa724e6d00d64ceae698af892a0,2024-12-23,0.0,35.0,0.0,3422.064857142858,0.0,0.0,0.0,0.0,70.0,Greed
0x72c6a4624e1dffa724e6d00d64ceae698af892a0,2024-12-25,0.0,1.0,0.0,28677.0,0.0,0.0,0.0,0.0,73.0,Greed
0x72c6a4624e1dffa724e6d00d64ceae698af892a0,2024-12-27,0.0,6.0,0.0,9450.001666666665,0.0,0.0,0.0,0.0,74.0,Greed
0x72c6a4624e1dffa724e6d00d64ceae698af892a0,2024-12-28,0.0,34.0,0.0,2406.462941176471,0.0,0.0,0.0,0.0,72.0,Greed
0x72c6a4624e1dffa724e6d00d64ceae698af892a0,2024-12-29,0.0,14.0,0.0,5006.2699999999995,0.0,0.0,0.0,0.0,73.0,Greed
0x72c6a4624e1dffa724e6d00d64ceae698af892a0,2024-12-30,0.0,15.0,0.0,2392.239333333333,0.0,0.0,0.0,0.0,65.0,Greed
0x72c6a4624e1dffa724e6d00d64ceae698af892a0,2025-01-02,0.0,3.0,0.0,8894.193333333335,0.0,0.0,0.0,0.0,70.0,Greed
0x72c6a4624e1dffa724e6d00d64ceae698af892a0,2025-01-03,0.0,6.0,0.0,6065.749999999999,0.0,0.0,0.0,0.0,74.0,Greed
0x72c6a4624e1dffa724e6d00d64ceae698af892a0,2025-01-04,0.0,1.0,0.0,2128.95,0.0,0.0,0.0,0.0,73.0,Greed
0x72c6a4624e1dffa724e6d00d64ceae698af892a0,2025-01-05,0.0,8.0,0.0,2863.6875,0.0,0.0,0.0,0.0,72.0,Greed
0x72c6a4624e1dffa724e6d00d64ceae698af892a0,2025-01-06,0.0,25.0,0.0,2910.8484000000003,0.0,0.0,0.0,0.0,76.0,Extreme Greed
0x72c6a4624e1dffa724e6d00d64ceae698af892a0,2025-01-09,10647.977,1.0,1.0,38563.98,0.0,0.0,1.0,0.0,69.0,Greed
0x72c6a4624e1dffa724e6d00d64ceae698af892a0,2025-01-24,0.0,2.0,0.0,2258.9,2.0,0.0,0.0,1999999999.9999998,75.0,Extreme Greed
0x72c6a4624e1dffa724e6d00d64ceae698af892a0,2025-01-25,0.0,14.0,0.0,3981.571428571428,14.0,0.0,0.0,14000000000.0,75.0,Extreme Greed
0x72c6a4624e1dffa724e6d00d64ceae698af892a0,2025-01-26,262.95,55.0,16.0,1671.9961818181819,0.0,0.0,0.2909090909090909,0.0,73.0,Greed
0x72c6a4624e1dffa724e6d00d64ceae698af892a0,2025-01-27,0.0,1.0,0.0,11300.0,0.0,0.0,0.0,0.0,71.0,Greed
0x72c6a4624e1dffa724e6d00d64ceae698af892a0,2025-01-28,1474.79,70.0,38.0,1620.2648571428574,0.0,0.0,0.5428571428571428,0.0,72.0,Greed
0x72c6a4624e1dffa724e6d00d64ceae698af892a0,2025-02-02,0.0,37.0,0.0,837.1502702702703,0.0,0.0,0.0,0.0,60.0,Greed
0x72c6a4624e1dffa724e6d00d64ceae698af892a0,2025-02-04,0.0,1.0,0.0,15000.0,0.0,0.0,0.0,0.0,72.0,Greed
0x72c6a4624e1dffa724e6d00d64ceae698af892a0,2025-02-07,0.0,54.0,0.0,772.9157407407406,0.0,0.0,0.0,0.0,44.0,Fear
0x72c6a4624e1dffa724e6d00d64ceae698af892a0,2025-02-10,0.0,24.0,0.0,2206.1225,0.0,0.0,0.0,0.0,43.0,Fear
0x72c6a4624e1dffa724e6d00d64ceae698af892a0,2025-02-14,0.0,5.0,0.0,3058.91,0.0,0.0,0.0,0.0,48.0,Neutral
0x72c6a4624e1dffa724e6d00d64ceae698af892a0,2025-02-15,0.0,7.0,0.0,1628.5714285714287,0.0,0.0,0.0,0.0,50.0,Neutral
0x72c6a4624e1dffa724e6d00d64ceae698af892a0,2025-02-16,0.0,6.0,0.0,1650.0,0.0,0.0,0.0,0.0,54.0,Neutral
0x72c6a4624e1dffa724e6d00d64ceae698af892a0,2025-02-18,0.0,9.0,0.0,701.2211111111112,0.0,0.0,0.0,0.0,47.0,Neutral
0x72c6a4624e1dffa724e6d00d64ceae698af892a0,2025-02-21,0.0,18.0,0.0,374.33000000000004,0.0,0.0,0.0,0.0,55.0,Greed
0x72c6a4624e1dffa724e6d00d64ceae698af892a0,2025-02-22,0.0,14.0,0.0,1038.0950000000003,0.0,0.0,0.0,0.0,49.0,Neutral
0x72c6a4624e1dffa724e6d00d64ceae698af892a0,2025-02-25,81776.7151,137.0,136.0,1940.0335036496351,0.0,0.0,0.9927007299270073,0.0,25.0,Fear
0x72c6a4624e1dffa724e6d00d64ceae698af892a0,2025-02-26,8230.0,1.0,1.0,23710.0,0.0,0.0,1.0,0.0,21.0,Extreme Fear
0x72c6a4624e1dffa724e6d00d64ceae698af892a0,2025-02-27,8517.7655,13.0,13.0,2059.1938461538457,0.0,0.0,1.0,0.0,10.0,Extreme Fear
0x72c6a4624e1dffa724e6d00d64ceae698af892a0,2025-02-28,15700.5,3.0,2.0,7567.57,0.0,0.0,0.6666666666666666,0.0,16.0,Extreme Fear
0x72c6a4624e1dffa724e6d00d64ceae698af892a0,2025-03-01,0.0,14.0,0.0,791.357857142857,0.0,0.0,0.0,0.0,20.0,Extreme Fear
0x72c6a4624e1dffa724e6d00d64ceae698af892a0,2025-03-02,10915.212,25.0,25.0,1366.0404,0.0,0.0,1.0,0.0,26.0,Fear
0x72c6a4624e1dffa724e6d00d64ceae698af892a0,2025-03-03,17247.427499999998,16.0,10.0,3784.5093749999996,0.0,0.0,0.625,0.0,33.0,Fear
0x72c6a4624e1dffa724e6d00d64ceae698af892a0,2025-03-04,169132.29611,155.0,77.0,3030.0763225806445,0.0,0.0,0.4967741935483871,0.0,15.0,Extreme Fear
0x72c6a4624e1dffa724e6d00d64ceae698af892a0,2025-03-07,0.0,10.0,0.0,496.50100000000003,0.0,0.0,0.0,0.0,34.0,Fear
0x72c6a4624e1dffa724e6d00d64ceae698af892a0,2025-03-08,0.0,7.0,0.0,480.2857142857143,0.0,0.0,0.0,0.0,28.0,Fear
0x72c6a4624e1dffa724e6d00d64ceae698af892a0,2025-03-09,0.0,21.0,0.0,232.88047619047617,0.0,0.0,0.0,0.0,27.0,Fear
0x72c6a4624e1dffa724e6d00d64ceae698af892a0,2025-03-10,-2680.0,35.0,0.0,678.8711428571429,0.0,0.0,0.0,0.0,20.0,Extreme Fear
0x72c6a4624e1dffa724e6d00d64ceae698af892a0,2025-03-15,0.0,1.0,0.0,5925.5,0.0,0.0,0.0,0.0,46.0,Neutral
0x72c6a4624e1dffa724e6d00d64ceae698af892a0,2025-04-12,-3546.9,12.0,0.0,1581.159166666667,0.0,0.0,0.0,0.0,43.0,Fear
0x72c6a4624e1dffa724e6d00d64ceae698af892a0,2025-04-13,-4526.698469,5.0,0.0,2040.0000000000005,0.0,0.0,0.0,0.0,45.0,Neutral
0x72c6a4624e1dffa724e6d00d64ceae698af892a0,2025-04-14,7848.0,3.0,3.0,2675.8333333333335,0.0,0.0,1.0,0.0,31.0,Fear
0x72c6a4624e1dffa724e6d00d64ceae698af892a0,2025-04-15,6335.6,6.0,6.0,1444.0666666666666,0.0,0.0,1.0,0.0,38.0,Fear
0x72c6a4624e1dffa724e6d00d64ceae698af892a0,2025-04-16,14609.800000000001,44.0,44.0,825.0,0.0,0.0,1.0,0.0,29.0,Fear
0x72c6a4624e1dffa724e6d00d64ceae698af892a0,2025-04-20,18374.629999999997,55.0,47.0,1135.2727272727275,0.0,0.0,0.8545454545454545,0.0,37.0,Fear
0x72c6a4624e1dffa724e6d00d64ceae698af892a0,2025-04-21,-9046.14,17.0,7.0,1703.0882352941176,0.0,0.0,0.4117647058823529,0.0,39.0,Fear
0x75f7eeb85dc639d5e99c78f95393aa9a5f1170d4,2024-01-19,-0.20400000000000001,9.0,1.0,169.64555555555555,0.0,0.0,0.1111111111111111,0.0,51.0,Neutral
0x75f7eeb85dc639d5e99c78f95393aa9a5f1170d4,2024-01-22,1166.248788,48.0,14.0,1125.4704166666668,0.0,0.0,0.2916666666666667,0.0,55.0,Greed
0x75f7eeb85dc639d5e99c78f95393aa9a5f1170d4,2024-01-26,90.2,2.0,1.0,4627.9,0.0,0.0,0.5,0.0,49.0,Neutral
0x75f7eeb85dc639d5e99c78f95393aa9a5f1170d4,2024-01-29,1.71544,2.0,1.0,1034.4299999999998,0.0,0.0,0.5,0.0,55.0,Greed
0x75f7eeb85dc639d5e99c78f95393aa9a5f1170d4,2024-02-14,3639.3031690000003,88.0,79.0,2478.8488636363636,0.0,0.0,0.8977272727272727,0.0,74.0,Greed
0x75f7eeb85dc639d5e99c78f95393aa9a5f1170d4,2024-02-15,1024.70728,52.0,49.0,1469.9592307692305,0.0,0.0,0.9423076923076923,0.0,72.0,Greed
0x75f7eeb85dc639d5e99c78f95393aa9a5f1170d4,2024-02-16,5491.768834,170.0,146.0,2730.258058823529,0.0,0.0,0.8588235294117647,0.0,72.0,Greed
0x75f7eeb85dc639d5e99c78f95393aa9a5f1170d4,2024-02-17,1670.012358,64.0,54.0,3161.86234375,0.0,0.0,0.84375,0.0,76.0,Extreme Greed
0x75f7eeb85dc639d5e99c78f95393aa9a5f1170d4,2024-02-18,477.62483,97.0,61.0,1619.0532989690726,0.0,0.0,0.6288659793814433,0.0,72.0,Greed
0x75f7eeb85dc639d5e99c78f95393aa9a5f1170d4,2024-02-19,4325.827543000001,95.0,76.0,2488.14852631579,0.0,0.0,0.8,0.0,75.0,Extreme Greed
0x75f7eeb85dc639d5e99c78f95393aa9a5f1170d4,2024-02-20,3053.31353,35.0,27.0,3363.1262857142856,0.0,0.0,0.7714285714285715,0.0,72.0,Greed
0x75f7eeb85dc639d5e99c78f95393aa9a5f1170d4,2024-02-21,1858.7985699999997,21.0,15.0,4668.662857142857,0.0,0.0,0.7142857142857143,0.0,78.0,Extreme Greed
0x75f7eeb85dc639d5e99c78f95393aa9a5f1170d4,2024-02-22,3894.10507,86.0,40.0,4279.456162790699,0.0,0.0,0.46511627906976744,0.0,74.0,Greed
0x75f7eeb85dc639d5e99c78f95393aa9a5f1170d4,2024-02-23,1418.5529299999998,143.0,137.0,776.966013986014,0.0,0.0,0.958041958041958,0.0,76.0,Extreme Greed
0x75f7eeb85dc639d5e99c78f95393aa9a5f1170d4,2024-02-25,-30.7705,5.0,0.0,896.0260000000001,0.0,0.0,0.0,0.0,74.0,Greed
0x75f7eeb85dc639d5e99c78f95393aa9a5f1170d4,2024-02-26,4416.8473,37.0,34.0,5180.734324324325,0.0,0.0,0.918918918918919,0.0,72.0,Greed
0x75f7eeb85dc639d5e99c78f95393aa9a5f1170d4,2024-02-27,312.1305930000001,55.0,19.0,3759.745090909091,0.0,0.0,0.34545454545454546,0.0,79.0,Extreme Greed
0x75f7eeb85dc639d5e99c78f95393aa9a5f1170d4,2024-02-28,2503.7472349999994,45.0,39.0,3802.380666666666,0.0,0.0,0.8666666666666667,0.0,82.0,Extreme Greed
0x75f7eeb85dc639d5e99c78f95393aa9a5f1170d4,2024-02-29,8493.192736,109.0,97.0,3402.1985321100924,0.0,0.0,0.8899082568807339,0.0,80.0,Extreme Greed
0x75f7eeb85dc639d5e99c78f95393aa9a5f1170d4,2024-03-01,8244.241409,137.0,128.0,3452.370072992701,0.0,0.0,0.9343065693430657,0.0,80.0,Extreme Greed
0x75f7eeb85dc639d5e99c78f95393aa9a5f1170d4,2024-03-02,1674.715167,24.0,21.0,2510.574583333333,0.0,0.0,0.875,0.0,80.0,Extreme Greed
0x75f7eeb85dc639d5e99c78f95393aa9a5f1170d4,2024-03-03,8361.086245,79.0,54.0,4946.147848101267,0.0,0.0,0.6835443037974683,0.0,83.0,Extreme Greed
0x75f7eeb85dc639d5e99c78f95393aa9a5f1170d4,2024-03-04,26773.771643,287.0,253.0,5485.087665505227,0.0,0.0,0.8815331010452961,0.0,82.0,Extreme Greed
0x75f7eeb85dc639d5e99c78f95393aa9a5f1170d4,2024-03-05,19791.026040999997,180.0,163.0,4676.724,0.0,0.0,0.9055555555555556,0.0,90.0,Extreme Greed
0x75f7eeb85dc639d5e99c78f95393aa9a5f1170d4,2024-03-06,6814.8251390000005,82.0,72.0,3990.4636585365856,0.0,0.0,0.8780487804878049,0.0,75.0,Extreme Greed
0x75f7eeb85dc639d5e99c78f95393aa9a5f1170d4,2024-03-08,4271.886236,67.0,59.0,2740.047462686567,0.0,0.0,0.8805970149253731,0.0,81.0,Extreme Greed
0x75f7eeb85dc639d5e99c78f95393aa9a5f1170d4,2024-03-09,9949.501623999999,117.0,97.0,5625.4594017094005,0.0,0.0,0.8290598290598291,0.0,84.0,Extreme Greed
0x75f7eeb85dc639d5e99c78f95393aa9a5f1170d4,2024-03-10,2482.9272,42.0,29.0,5237.4726190476185,0.0,0.0,0.6904761904761905,0.0,79.0,Extreme Greed
0x75f7eeb85dc639d5e99c78f95393aa9a5f1170d4,2024-03-11,3588.179495,42.0,39.0,4202.844047619048,0.0,0.0,0.9285714285714286,0.0,82.0,Extreme Greed
0x75f7eeb85dc639d5e99c78f95393aa9a5f1170d4,2024-03-12,3039.1659999999997,8.0,7.0,12880.10625,0.0,0.0,0.875,0.0,81.0,Extreme Greed
0x75f7eeb85dc639d5e99c78f95393aa9a5f1170d4,2024-03-14,3400.385378,17.0,15.0,11756.876470588235,0.0,0.0,0.8823529411764706,0.0,88.0,Extreme Greed
0x75f7eeb85dc639d5e99c78f95393aa9a5f1170d4,2024-03-15,5509.2545,35.0,32.0,7132.707714285713,0.0,0.0,0.9142857142857143,0.0,83.0,Extreme Greed
0x75f7eeb85dc639d5e99c78f95393aa9a5f1170d4,2024-03-17,73.61088,7.0,6.0,705.8557142857144,0.0,0.0,0.8571428571428571,0.0,79.0,Extreme Greed
0x75f7eeb85dc639d5e99c78f95393aa9a5f1170d4,2024-03-18,1244.6384,6.0,5.0,8540.285,0.0,0.0,0.8333333333333334,0.0,77.0,Extreme Greed
0x75f7eeb85dc639d5e99c78f95393aa9a5f1170d4,2024-03-19,842.799493,10.0,5.0,18098.891,0.0,0.0,0.5,0.0,79.0,Extreme Greed
0x75f7eeb85dc639d5e99c78f95393aa9a5f1170d4,2024-03-20,2593.1476230000003,59.0,56.0,2446.8210169491526,0.0,0.0,0.9491525423728814,0.0,74.0,Greed
0x75f7eeb85dc639d5e99c78f95393aa9a5f1170d4,2024-03-21,2097.182,23.0,22.0,4256.877391304348,0.0,0.0,0.9565217391304348,0.0,78.0,Extreme Greed
0x75f7eeb85dc639d5e99c78f95393aa9a5f1170d4,2024-03-24,1297.0184769999998,19.0,15.0,4873.274210526317,0.0,0.0,0.7894736842105263,0.0,74.0,Greed
0x75f7eeb85dc639d5e99c78f95393aa9a5f1170d4,2024-03-26,3195.3073999999992,111.0,109.0,1572.7824324324326,0.0,0.0,0.9819819819819819,0.0,81.0,Extreme Greed
0x75f7eeb85dc639d5e99c78f95393aa9a5f1170d4,2024-03-27,-38.780860000000004,11.0,0.0,1163.5172727272727,0.0,0.0,0.0,0.0,83.0,Extreme Greed
0x75f7eeb85dc639d5e99c78f95393aa9a5f1170d4,2024-03-28,227.851008,10.0,9.0,1530.9829999999997,0.0,0.0,0.9,0.0,80.0,Extreme Greed
0x75f7eeb85dc639d5e99c78f95393aa9a5f1170d4,2024-03-30,1100.5751400000001,45.0,44.0,2246.753777777778,0.0,0.0,0.9777777777777777,0.0,75.0,Extreme Greed
0x75f7eeb85dc639d5e99c78f95393aa9a5f1170d4,2024-04-01,2507.122467,48.0,40.0,4260.021458333334,0.0,0.0,0.8333333333333334,0.0,79.0,Extreme Greed
0x75f7eeb85dc639d5e99c78f95393aa9a5f1170d4,2024-04-03,126.7884,2.0,1.0,3443.955,0.0,0.0,0.5,0.0,71.0,Greed
0x75f7eeb85dc639d5e99c78f95393aa9a5f1170d4,2024-04-05,5296.433789000001,82.0,75.0,3723.1115853658534,0.0,0.0,0.9146341463414634,0.0,79.0,Extreme Greed
0x75f7eeb85dc639d5e99c78f95393aa9a5f1170d4,2024-04-08,1218.4267,2.0,1.0,24387.135,0.0,0.0,0.5,0.0,76.0,Extreme Greed
0x75f7eeb85dc639d5e99c78f95393aa9a5f1170d4,2024-04-12,2237.798674,93.0,71.0,2815.611935483871,0.0,0.0,0.7634408602150538,0.0,79.0,Extreme Greed
0x75f7eeb85dc639d5e99c78f95393aa9a5f1170d4,2024-04-13,6621.451755,71.0,61.0,4651.021830985916,0.0,0.0,0.8591549295774648,0.0,72.0,Greed
0x75f7eeb85dc639d5e99c78f95393aa9a5f1170d4,2024-04-14,461.97292000000004,43.0,30.0,1637.121627906977,0.0,0.0,0.6976744186046512,0.0,72.0,Greed
0x75f7eeb85dc639d5e99c78f95393aa9a5f1170d4,2024-04-15,3774.08872,38.0,35.0,6344.664210526316,0.0,0.0,0.9210526315789473,0.0,74.0,Greed
0x75f7eeb85dc639d5e99c78f95393aa9a5f1170d4,2024-04-16,2467.7022209999996,46.0,43.0,3952.5236956521744,0.0,1.0,0.9347826086956522,0.0,65.0,Greed
0x75f7eeb85dc639d5e99c78f95393aa9a5f1170d4,2024-04-17,2441.4683999999997,14.0,13.0,6968.785000000002,0.0,0.0,0.9285714285714286,0.0,67.0,Greed
0x75f7eeb85dc639d5e99c78f95393aa9a5f1170d4,2024-04-23,360.32138,12.0,4.0,3366.369166666666,0.0,0.0,0.3333333333333333,0.0,71.0,Greed
0x75f7eeb85dc639d5e99c78f95393aa9a5f1170d4,2024-05-03,-13.844579999999999,7.0,1.0,47.215714285714284,0.0,0.0,0.14285714285714285,0.0,48.0,Neutral
0x75f7eeb85dc639d5e99c78f95393aa9a5f1170d4,2024-05-05,0.916,2.0,1.0,41.15,0.0,0.0,0.5,0.0,69.0,Greed
0x75f7eeb85dc639d5e99c78f95393aa9a5f1170d4,2024-05-07,0.0,1.0,0.0,47.59,0.0,0.0,0.0,0.0,68.0,Greed
0x75f7eeb85dc639d5e99c78f95393aa9a5f1170d4,2024-05-08,1.56576,3.0,1.0,46.46,0.0,0.0,0.3333333333333333,0.0,64.0,Greed
0x75f7eeb85dc639d5e99c78f95393aa9a5f1170d4,2024-05-23,0.0,1.0,0.0,10.56,0.0,0.0,0.0,0.0,76.0,Extreme Greed
0x75f7eeb85dc639d5e99c78f95393aa9a5f1170d4,2024-06-13,-1.40304,1.0,0.0,11.97,0.0,0.0,0.0,0.0,70.0,Greed
0x75f7eeb85dc639d5e99c78f95393aa9a5f1170d4,2024-12-09,0.01574,7.0,3.0,16.73142857142857,0.0,0.0,0.42857142857142855,0.0,78.0,Extreme Greed
0x75f7eeb85dc639d5e99c78f95393aa9a5f1170d4,2024-12-10,3634.5681400000003,153.0,147.0,1401.2388888888888,0.0,0.0,0.9607843137254902,0.0,78.0,Extreme Greed
0x75f7eeb85dc639d5e99c78f95393aa9a5f1170d4,2024-12-11,1567.4026839999995,23.0,8.0,7024.881304347826,0.0,0.0,0.34782608695652173,0.0,74.0,Greed
0x75f7eeb85dc639d5e99c78f95393aa9a5f1170d4,2024-12-12,323.3489790000001,52.0,4.0,3563.27,0.0,0.0,0.07692307692307693,0.0,83.0,Extreme Greed
0x75f7eeb85dc639d5e99c78f95393aa9a5f1170d4,2024-12-13,8276.625256,26.0,25.0,4533.178461538461,0.0,0.0,0.9615384615384616,0.0,76.0,Extreme Greed
0x75f7eeb85dc639d5e99c78f95393aa9a5f1170d4,2024-12-14,-33.03286,36.0,1.0,1667.6102777777774,0.0,0.0,0.027777777777777776,0.0,83.0,Extreme Greed
0x75f7eeb85dc639d5e99c78f95393aa9a5f1170d4,2024-12-15,126.32543000000001,14.0,13.0,469.7357142857143,0.0,0.0,0.9285714285714286,0.0,80.0,Extreme Greed
0x75f7eeb85dc639d5e99c78f95393aa9a5f1170d4,2024-12-16,758.93225,10.0,4.0,5082.063,0.0,0.0,0.4,0.0,83.0,Extreme Greed
0x75f7eeb85dc639d5e99c78f95393aa9a5f1170d4,2024-12-17,3146.2947980000004,67.0,64.0,1978.6264179104473,0.0,0.0,0.9552238805970149,0.0,87.0,Extreme Greed
0x75f7eeb85dc639d5e99c78f95393aa9a5f1170d4,2024-12-18,2507.193252,115.0,109.0,1492.9519130434783,2.0,12.0,0.9478260869565217,0.16666666665277777,81.0,Extreme Greed
0x75f7eeb85dc639d5e99c78f95393aa9a5f1170d4,2024-12-19,13027.286600000003,235.0,205.0,2927.3372765957447,6.0,9.0,0.8723404255319149,0.6666666665925925,75.0,Extreme Greed
0x75f7eeb85dc639d5e99c78f95393aa9a5f1170d4,2024-12-20,3509.2734429999996,219.0,197.0,1042.2276712328767,0.0,2.0,0.8995433789954338,0.0,74.0,Greed
0x75f7eeb85dc639d5e99c78f95393aa9a5f1170d4,2024-12-21,24.404600000000002,8.0,4.0,1607.23625,0.0,0.0,0.5,0.0,73.0,Greed
0x75f7eeb85dc639d5e99c78f95393aa9a5f1170d4,2024-12-23,657.693565,51.0,50.0,1163.6007843137254,0.0,0.0,0.9803921568627451,0.0,70.0,Greed
0x75f7eeb85dc639d5e99c78f95393aa9a5f1170d4,2025-01-02,3429.9583199999997,53.0,50.0,3870.1449056603774,0.0,0.0,0.9433962264150944,0.0,70.0,Greed
0x75f7eeb85dc639d5e99c78f95393aa9a5f1170d4,2025-01-07,11206.706221,232.0,221.0,2729.2947413793104,0.0,0.0,0.9525862068965517,0.0,78.0,Extreme Greed
0x75f7eeb85dc639d5e99c78f95393aa9a5f1170d4,2025-01-08,3710.3617800000006,49.0,45.0,4625.799183673469,0.0,0.0,0.9183673469387755,0.0,70.0,Greed
0x75f7eeb85dc639d5e99c78f95393aa9a5f1170d4,2025-01-13,3944.7294389999997,50.0,47.0,4342.4238,0.0,0.0,0.94,0.0,61.0,Greed
0x75f7eeb85dc639d5e99c78f95393aa9a5f1170d4,2025-01-14,104.68064,9.0,4.0,4696.798888888889,0.0,0.0,0.4444444444444444,0.0,63.0,Greed
0x75f7eeb85dc639d5e99c78f95393aa9a5f1170d4,2025-01-18,-3249.381438,33.0,7.0,7728.827272727272,0.0,0.0,0.21212121212121213,0.0,77.0,Extreme Greed
0x75f7eeb85dc639d5e99c78f95393aa9a5f1170d4,2025-01-20,16210.341667,409.0,395.0,1671.0059413202932,0.0,0.0,0.9657701711491442,0.0,76.0,Extreme Greed
0x75f7eeb85dc639d5e99c78f95393aa9a5f1170d4,2025-01-22,548.62199,35.0,34.0,2301.391714285715,0.0,0.0,0.9714285714285714,0.0,84.0,Extreme Greed
0x75f7eeb85dc639d5e99c78f95393aa9a5f1170d4,2025-01-24,3540.7169150000004,137.0,129.0,1282.6185401459854,0.0,0.0,0.9416058394160584,0.0,75.0,Extreme Greed
0x75f7eeb85dc639d5e99c78f95393aa9a5f1170d4,2025-01-27,2582.715893,128.0,122.0,1981.9167187499997,0.0,0.0,0.953125,0.0,71.0,Greed
0x75f7eeb85dc639d5e99c78f95393aa9a5f1170d4,2025-01-28,1150.3328230000002,37.0,34.0,3275.199189189189,0.0,0.0,0.918918918918919,0.0,72.0,Greed
0x75f7eeb85dc639d5e99c78f95393aa9a5f1170d4,2025-01-29,45.381082,36.0,28.0,1330.8616666666667,0.0,0.0,0.7777777777777778,0.0,72.0,Greed
0x75f7eeb85dc639d5e99c78f95393aa9a5f1170d4,2025-01-30,5049.257348,134.0,110.0,2169.4271641791042,0.0,0.0,0.8208955223880597,0.0,70.0,Greed
0x75f7eeb85dc639d5e99c78f95393aa9a5f1170d4,2025-01-31,6216.099195999999,172.0,120.0,2295.9915697674414,0.0,0.0,0.6976744186046512,0.0,76.0,Extreme Greed
0x75f7eeb85dc639d5e99c78f95393aa9a5f1170d4,2025-02-01,9609.447365,148.0,114.0,4026.3325675675674,0.0,11.0,0.7702702702702703,0.0,68.0,Greed
0x75f7eeb85dc639d5e99c78f95393aa9a5f1170d4,2025-02-03,14982.681725000002,351.0,263.0,2940.937606837607,0.0,0.0,0.7492877492877493,0.0,44.0,Fear
0x75f7eeb85dc639d5e99c78f95393aa9a5f1170d4,2025-02-04,1985.815595,76.0,74.0,1605.0506578947366,0.0,0.0,0.9736842105263158,0.0,72.0,Greed
0x75f7eeb85dc639d5e99c78f95393aa9a5f1170d4,2025-02-05,14.590934,20.0,15.0,2107.2529999999997,0.0,0.0,0.75,0.0,54.0,Neutral
0x75f7eeb85dc639d5e99c78f95393aa9a5f1170d4,2025-02-06,2055.538866,73.0,20.0,4675.59698630137,0.0,0.0,0.273972602739726,0.0,49.0,Neutral
0x75f7eeb85dc639d5e99c78f95393aa9a5f1170d4,2025-02-07,2648.450789,58.0,41.0,3997.0581034482757,0.0,0.0,0.7068965517241379,0.0,44.0,Fear
0x75f7eeb85dc639d5e99c78f95393aa9a5f1170d4,2025-02-08,235.47104,2.0,1.0,6882.275,0.0,0.0,0.5,0.0,44.0,Fear
0x75f7eeb85dc639d5e99c78f95393aa9a5f1170d4,2025-02-09,627.556755,71.0,66.0,1530.2932394366196,0.0,0.0,0.9295774647887324,0.0,46.0,Neutral
0x75f7eeb85dc639d5e99c78f95393aa9a5f1170d4,2025-02-10,990.6744679999999,58.0,35.0,2647.6505172413795,0.0,0.0,0.603448275862069,0.0,43.0,Fear
0x75f7eeb85dc639d5e99c78f95393aa9a5f1170d4,2025-02-11,1053.5230999999999,5.0,3.0,7386.992,0.0,0.0,0.6,0.0,47.0,Neutral
0x75f7eeb85dc639d5e99c78f95393aa9a5f1170d4,2025-02-12,-22303.603583999997,118.0,28.0,2953.0322881355933,0.0,0.0,0.23728813559322035,0.0,46.0,Neutral
0x75f7eeb85dc639d5e99c78f95393aa9a5f1170d4,2025-02-13,2390.12335,101.0,84.0,1278.79198019802,0.0,0.0,0.8316831683168316,0.0,50.0,Neutral
0x75f7eeb85dc639d5e99c78f95393aa9a5f1170d4,2025-02-15,462.74072699999994,28.0,19.0,3875.1400000000003,0.0,0.0,0.6785714285714286,0.0,50.0,Neutral
0x75f7eeb85dc639d5e99c78f95393aa9a5f1170d4,2025-02-16,14.54605,5.0,1.0,341.23199999999997,0.0,0.0,0.2,0.0,54.0,Neutral
0x75f7eeb85dc639d5e99c78f95393aa9a5f1170d4,2025-02-18,3112.721339,131.0,106.0,2398.0035877862592,0.0,0.0,0.8091603053435115,0.0,47.0,Neutral
0x75f7eeb85dc639d5e99c78f95393aa9a5f1170d4,2025-02-19,770.4622660000002,221.0,154.0,1613.098099547511,0.0,0.0,0.6968325791855203,0.0,44.0,Fear
0x75f7eeb85dc639d5e99c78f95393aa9a5f1170d4,2025-02-20,1727.154021,69.0,65.0,2101.7873913043472,0.0,0.0,0.9420289855072463,0.0,49.0,Neutral
0x75f7eeb85dc639d5e99c78f95393aa9a5f1170d4,2025-02-21,2720.8280560000003,188.0,121.0,1504.8432978723404,0.0,0.0,0.6436170212765957,0.0,55.0,Greed
0x75f7eeb85dc639d5e99c78f95393aa9a5f1170d4,2025-02-22,1437.1748200000002,121.0,80.0,2194.715289256198,0.0,0.0,0.6611570247933884,0.0,49.0,Neutral
0x75f7eeb85dc639d5e99c78f95393aa9a5f1170d4,2025-02-23,1001.2053859999996,125.0,98.0,2364.3751999999995,0.0,0.0,0.784,0.0,50.0,Neutral
0x75f7eeb85dc639d5e99c78f95393aa9a5f1170d4,2025-02-25,3622.625641,79.0,76.0,2395.0187341772157,0.0,0.0,0.9620253164556962,0.0,25.0,Fear
0x75f7eeb85dc639d5e99c78f95393aa9a5f1170d4,2025-02-26,5303.037252,86.0,80.0,3985.245697674418,0.0,0.0,0.9302325581395349,0.0,21.0,Extreme Fear
0x75f7eeb85dc639d5e99c78f95393aa9a5f1170d4,2025-03-02,948.6016900000001,12.0,11.0,3923.564166666667,0.0,0.0,0.9166666666666666,0.0,26.0,Fear
0x75f7eeb85dc639d5e99c78f95393aa9a5f1170d4,2025-03-03,-370.250064,101.0,61.0,1018.7064356435643,0.0,0.0,0.6039603960396039,0.0,33.0,Fear
0x75f7eeb85dc639d5e99c78f95393aa9a5f1170d4,2025-03-05,-5843.04,2.0,0.0,42921.479999999996,0.0,0.0,0.0,0.0,20.0,Extreme Fear
0x75f7eeb85dc639d5e99c78f95393aa9a5f1170d4,2025-03-08,556.4805329999999,18.0,17.0,1573.797222222222,0.0,0.0,0.9444444444444444,0.0,28.0,Fear
0x75f7eeb85dc639d5e99c78f95393aa9a5f1170d4,2025-03-11,23670.188163000003,170.0,161.0,3202.686352941176,0.0,0.0,0.9470588235294117,0.0,24.0,Extreme Fear
0x75f7eeb85dc639d5e99c78f95393aa9a5f1170d4,2025-03-12,788.209533,24.0,21.0,2053.1325,0.0,0.0,0.875,0.0,34.0,Fear
0x75f7eeb85dc639d5e99c78f95393aa9a5f1170d4,2025-03-13,216.69714,20.0,1.0,3998.917,0.0,0.0,0.05,0.0,45.0,Neutral
0x75f7eeb85dc639d5e99c78f95393aa9a5f1170d4,2025-03-15,500.11609399999986,33.0,7.0,1352.128787878788,0.0,0.0,0.21212121212121213,0.0,46.0,Neutral
0x75f7eeb85dc639d5e99c78f95393aa9a5f1170d4,2025-03-16,941.3250500000001,15.0,14.0,2071.034666666667,0.0,0.0,0.9333333333333333,0.0,30.0,Fear
0x75f7eeb85dc639d5e99c78f95393aa9a5f1170d4,2025-03-17,5845.632627,152.0,146.0,1292.3644736842107,0.0,0.0,0.9605263157894737,0.0,32.0,Fear
0x75f7eeb85dc639d5e99c78f95393aa9a5f1170d4,2025-03-18,82.26953300000001,14.0,10.0,610.3228571428573,0.0,0.0,0.7142857142857143,0.0,34.0,Fear
0x75f7eeb85dc639d5e99c78f95393aa9a5f1170d4,2025-03-19,106.886191,43.0,39.0,1166.1046511627908,0.0,0.0,0.9069767441860465,0.0,32.0,Fear
0x75f7eeb85dc639d5e99c78f95393aa9a5f1170d4,2025-03-20,646.76766,32.0,31.0,965.8490625,0.0,0.0,0.96875,0.0,49.0,Neutral
0x75f7eeb85dc639d5e99c78f95393aa9a5f1170d4,2025-03-22,4462.921835,63.0,61.0,968.4492063492064,0.0,0.0,0.9682539682539683,0.0,32.0,Fear
0x75f7eeb85dc639d5e99c78f95393aa9a5f1170d4,2025-03-24,80.95313,26.0,22.0,179.39076923076922,0.0,0.0,0.8461538461538461,0.0,45.0,Neutral
0x75f7eeb85dc639d5e99c78f95393aa9a5f1170d4,2025-03-25,520.971268,29.0,26.0,2614.250689655172,0.0,0.0,0.896551724137931,0.0,46.0,Neutral
0x75f7eeb85dc639d5e99c78f95393aa9a5f1170d4,2025-03-26,96.945218,79.0,25.0,1384.924810126582,0.0,0.0,0.31645569620253167,0.0,47.0,Neutral
0x75f7eeb85dc639d5e99c78f95393aa9a5f1170d4,2025-03-29,133.123947,83.0,66.0,507.97253012048185,0.0,0.0,0.7951807228915663,0.0,26.0,Fear
0x75f7eeb85dc639d5e99c78f95393aa9a5f1170d4,2025-03-31,1239.24045,52.0,51.0,952.425,0.0,0.0,0.9807692307692307,0.0,34.0,Fear
0x75f7eeb85dc639d5e99c78f95393aa9a5f1170d4,2025-04-02,90.98474,11.0,9.0,2925.4536363636366,0.0,0.0,0.8181818181818182,0.0,44.0,Fear
0x75f7eeb85dc639d5e99c78f95393aa9a5f1170d4,2025-04-06,3370.8585500000004,39.0,36.0,3952.8292307692313,0.0,0.0,0.9230769230769231,0.0,34.0,Fear
0x75f7eeb85dc639d5e99c78f95393aa9a5f1170d4,2025-04-08,948.85929,43.0,42.0,1116.553488372093,0.0,0.0,0.9767441860465116,0.0,24.0,Extreme Fear
0x75f7eeb85dc639d5e99c78f95393aa9a5f1170d4,2025-04-09,1593.7933500000001,15.0,6.0,3893.6853333333333,0.0,0.0,0.4,0.0,18.0,Extreme Fear
0x75f7eeb85dc639d5e99c78f95393aa9a5f1170d4,2025-04-12,1442.90516,44.0,42.0,1396.4452272727272,0.0,0.0,0.9545454545454546,0.0,43.0,Fear
0x75f7eeb85dc639d5e99c78f95393aa9a5f1170d4,2025-04-14,1828.3696599999998,40.0,33.0,3124.96325,0.0,0.0,0.825,0.0,31.0,Fear
0x75f7eeb85dc639d5e99c78f95393aa9a5f1170d4,2025-04-15,1208.6954449999998,36.0,35.0,1633.111111111111,0.0,0.0,0.9722222222222222,0.0,38.0,Fear
0x75f7eeb85dc639d5e99c78f95393aa9a5f1170d4,2025-04-16,1674.357543,35.0,33.0,2679.161714285715,0.0,0.0,0.9428571428571428,0.0,29.0,Fear
0x75f7eeb85dc639d5e99c78f95393aa9a5f1170d4,2025-04-18,471.89234,6.0,5.0,4048.5616666666665,0.0,0.0,0.8333333333333334,0.0,33.0,Fear
0x75f7eeb85dc639d5e99c78f95393aa9a5f1170d4,2025-04-19,1403.1773110000001,55.0,26.0,1152.206909090909,0.0,0.0,0.4727272727272727,0.0,32.0,Fear
0x75f7eeb85dc639d5e99c78f95393aa9a5f1170d4,2025-04-20,-111.77234000000001,52.0,11.0,1156.014423076923,0.0,0.0,0.21153846153846154,0.0,37.0,Fear
0x75f7eeb85dc639d5e99c78f95393aa9a5f1170d4,2025-04-22,2933.203058,327.0,325.0,358.02122324159023,0.0,0.0,0.9938837920489296,0.0,47.0,Neutral
0x75f7eeb85dc639d5e99c78f95393aa9a5f1170d4,2025-04-23,6439.07977,154.0,146.0,2393.760844155844,0.0,0.0,0.948051948051948,0.0,72.0,Greed
0x75f7eeb85dc639d5e99c78f95393aa9a5f1170d4,2025-04-24,1250.2581989999999,29.0,5.0,2504.4072413793106,0.0,0.0,0.1724137931034483,0.0,63.0,Greed
0x75f7eeb85dc639d5e99c78f95393aa9a5f1170d4,2025-04-25,1113.0138009999998,99.0,82.0,777.5432323232321,0.0,0.0,0.8282828282828283,0.0,60.0,Greed
0x75f7eeb85dc639d5e99c78f95393aa9a5f1170d4,2025-04-26,3291.144446,113.0,110.0,1400.3834513274335,0.0,0.0,0.9734513274336283,0.0,65.0,Greed
0x75f7eeb85dc639d5e99c78f95393aa9a5f1170d4,2025-04-27,471.712989,83.0,53.0,1451.5227710843376,0.0,0.0,0.6385542168674698,0.0,61.0,Greed
0x75f7eeb85dc639d5e99c78f95393aa9a5f1170d4,2025-04-28,728.966777,33.0,22.0,1052.2554545454545,0.0,0.0,0.6666666666666666,0.0,54.0,Neutral
0x7f4f299f74eec87806a830e3caa9afa5f2b9db8f,2024-12-25,14.215240000000001,4.0,3.0,1688.5524999999998,0.0,0.0,0.75,0.0,73.0,Greed
0x7f4f299f74eec87806a830e3caa9afa5f2b9db8f,2024-12-29,0.0,4.0,0.0,10819.605,4.0,0.0,0.0,3999999999.9999995,73.0,Greed
0x7f4f299f74eec87806a830e3caa9afa5f2b9db8f,2024-12-30,838.984476,12.0,7.0,4069.0708333333328,5.0,7.0,0.5833333333333334,0.7142857141836735,65.0,Greed
0x7f4f299f74eec87806a830e3caa9afa5f2b9db8f,2024-12-31,0.0,1.0,0.0,8056.83,1.0,0.0,0.0,999999999.9999999,64.0,Greed
0x7f4f299f74eec87806a830e3caa9afa5f2b9db8f,2025-01-01,0.0,3.0,0.0,7555.826666666667,3.0,0.0,0.0,3000000000.0,66.0,Greed
0x7f4f299f74eec87806a830e3caa9afa5f2b9db8f,2025-01-02,1008.5189540000001,9.0,5.0,6758.5633333333335,4.0,5.0,0.5555555555555556,0.79999999984,70.0,Greed
0x7f4f299f74eec87806a830e3caa9afa5f2b9db8f,2025-01-03,937.7896150000001,26.0,17.0,1975.7373076923077,9.0,17.0,0.6538461538461539,0.5294117646747405,74.0,Greed
0x7f4f299f74eec87806a830e3caa9afa5f2b9db8f,2025-01-05,1093.0567700000001,7.0,7.0,1828.1614285714288,0.0,7.0,1.0,0.0,72.0,Greed
0x7f4f299f74eec87806a830e3caa9afa5f2b9db8f,2025-01-06,1260.832586,1.0,1.0,12912.0,0.0,1.0,1.0,0.0,76.0,Extreme Greed
0x7f4f299f74eec87806a830e3caa9afa5f2b9db8f,2025-01-07,0.0,1.0,0.0,5768.6,1.0,0.0,0.0,999999999.9999999,78.0,Extreme Greed
0x7f4f299f74eec87806a830e3caa9afa5f2b9db8f,2025-01-08,0.0,11.0,0.0,2146.8445454545454,11.0,0.0,0.0,11000000000.0,70.0,Greed
0x7f4f299f74eec87806a830e3caa9afa5f2b9db8f,2025-01-09,0.0,1.0,0.0,9563.74,1.0,0.0,0.0,999999999.9999999,69.0,Greed
0x7f4f299f74eec87806a830e3caa9afa5f2b9db8f,2025-01-13,1621.278931,4.0,4.0,7545.6675,0.0,4.0,1.0,0.0,61.0,Greed
0x7f4f299f74eec87806a830e3caa9afa5f2b9db8f,2025-01-15,1261.448002,1.0,1.0,11647.74,0.0,1.0,1.0,0.0,70.0,Greed
0x7f4f299f74eec87806a830e3caa9afa5f2b9db8f,2025-01-19,0.0,1.0,0.0,99.88,1.0,0.0,0.0,999999999.9999999,77.0,Extreme Greed
0x7f4f299f74eec87806a830e3caa9afa5f2b9db8f,2025-03-24,-869.145978,2.0,0.0,8449.470000000001,0.0,2.0,0.0,0.0,45.0,Neutral
0x7f4f299f74eec87806a830e3caa9afa5f2b9db8f,2025-03-26,0.0,3.0,0.0,5632.456666666666,3.0,0.0,0.0,3000000000.0,47.0,Neutral
0x7f4f299f74eec87806a830e3caa9afa5f2b9db8f,2025-03-28,1130.350383,6.0,6.0,3004.6266666666666,0.0,6.0,1.0,0.0,44.0,Fear
0x7f4f299f74eec87806a830e3caa9afa5f2b9db8f,2025-04-08,246.89440000000002,26.0,16.0,2155.888076923077,0.0,0.0,0.6153846153846154,0.0,24.0,Extreme Fear
0x7f4f299f74eec87806a830e3caa9afa5f2b9db8f,2025-04-09,2975.927732,799.0,375.0,3494.2455444305383,0.0,0.0,0.4693366708385482,0.0,18.0,Extreme Fear
0x7f4f299f74eec87806a830e3caa9afa5f2b9db8f,2025-04-10,-372.76464000000004,105.0,28.0,6134.571428571429,0.0,0.0,0.26666666666666666,0.0,39.0,Fear
0x7f4f299f74eec87806a830e3caa9afa5f2b9db8f,2025-04-11,2550.1088149999996,279.0,136.0,2348.0045519713262,0.0,0.0,0.4874551971326165,0.0,25.0,Fear
0x7f4f299f74eec87806a830e3caa9afa5f2b9db8f,2025-04-12,303.1701489999999,120.0,69.0,3633.2355833333336,0.0,0.0,0.575,0.0,43.0,Fear
0x7f4f299f74eec87806a830e3caa9afa5f2b9db8f,2025-04-13,355.09000000000003,94.0,10.0,4544.766489361702,0.0,0.0,0.10638297872340426,0.0,45.0,Neutral
0x7f4f299f74eec87806a830e3caa9afa5f2b9db8f,2025-04-17,425.687612,34.0,16.0,7388.688823529412,0.0,0.0,0.47058823529411764,0.0,30.0,Fear
0x7f4f299f74eec87806a830e3caa9afa5f2b9db8f,2025-04-22,119.0,5.0,4.0,36540.202000000005,0.0,0.0,0.8,0.0,47.0,Neutral
0x8170715b3b381dffb7062c0298972d4727a0a63b,2024-12-17,0.0,14.0,0.0,2142.775714285714,14.0,0.0,0.0,14000000000.0,87.0,Extreme Greed
0x8170715b3b381dffb7062c0298972d4727a0a63b,2024-12-18,0.0,1.0,0.0,4999.94,1.0,0.0,0.0,999999999.9999999,81.0,Extreme Greed
0x8170715b3b381dffb7062c0298972d4727a0a63b,2024-12-27,453.853206,29.0,5.0,862.0348275862068,0.0,5.0,0.1724137931034483,0.0,74.0,Greed
0x8170715b3b381dffb7062c0298972d4727a0a63b,2024-12-28,343.092145,1.0,1.0,4999.89,0.0,1.0,1.0,0.0,72.0,Greed
0x8170715b3b381dffb7062c0298972d4727a0a63b,2024-12-29,768.814445,4.0,4.0,1918.2925,0.0,1.0,1.0,0.0,73.0,Greed
0x8170715b3b381dffb7062c0298972d4727a0a63b,2024-12-30,1211.511836,6.0,6.0,946.8849999999999,0.0,0.0,1.0,0.0,65.0,Greed
0x8170715b3b381dffb7062c0298972d4727a0a63b,2024-12-31,306.563532,3.0,3.0,342.82,0.0,0.0,1.0,0.0,64.0,Greed
0x8170715b3b381dffb7062c0298972d4727a0a63b,2025-01-02,739.18423,3.0,3.0,1004.1633333333334,0.0,0.0,1.0,0.0,70.0,Greed
0x8170715b3b381dffb7062c0298972d4727a0a63b,2025-01-22,-179.521683,6.0,0.0,1873.8216666666667,0.0,6.0,0.0,0.0,84.0,Extreme Greed
0x8170715b3b381dffb7062c0298972d4727a0a63b,2025-01-25,-18956.391598,29.0,5.0,4484.771379310345,0.0,0.0,0.1724137931034483,0.0,75.0,Extreme Greed
0x8170715b3b381dffb7062c0298972d4727a0a63b,2025-01-26,0.0,26.0,0.0,961.5796153846154,0.0,0.0,0.0,0.0,73.0,Greed
0x8170715b3b381dffb7062c0298972d4727a0a63b,2025-01-27,0.0,22.0,0.0,681.810909090909,0.0,0.0,0.0,0.0,71.0,Greed
0x8170715b3b381dffb7062c0298972d4727a0a63b,2025-01-28,0.0,17.0,0.0,588.2223529411765,0.0,0.0,0.0,0.0,72.0,Greed
0x8170715b3b381dffb7062c0298972d4727a0a63b,2025-01-29,0.0,7.0,0.0,999.9485714285717,0.0,0.0,0.0,0.0,72.0,Greed
0x8170715b3b381dffb7062c0298972d4727a0a63b,2025-01-30,0.0,37.0,0.0,486.47648648648664,0.0,0.0,0.0,0.0,70.0,Greed
0x8170715b3b381dffb7062c0298972d4727a0a63b,2025-01-31,0.0,48.0,0.0,625.6752083333334,0.0,0.0,0.0,0.0,76.0,Extreme Greed
0x8170715b3b381dffb7062c0298972d4727a0a63b,2025-02-01,0.0,18.0,0.0,773.4088888888889,0.0,0.0,0.0,0.0,68.0,Greed
0x8170715b3b381dffb7062c0298972d4727a0a63b,2025-02-02,0.0,30.0,0.0,1333.3373333333332,0.0,0.0,0.0,0.0,60.0,Greed
0x8170715b3b381dffb7062c0298972d4727a0a63b,2025-02-03,13770.715332000002,119.0,96.0,355.00016806722687,0.0,0.0,0.8067226890756303,0.0,44.0,Fear
0x8170715b3b381dffb7062c0298972d4727a0a63b,2025-02-04,0.0,45.0,0.0,676.7046666666666,0.0,0.0,0.0,0.0,72.0,Greed
0x8170715b3b381dffb7062c0298972d4727a0a63b,2025-02-05,0.0,25.0,0.0,599.9928,0.0,0.0,0.0,0.0,54.0,Neutral
0x8170715b3b381dffb7062c0298972d4727a0a63b,2025-02-06,0.0,17.0,0.0,470.57411764705876,0.0,0.0,0.0,0.0,49.0,Neutral
0x8170715b3b381dffb7062c0298972d4727a0a63b,2025-02-07,0.0,9.0,0.0,666.651111111111,0.0,0.0,0.0,0.0,44.0,Fear
0x8170715b3b381dffb7062c0298972d4727a0a63b,2025-02-08,0.0,5.0,0.0,999.984,0.0,0.0,0.0,0.0,44.0,Fear
0x8170715b3b381dffb7062c0298972d4727a0a63b,2025-02-09,0.0,87.0,0.0,137.93471264367818,0.0,0.0,0.0,0.0,46.0,Neutral
0x8170715b3b381dffb7062c0298972d4727a0a63b,2025-02-10,24.634532000000007,85.0,29.0,698.8723529411766,0.0,0.0,0.3411764705882353,0.0,43.0,Fear
0x8170715b3b381dffb7062c0298972d4727a0a63b,2025-02-11,0.0,13.0,0.0,769.2253846153847,0.0,0.0,0.0,0.0,47.0,Neutral
0x8170715b3b381dffb7062c0298972d4727a0a63b,2025-02-12,0.0,23.0,0.0,1086.9421739130435,0.0,0.0,0.0,0.0,46.0,Neutral
0x8170715b3b381dffb7062c0298972d4727a0a63b,2025-02-13,-3556.388256,46.0,0.0,947.736956521739,0.0,0.0,0.0,0.0,50.0,Neutral
0x8170715b3b381dffb7062c0298972d4727a0a63b,2025-02-14,8781.96,311.0,82.0,2726.2494855305467,0.0,0.0,0.26366559485530544,0.0,48.0,Neutral
0x8170715b3b381dffb7062c0298972d4727a0a63b,2025-02-15,35346.87108,179.0,154.0,2418.7713407821225,0.0,0.0,0.8603351955307262,0.0,50.0,Neutral
0x8170715b3b381dffb7062c0298972d4727a0a63b,2025-02-16,0.0,3.0,0.0,3333.296666666667,0.0,0.0,0.0,0.0,54.0,Neutral
0x8170715b3b381dffb7062c0298972d4727a0a63b,2025-02-17,0.0,6.0,0.0,2503.1749999999997,0.0,0.0,0.0,0.0,51.0,Neutral
0x8170715b3b381dffb7062c0298972d4727a0a63b,2025-02-18,0.0,13.0,0.0,1923.0538461538458,0.0,0.0,0.0,0.0,47.0,Neutral
0x8170715b3b381dffb7062c0298972d4727a0a63b,2025-02-19,0.0,17.0,0.0,882.3423529411765,0.0,0.0,0.0,0.0,44.0,Fear
0x8170715b3b381dffb7062c0298972d4727a0a63b,2025-02-20,0.0,31.0,0.0,1129.0251612903226,0.0,0.0,0.0,0.0,49.0,Neutral
0x8170715b3b381dffb7062c0298972d4727a0a63b,2025-02-21,0.0,38.0,0.0,657.8865789473685,0.0,0.0,0.0,0.0,55.0,Greed
0x8170715b3b381dffb7062c0298972d4727a0a63b,2025-02-23,0.0,4.0,0.0,1249.98,0.0,0.0,0.0,0.0,50.0,Neutral
0x8170715b3b381dffb7062c0298972d4727a0a63b,2025-02-25,8698.883848,39.0,39.0,641.0223076923078,0.0,0.0,1.0,0.0,25.0,Fear
0x8170715b3b381dffb7062c0298972d4727a0a63b,2025-02-26,2225.835732,1.0,1.0,4999.92,0.0,0.0,1.0,0.0,21.0,Extreme Fear
0x8170715b3b381dffb7062c0298972d4727a0a63b,2025-02-28,3309.75,7.0,7.0,714.2857142857143,0.0,0.0,1.0,0.0,16.0,Extreme Fear
0x8170715b3b381dffb7062c0298972d4727a0a63b,2025-03-02,0.0,2.0,0.0,2499.975,0.0,0.0,0.0,0.0,26.0,Fear
0x8170715b3b381dffb7062c0298972d4727a0a63b,2025-03-03,0.0,8.0,0.0,624.9937500000001,0.0,0.0,0.0,0.0,33.0,Fear
0x8170715b3b381dffb7062c0298972d4727a0a63b,2025-03-04,6939.473559999999,16.0,13.0,937.4943749999999,0.0,0.0,0.8125,0.0,15.0,Extreme Fear
0x8170715b3b381dffb7062c0298972d4727a0a63b,2025-03-07,0.0,12.0,0.0,12499.98083333333,0.0,0.0,0.0,0.0,34.0,Fear
0x8170715b3b381dffb7062c0298972d4727a0a63b,2025-03-08,0.0,38.0,0.0,2631.5215789473687,0.0,0.0,0.0,0.0,28.0,Fear
0x8170715b3b381dffb7062c0298972d4727a0a63b,2025-03-09,3677.496558,5.0,5.0,999.99,0.0,0.0,1.0,0.0,27.0,Fear
0x8170715b3b381dffb7062c0298972d4727a0a63b,2025-03-10,4297.3227640000005,14.0,5.0,3928.565714285714,0.0,0.0,0.35714285714285715,0.0,20.0,Extreme Fear
0x8170715b3b381dffb7062c0298972d4727a0a63b,2025-03-11,0.0,8.0,0.0,624.9925,0.0,0.0,0.0,0.0,24.0,Extreme Fear
0x8170715b3b381dffb7062c0298972d4727a0a63b,2025-03-12,-2493.849701,11.0,0.0,4999.932727272728,0.0,0.0,0.0,0.0,34.0,Fear
0x8170715b3b381dffb7062c0298972d4727a0a63b,2025-03-13,0.0,37.0,0.0,1891.8805405405406,0.0,0.0,0.0,0.0,45.0,Neutral
0x8170715b3b381dffb7062c0298972d4727a0a63b,2025-03-14,584.05178,1.0,1.0,9999.89,0.0,0.0,1.0,0.0,27.0,Fear
0x8170715b3b381dffb7062c0298972d4727a0a63b,2025-03-15,763.7552810000001,18.0,3.0,2222.1133333333332,0.0,0.0,0.16666666666666666,0.0,46.0,Neutral
0x8170715b3b381dffb7062c0298972d4727a0a63b,2025-03-16,8368.226125000001,7.0,6.0,2856.945714285714,0.0,0.0,0.8571428571428571,0.0,30.0,Fear
0x8170715b3b381dffb7062c0298972d4727a0a63b,2025-03-17,0.0,72.0,0.0,1527.7720833333333,0.0,0.0,0.0,0.0,32.0,Fear
0x8170715b3b381dffb7062c0298972d4727a0a63b,2025-03-18,0.0,59.0,0.0,1274.6535593220335,0.0,0.0,0.0,0.0,34.0,Fear
0x8170715b3b381dffb7062c0298972d4727a0a63b,2025-03-19,3036.68886,109.0,9.0,1511.8720183486241,0.0,0.0,0.08256880733944955,0.0,32.0,Fear
0x8170715b3b381dffb7062c0298972d4727a0a63b,2025-03-20,652.062115,12.0,3.0,7589.970833333333,0.0,0.0,0.25,0.0,49.0,Neutral
0x8170715b3b381dffb7062c0298972d4727a0a63b,2025-03-22,3082.7616500000004,19.0,19.0,526.312105263158,0.0,0.0,1.0,0.0,32.0,Fear
0x8170715b3b381dffb7062c0298972d4727a0a63b,2025-03-23,3464.777168,2.0,2.0,4999.96,0.0,0.0,1.0,0.0,30.0,Fear
0x8170715b3b381dffb7062c0298972d4727a0a63b,2025-03-24,2838.532396,47.0,41.0,2021.1748936170213,0.0,0.0,0.8723404255319149,0.0,45.0,Neutral
0x8170715b3b381dffb7062c0298972d4727a0a63b,2025-03-25,2164.09548,6.0,6.0,6666.248333333334,0.0,0.0,1.0,0.0,46.0,Neutral
0x8170715b3b381dffb7062c0298972d4727a0a63b,2025-03-26,619.572648,1.0,1.0,9998.76,0.0,0.0,1.0,0.0,47.0,Neutral
0x8170715b3b381dffb7062c0298972d4727a0a63b,2025-03-27,26714.797590000002,64.0,62.0,1071.8951562500001,0.0,0.0,0.96875,0.0,40.0,Fear
0x8170715b3b381dffb7062c0298972d4727a0a63b,2025-03-28,13956.614827999998,29.0,29.0,1137.903793103448,0.0,0.0,1.0,0.0,44.0,Fear
0x8170715b3b381dffb7062c0298972d4727a0a63b,2025-03-29,19573.830158,86.0,44.0,1162.7798837209302,0.0,0.0,0.5116279069767442,0.0,26.0,Fear
0x8170715b3b381dffb7062c0298972d4727a0a63b,2025-03-30,9683.820194,31.0,15.0,2259.391935483871,0.0,0.0,0.4838709677419355,0.0,32.0,Fear
0x8170715b3b381dffb7062c0298972d4727a0a63b,2025-03-31,5544.028638,8.0,6.0,4999.98625,0.0,0.0,0.75,0.0,34.0,Fear
0x8170715b3b381dffb7062c0298972d4727a0a63b,2025-04-01,4004.50286,13.0,12.0,9495.466153846155,0.0,0.0,0.9230769230769231,0.0,34.0,Fear
0x8170715b3b381dffb7062c0298972d4727a0a63b,2025-04-02,8045.056928,7.0,7.0,2142.855714285714,0.0,0.0,1.0,0.0,44.0,Fear
0x8170715b3b381dffb7062c0298972d4727a0a63b,2025-04-03,0.0,85.0,0.0,5629.0912941176475,0.0,0.0,0.0,0.0,25.0,Fear
0x8170715b3b381dffb7062c0298972d4727a0a63b,2025-04-04,4805.345609999999,68.0,7.0,932.0805882352942,0.0,0.0,0.10294117647058823,0.0,28.0,Fear
0x8170715b3b381dffb7062c0298972d4727a0a63b,2025-04-06,17621.701092000003,14.0,8.0,13571.328571428572,0.0,0.0,0.5714285714285714,0.0,34.0,Fear
0x8170715b3b381dffb7062c0298972d4727a0a63b,2025-04-07,0.0,51.0,0.0,2744.206274509804,0.0,0.0,0.0,0.0,23.0,Extreme Fear
0x8170715b3b381dffb7062c0298972d4727a0a63b,2025-04-08,0.0,8.0,0.0,18749.877500000002,0.0,0.0,0.0,0.0,24.0,Extreme Fear
0x8170715b3b381dffb7062c0298972d4727a0a63b,2025-04-09,-4058.888925,54.0,18.0,8168.482037037037,0.0,0.0,0.3333333333333333,0.0,18.0,Extreme Fear
0x8170715b3b381dffb7062c0298972d4727a0a63b,2025-04-10,4596.960442,89.0,44.0,3151.4488764044945,0.0,0.0,0.4943820224719101,0.0,39.0,Fear
0x8170715b3b381dffb7062c0298972d4727a0a63b,2025-04-11,-9584.869233,238.0,0.0,2846.985294117647,0.0,0.0,0.0,0.0,25.0,Fear
0x8170715b3b381dffb7062c0298972d4727a0a63b,2025-04-12,0.0,22.0,0.0,2727.2445454545455,0.0,0.0,0.0,0.0,43.0,Fear
0x8170715b3b381dffb7062c0298972d4727a0a63b,2025-04-13,0.0,18.0,0.0,2222.144444444444,0.0,0.0,0.0,0.0,45.0,Neutral
0x8170715b3b381dffb7062c0298972d4727a0a63b,2025-04-15,3204.26268,77.0,77.0,2727.2429870129877,0.0,0.0,1.0,0.0,38.0,Fear
0x8170715b3b381dffb7062c0298972d4727a0a63b,2025-04-16,912.29492,39.0,1.0,3846.141538461539,0.0,0.0,0.02564102564102564,0.0,29.0,Fear
0x8170715b3b381dffb7062c0298972d4727a0a63b,2025-04-17,0.0,96.0,0.0,1979.1661458333335,0.0,0.0,0.0,0.0,30.0,Fear
0x8170715b3b381dffb7062c0298972d4727a0a63b,2025-04-18,0.0,46.0,0.0,3541.0215217391296,0.0,0.0,0.0,0.0,33.0,Fear
0x8170715b3b381dffb7062c0298972d4727a0a63b,2025-04-19,0.0,96.0,0.0,3511.545208333333,0.0,0.0,0.0,0.0,32.0,Fear
0x8170715b3b381dffb7062c0298972d4727a0a63b,2025-04-21,0.0,18.0,0.0,2652.5188888888893,0.0,0.0,0.0,0.0,39.0,Fear
0x8170715b3b381dffb7062c0298972d4727a0a63b,2025-04-22,0.0,49.0,0.0,3515.3440816326533,0.0,0.0,0.0,0.0,47.0,Neutral
0x8170715b3b381dffb7062c0298972d4727a0a63b,2025-04-23,-358963.13998399995,1242.0,848.0,2010.350297906602,0.0,0.0,0.6827697262479872,0.0,72.0,Greed
0x8170715b3b381dffb7062c0298972d4727a0a63b,2025-04-24,398.64674600000006,58.0,32.0,1319.3956896551726,0.0,0.0,0.5517241379310345,0.0,63.0,Greed
0x8170715b3b381dffb7062c0298972d4727a0a63b,2025-04-25,-1335.115406,39.0,2.0,1526.0666666666666,0.0,0.0,0.05128205128205128,0.0,60.0,Greed
0x8170715b3b381dffb7062c0298972d4727a0a63b,2025-04-26,-3925.8649429999996,16.0,0.0,2147.34125,0.0,0.0,0.0,0.0,65.0,Greed
0x8170715b3b381dffb7062c0298972d4727a0a63b,2025-04-27,-99.444041,12.0,0.0,768.4525,0.0,0.0,0.0,0.0,61.0,Greed
0x8381e6d82f1affd39a336e143e081ef7620a3b7f,2024-11-29,0.0,3.0,0.0,668.3,3.0,0.0,0.0,3000000000.0,78.0,Extreme Greed
0x8381e6d82f1affd39a336e143e081ef7620a3b7f,2024-12-01,0.0,3.0,0.0,999.5866666666666,0.0,0.0,0.0,0.0,81.0,Extreme Greed
0x8381e6d82f1affd39a336e143e081ef7620a3b7f,2024-12-02,0.0,6.0,0.0,340.65333333333336,3.0,0.0,0.0,3000000000.0,80.0,Extreme Greed
0x8381e6d82f1affd39a336e143e081ef7620a3b7f,2024-12-04,33.26141600000001,10.0,2.0,669.609,5.0,0.0,0.2,5000000000.0,78.0,Extreme Greed
0x8381e6d82f1affd39a336e143e081ef7620a3b7f,2024-12-05,0.0,2.0,0.0,294.265,2.0,0.0,0.0,1999999999.9999998,84.0,Extreme Greed
0x8381e6d82f1affd39a336e143e081ef7620a3b7f,2024-12-06,0.0,1.0,0.0,292.11,1.0,0.0,0.0,999999999.9999999,72.0,Greed
0x8381e6d82f1affd39a336e143e081ef7620a3b7f,2024-12-07,0.0,3.0,0.0,1021.2966666666667,3.0,0.0,0.0,3000000000.0,75.0,Extreme Greed
0x8381e6d82f1affd39a336e143e081ef7620a3b7f,2024-12-08,-21.54374,5.0,0.0,984.758,1.0,0.0,0.0,999999999.9999999,79.0,Extreme Greed
0x8381e6d82f1affd39a336e143e081ef7620a3b7f,2024-12-09,0.0,4.0,0.0,440.94999999999993,4.0,0.0,0.0,3999999999.9999995,78.0,Extreme Greed
0x8381e6d82f1affd39a336e143e081ef7620a3b7f,2024-12-10,0.0,1.0,0.0,587.97,1.0,0.0,0.0,999999999.9999999,78.0,Extreme Greed
0x8381e6d82f1affd39a336e143e081ef7620a3b7f,2024-12-13,0.0,3.0,0.0,128.88333333333333,3.0,0.0,0.0,3000000000.0,76.0,Extreme Greed
0x8381e6d82f1affd39a336e143e081ef7620a3b7f,2024-12-15,0.0,5.0,0.0,739.626,5.0,0.0,0.0,5000000000.0,80.0,Extreme Greed
0x8381e6d82f1affd39a336e143e081ef7620a3b7f,2024-12-19,0.0,1.0,0.0,1399.11,1.0,0.0,0.0,999999999.9999999,75.0,Extreme Greed
0x8381e6d82f1affd39a336e143e081ef7620a3b7f,2024-12-22,0.0,1.0,0.0,2815.79,1.0,0.0,0.0,999999999.9999999,73.0,Greed
0x8381e6d82f1affd39a336e143e081ef7620a3b7f,2024-12-23,0.0,6.0,0.0,2855.656666666667,6.0,0.0,0.0,6000000000.0,70.0,Greed
0x8381e6d82f1affd39a336e143e081ef7620a3b7f,2024-12-26,0.0,2.0,0.0,1914.0,2.0,0.0,0.0,1999999999.9999998,79.0,Extreme Greed
0x8381e6d82f1affd39a336e143e081ef7620a3b7f,2025-01-01,0.0,5.0,0.0,200.802,5.0,0.0,0.0,5000000000.0,66.0,Greed
0x8381e6d82f1affd39a336e143e081ef7620a3b7f,2025-01-04,0.0,2.0,0.0,710.865,2.0,0.0,0.0,1999999999.9999998,73.0,Greed
0x8381e6d82f1affd39a336e143e081ef7620a3b7f,2025-01-05,0.0,1.0,0.0,456.83,1.0,0.0,0.0,999999999.9999999,72.0,Greed
0x8381e6d82f1affd39a336e143e081ef7620a3b7f,2025-01-09,0.0,4.0,0.0,1509.6399999999999,4.0,0.0,0.0,3999999999.9999995,69.0,Greed
0x8381e6d82f1affd39a336e143e081ef7620a3b7f,2025-01-18,0.0,7.0,0.0,2950.0099999999998,7.0,0.0,0.0,7000000000.0,77.0,Extreme Greed
0x8381e6d82f1affd39a336e143e081ef7620a3b7f,2025-01-25,0.0,25.0,0.0,3223.1059999999998,0.0,0.0,0.0,0.0,75.0,Extreme Greed
0x8381e6d82f1affd39a336e143e081ef7620a3b7f,2025-01-26,38294.693499,123.0,82.0,7578.3446341463405,0.0,0.0,0.6666666666666666,0.0,73.0,Greed
0x8381e6d82f1affd39a336e143e081ef7620a3b7f,2025-01-27,0.0,2.0,0.0,4443.99,2.0,0.0,0.0,1999999999.9999998,71.0,Greed
0x8381e6d82f1affd39a336e143e081ef7620a3b7f,2025-02-02,0.0,19.0,0.0,1943.7873684210526,19.0,0.0,0.0,19000000000.0,60.0,Greed
0x8381e6d82f1affd39a336e143e081ef7620a3b7f,2025-02-03,0.0,8.0,0.0,2351.285,8.0,0.0,0.0,7999999999.999999,44.0,Fear
0x8381e6d82f1affd39a336e143e081ef7620a3b7f,2025-02-04,9167.620989,104.0,49.0,58124.15365384616,0.0,12.0,0.47115384615384615,0.0,72.0,Greed
0x8381e6d82f1affd39a336e143e081ef7620a3b7f,2025-02-05,1843.301845,327.0,126.0,2347.8439143730884,172.0,155.0,0.3853211009174312,1.1096774193476795,54.0,Neutral
0x8381e6d82f1affd39a336e143e081ef7620a3b7f,2025-02-06,71.77363,167.0,39.0,1881.2076047904188,113.0,54.0,0.23353293413173654,2.092592592553841,49.0,Neutral
0x8381e6d82f1affd39a336e143e081ef7620a3b7f,2025-02-09,1259.5314000000003,103.0,23.0,6879.689611650485,0.0,0.0,0.22330097087378642,0.0,46.0,Neutral
0x8381e6d82f1affd39a336e143e081ef7620a3b7f,2025-02-10,0.0,10.0,0.0,1089.435,0.0,0.0,0.0,0.0,43.0,Fear
0x8381e6d82f1affd39a336e143e081ef7620a3b7f,2025-02-11,109.90750199999997,211.0,80.0,2385.7656398104264,113.0,95.0,0.3791469194312796,1.1894736841980056,47.0,Neutral
0x8381e6d82f1affd39a336e143e081ef7620a3b7f,2025-02-12,2760.4397790000003,81.0,57.0,12390.793456790123,0.0,0.0,0.7037037037037037,0.0,46.0,Neutral
0x8381e6d82f1affd39a336e143e081ef7620a3b7f,2025-02-13,1998.7020850000001,42.0,42.0,2039.3888095238092,0.0,41.0,1.0,0.0,50.0,Neutral
0x8381e6d82f1affd39a336e143e081ef7620a3b7f,2025-02-14,27.247837999999998,40.0,11.0,445.2165,29.0,11.0,0.275,2.636363636123967,48.0,Neutral
0x8381e6d82f1affd39a336e143e081ef7620a3b7f,2025-02-16,559.647247,80.0,34.0,1368.858375,46.0,34.0,0.425,1.352941176430796,54.0,Neutral
0x8381e6d82f1affd39a336e143e081ef7620a3b7f,2025-02-17,64.346683,105.0,17.0,1112.2542857142857,88.0,17.0,0.1619047619047619,5.176470587930796,51.0,Neutral
0x8381e6d82f1affd39a336e143e081ef7620a3b7f,2025-02-18,3981.044269,177.0,27.0,1466.1342937853108,150.0,27.0,0.15254237288135594,5.555555555349795,47.0,Neutral
0x8381e6d82f1affd39a336e143e081ef7620a3b7f,2025-02-21,8995.13393,8.0,8.0,15859.55,0.0,8.0,1.0,0.0,55.0,Greed
0x8381e6d82f1affd39a336e143e081ef7620a3b7f,2025-02-23,0.0,40.0,0.0,472.709,40.0,0.0,0.0,40000000000.0,50.0,Neutral
0x8381e6d82f1affd39a336e143e081ef7620a3b7f,2025-02-24,0.0,44.0,0.0,1894.8688636363636,44.0,0.0,0.0,44000000000.0,49.0,Neutral
0x8381e6d82f1affd39a336e143e081ef7620a3b7f,2025-02-25,0.0,4.0,0.0,3685.7825,4.0,0.0,0.0,3999999999.9999995,25.0,Fear
0x8381e6d82f1affd39a336e143e081ef7620a3b7f,2025-03-26,0.0,1.0,0.0,1134.46,1.0,0.0,0.0,999999999.9999999,47.0,Neutral
0x8381e6d82f1affd39a336e143e081ef7620a3b7f,2025-04-07,-4968.487948,26.0,0.0,7609.877692307693,0.0,0.0,0.0,0.0,23.0,Extreme Fear
0x8381e6d82f1affd39a336e143e081ef7620a3b7f,2025-04-08,142.99159,23.0,10.0,3984.7504347826084,0.0,0.0,0.43478260869565216,0.0,24.0,Extreme Fear
0x8381e6d82f1affd39a336e143e081ef7620a3b7f,2025-04-11,0.0,3.0,0.0,6864.066666666667,0.0,0.0,0.0,0.0,25.0,Fear
0x8381e6d82f1affd39a336e143e081ef7620a3b7f,2025-04-12,202.27562,8.0,8.0,2599.29625,0.0,0.0,1.0,0.0,43.0,Fear
0x8381e6d82f1affd39a336e143e081ef7620a3b7f,2025-04-19,56.139709999999994,22.0,11.0,665.6886363636363,11.0,11.0,0.5,0.9999999999090909,32.0,Fear
0x8381e6d82f1affd39a336e143e081ef7620a3b7f,2025-04-22,284.16768,2.0,1.0,66188.125,0.0,0.0,0.5,0.0,47.0,Neutral
0x8381e6d82f1affd39a336e143e081ef7620a3b7f,2025-04-23,0.0,4.0,0.0,17801.63,0.0,0.0,0.0,0.0,72.0,Greed
0x8381e6d82f1affd39a336e143e081ef7620a3b7f,2025-04-26,505.40522999999996,3.0,1.0,23903.97666666667,0.0,0.0,0.3333333333333333,0.0,65.0,Greed
0x8381e6d82f1affd39a336e143e081ef7620a3b7f,2025-04-27,33.061386999999996,13.0,2.0,1032.253846153846,11.0,2.0,0.15384615384615385,5.49999999725,61.0,Greed
0x8381e6d82f1affd39a336e143e081ef7620a3b7f,2025-04-28,0.0,10.0,0.0,799.756,10.0,0.0,0.0,10000000000.0,54.0,Neutral
0x8381e6d82f1affd39a336e143e081ef7620a3b7f,2025-04-29,112.996265,1.0,1.0,8110.65,0.0,1.0,1.0,0.0,60.0,Greed
0x8477e447846c758f5a675856001ea72298fd9cb5,2024-05-23,413.347329,305.0,145.0,1074.7592786885245,0.0,0.0,0.47540983606557374,0.0,76.0,Extreme Greed
0x8477e447846c758f5a675856001ea72298fd9cb5,2024-05-25,14.126038999999997,14.0,5.0,355.9985714285714,0.0,0.0,0.35714285714285715,0.0,76.0,Extreme Greed
0x8477e447846c758f5a675856001ea72298fd9cb5,2024-05-26,5.2257,7.0,2.0,459.0314285714286,0.0,0.0,0.2857142857142857,0.0,75.0,Extreme Greed
0x8477e447846c758f5a675856001ea72298fd9cb5,2024-05-27,1129.3558699999999,251.0,90.0,602.0546613545815,0.0,0.0,0.35856573705179284,0.0,74.0,Greed
0x8477e447846c758f5a675856001ea72298fd9cb5,2024-05-29,277.79195300000003,159.0,68.0,337.7447798742138,0.0,0.0,0.4276729559748428,0.0,72.0,Greed
0x8477e447846c758f5a675856001ea72298fd9cb5,2024-05-30,20.951433,7.0,5.0,405.4414285714285,0.0,0.0,0.7142857142857143,0.0,73.0,Greed
0x8477e447846c758f5a675856001ea72298fd9cb5,2024-05-31,25.35812,13.0,4.0,279.70307692307694,0.0,0.0,0.3076923076923077,0.0,73.0,Greed
0x8477e447846c758f5a675856001ea72298fd9cb5,2024-06-01,91.510419,25.0,9.0,513.3847999999999,0.0,0.0,0.36,0.0,72.0,Greed
0x8477e447846c758f5a675856001ea72298fd9cb5,2024-06-02,192.906947,93.0,34.0,316.8226881720429,0.0,0.0,0.3655913978494624,0.0,73.0,Greed
0x8477e447846c758f5a675856001ea72298fd9cb5,2024-06-03,562.8082079999999,70.0,44.0,306.66942857142857,0.0,0.0,0.6285714285714286,0.0,73.0,Greed
0x8477e447846c758f5a675856001ea72298fd9cb5,2024-06-04,52.211438,53.0,25.0,457.4228301886793,0.0,0.0,0.4716981132075472,0.0,73.0,Greed
0x8477e447846c758f5a675856001ea72298fd9cb5,2024-06-05,56.055506,54.0,16.0,469.4587037037037,0.0,0.0,0.2962962962962963,0.0,75.0,Extreme Greed
0x8477e447846c758f5a675856001ea72298fd9cb5,2024-06-06,274.173187,234.0,100.0,587.8536752136753,0.0,0.0,0.42735042735042733,0.0,78.0,Extreme Greed
0x8477e447846c758f5a675856001ea72298fd9cb5,2024-06-07,1573.244278,374.0,146.0,832.9677272727274,0.0,0.0,0.39037433155080214,0.0,77.0,Extreme Greed
0x8477e447846c758f5a675856001ea72298fd9cb5,2024-06-08,129.138839,22.0,8.0,2379.510454545455,0.0,0.0,0.36363636363636365,0.0,72.0,Greed
0x8477e447846c758f5a675856001ea72298fd9cb5,2024-06-10,31.266804999999998,49.0,18.0,460.97204081632657,0.0,0.0,0.3673469387755102,0.0,72.0,Greed
0x8477e447846c758f5a675856001ea72298fd9cb5,2024-06-11,51.081143000000004,27.0,9.0,696.6096296296296,0.0,0.0,0.3333333333333333,0.0,74.0,Greed
0x8477e447846c758f5a675856001ea72298fd9cb5,2024-06-12,-21886.531493,217.0,21.0,884.2718433179723,0.0,0.0,0.0967741935483871,0.0,72.0,Greed
0x8477e447846c758f5a675856001ea72298fd9cb5,2024-07-17,1859.269477,335.0,145.0,1346.5090746268659,0.0,0.0,0.43283582089552236,0.0,69.0,Greed
0x8477e447846c758f5a675856001ea72298fd9cb5,2024-07-18,1233.9043470000001,7.0,7.0,1049.8200000000002,0.0,0.0,1.0,0.0,61.0,Greed
0x8477e447846c758f5a675856001ea72298fd9cb5,2024-07-19,35.79975,7.0,1.0,592.3885714285715,0.0,0.0,0.14285714285714285,0.0,60.0,Greed
0x8477e447846c758f5a675856001ea72298fd9cb5,2024-07-20,2169.508265,257.0,29.0,562.1888715953307,0.0,0.0,0.11284046692607004,0.0,74.0,Greed
0x8477e447846c758f5a675856001ea72298fd9cb5,2024-07-21,-2960.716887,445.0,21.0,427.6680449438202,0.0,0.0,0.04719101123595506,0.0,74.0,Greed
0x8477e447846c758f5a675856001ea72298fd9cb5,2024-07-22,-756.1731339999999,133.0,9.0,593.273909774436,0.0,0.0,0.06766917293233082,0.0,70.0,Greed
0x8477e447846c758f5a675856001ea72298fd9cb5,2024-07-23,1805.309858,139.0,100.0,640.1771942446043,0.0,0.0,0.7194244604316546,0.0,71.0,Greed
0x8477e447846c758f5a675856001ea72298fd9cb5,2024-07-24,625.5614790000001,29.0,18.0,1215.0548275862068,0.0,0.0,0.6206896551724138,0.0,69.0,Greed
0x8477e447846c758f5a675856001ea72298fd9cb5,2024-07-26,341.250124,111.0,32.0,1316.2212612612616,0.0,0.0,0.2882882882882883,0.0,68.0,Greed
0x8477e447846c758f5a675856001ea72298fd9cb5,2024-07-27,0.0,5.0,0.0,888.552,0.0,0.0,0.0,0.0,72.0,Greed
0x8477e447846c758f5a675856001ea72298fd9cb5,2024-07-28,587.2990300000001,13.0,12.0,865.7684615384617,0.0,0.0,0.9230769230769231,0.0,71.0,Greed
0x8477e447846c758f5a675856001ea72298fd9cb5,2024-07-29,217.857529,15.0,5.0,1797.1860000000001,0.0,0.0,0.3333333333333333,0.0,74.0,Greed
0x8477e447846c758f5a675856001ea72298fd9cb5,2024-07-31,765.690884,40.0,14.0,1112.535,0.0,0.0,0.35,0.0,61.0,Greed
0x8477e447846c758f5a675856001ea72298fd9cb5,2024-08-01,167.08001700000003,34.0,4.0,1432.7749999999999,0.0,0.0,0.11764705882352941,0.0,52.0,Neutral
0x8477e447846c758f5a675856001ea72298fd9cb5,2024-08-02,228.24770099999998,15.0,12.0,1984.472,0.0,0.0,0.8,0.0,57.0,Greed
0x8477e447846c758f5a675856001ea72298fd9cb5,2024-08-03,464.1897,1.0,1.0,4534.09,0.0,0.0,1.0,0.0,37.0,Fear
0x8477e447846c758f5a675856001ea72298fd9cb5,2024-08-04,109.005815,17.0,3.0,2129.0517647058823,0.0,0.0,0.17647058823529413,0.0,34.0,Fear
0x8477e447846c758f5a675856001ea72298fd9cb5,2024-08-05,160.44369899999998,17.0,7.0,2357.7947058823524,0.0,0.0,0.4117647058823529,0.0,26.0,Fear
0x8477e447846c758f5a675856001ea72298fd9cb5,2024-08-09,151.092375,69.0,17.0,635.3107246376812,0.0,0.0,0.2463768115942029,0.0,48.0,Neutral
0x8477e447846c758f5a675856001ea72298fd9cb5,2024-08-20,0.0,4.0,0.0,1874.2325,0.0,0.0,0.0,0.0,30.0,Fear
0x8477e447846c758f5a675856001ea72298fd9cb5,2024-08-21,656.200925,143.0,54.0,720.2106993006993,0.0,0.0,0.3776223776223776,0.0,26.0,Fear
0x8477e447846c758f5a675856001ea72298fd9cb5,2024-08-31,10.882801,24.0,12.0,312.76375,5.0,11.0,0.5,0.45454545450413225,29.0,Fear
0x8477e447846c758f5a675856001ea72298fd9cb5,2024-09-01,137.433093,12.0,5.0,1029.9733333333334,0.0,0.0,0.4166666666666667,0.0,26.0,Fear
0x8477e447846c758f5a675856001ea72298fd9cb5,2024-10-20,160.095271,90.0,6.0,624.6905555555556,0.0,0.0,0.06666666666666667,0.0,73.0,Greed
0x8477e447846c758f5a675856001ea72298fd9cb5,2024-10-21,2464.915564,162.0,68.0,1074.6531481481484,0.0,0.0,0.41975308641975306,0.0,72.0,Greed
0x8477e447846c758f5a675856001ea72298fd9cb5,2024-10-29,801.170876,16.0,3.0,668.305625,0.0,0.0,0.1875,0.0,72.0,Greed
0x8477e447846c758f5a675856001ea72298fd9cb5,2024-10-30,9.150023,25.0,7.0,473.23400000000004,0.0,0.0,0.28,0.0,77.0,Extreme Greed
0x8477e447846c758f5a675856001ea72298fd9cb5,2024-10-31,451.122034,11.0,11.0,1143.8036363636363,0.0,0.0,1.0,0.0,77.0,Extreme Greed
0x8477e447846c758f5a675856001ea72298fd9cb5,2024-11-09,102.90894,77.0,19.0,563.4285714285714,0.0,0.0,0.24675324675324675,0.0,75.0,Extreme Greed
0x8477e447846c758f5a675856001ea72298fd9cb5,2024-11-10,442.748384,164.0,45.0,1361.297987804878,0.0,0.0,0.27439024390243905,0.0,78.0,Extreme Greed
0x8477e447846c758f5a675856001ea72298fd9cb5,2024-11-11,4876.874304000001,172.0,79.0,1907.2104069767445,0.0,0.0,0.45930232558139533,0.0,76.0,Extreme Greed
0x8477e447846c758f5a675856001ea72298fd9cb5,2024-11-12,1441.27965,91.0,22.0,1631.5342857142857,0.0,0.0,0.24175824175824176,0.0,80.0,Extreme Greed
0x8477e447846c758f5a675856001ea72298fd9cb5,2024-11-13,48.000187,4.0,2.0,1653.81,0.0,0.0,0.5,0.0,84.0,Extreme Greed
0x8477e447846c758f5a675856001ea72298fd9cb5,2024-11-15,0.0,2.0,0.0,555.8050000000001,0.0,0.0,0.0,0.0,80.0,Extreme Greed
0x8477e447846c758f5a675856001ea72298fd9cb5,2024-11-16,870.7465649999998,30.0,12.0,674.5303333333333,0.0,0.0,0.4,0.0,86.0,Extreme Greed
0x8477e447846c758f5a675856001ea72298fd9cb5,2024-11-17,175.06100700000005,20.0,7.0,979.5670000000002,0.0,0.0,0.35,0.0,90.0,Extreme Greed
0x8477e447846c758f5a675856001ea72298fd9cb5,2024-11-18,431.96070899999995,79.0,27.0,968.6977215189872,0.0,0.0,0.34177215189873417,0.0,83.0,Extreme Greed
0x8477e447846c758f5a675856001ea72298fd9cb5,2024-11-19,906.24759,56.0,26.0,1511.1933928571432,0.0,0.0,0.4642857142857143,0.0,90.0,Extreme Greed
0x8477e447846c758f5a675856001ea72298fd9cb5,2024-11-20,447.92031499999996,32.0,14.0,2027.2915625,0.0,0.0,0.4375,0.0,83.0,Extreme Greed
0x8477e447846c758f5a675856001ea72298fd9cb5,2024-11-21,0.0,57.0,0.0,1398.0726315789473,0.0,0.0,0.0,0.0,82.0,Extreme Greed
0x8477e447846c758f5a675856001ea72298fd9cb5,2024-11-22,365.437929,137.0,52.0,2588.8760583941607,0.0,0.0,0.3795620437956204,0.0,94.0,Extreme Greed
0x8477e447846c758f5a675856001ea72298fd9cb5,2024-11-23,1439.4497179999996,191.0,58.0,2003.0396858638742,0.0,0.0,0.3036649214659686,0.0,93.0,Extreme Greed
0x8477e447846c758f5a675856001ea72298fd9cb5,2024-11-24,391.890903,70.0,12.0,1866.5539999999999,0.0,0.0,0.17142857142857143,0.0,80.0,Extreme Greed
0x8477e447846c758f5a675856001ea72298fd9cb5,2024-11-28,0.0,6.0,0.0,416.6333333333334,0.0,0.0,0.0,0.0,77.0,Extreme Greed
0x8477e447846c758f5a675856001ea72298fd9cb5,2024-11-29,22697.489906000003,63.0,37.0,695.2509523809523,5.0,33.0,0.5873015873015873,0.15151515151056016,78.0,Extreme Greed
0x8477e447846c758f5a675856001ea72298fd9cb5,2024-11-30,40.699929,76.0,5.0,636.261447368421,0.0,0.0,0.06578947368421052,0.0,84.0,Extreme Greed
0x8477e447846c758f5a675856001ea72298fd9cb5,2024-12-01,1169.432253,123.0,55.0,893.489918699187,0.0,0.0,0.44715447154471544,0.0,81.0,Extreme Greed
0x8477e447846c758f5a675856001ea72298fd9cb5,2024-12-02,254.15562,8.0,1.0,1667.92875,0.0,0.0,0.125,0.0,80.0,Extreme Greed
0x8477e447846c758f5a675856001ea72298fd9cb5,2024-12-03,-158.695661,6.0,0.0,2708.735,0.0,0.0,0.0,0.0,76.0,Extreme Greed
0x8477e447846c758f5a675856001ea72298fd9cb5,2025-01-02,45.08698499999999,77.0,10.0,332.6585714285714,1.0,0.0,0.12987012987012986,999999999.9999999,70.0,Greed
0x8477e447846c758f5a675856001ea72298fd9cb5,2025-01-03,909.1721379999999,177.0,32.0,251.76581920903956,0.0,0.0,0.1807909604519774,0.0,74.0,Greed
0x8477e447846c758f5a675856001ea72298fd9cb5,2025-01-04,30.818079,51.0,2.0,182.9343137254902,0.0,0.0,0.0392156862745098,0.0,73.0,Greed
0x8477e447846c758f5a675856001ea72298fd9cb5,2025-01-05,151.429584,51.0,9.0,209.45666666666665,0.0,0.0,0.17647058823529413,0.0,72.0,Greed
0x8477e447846c758f5a675856001ea72298fd9cb5,2025-01-06,272.13150099999996,266.0,8.0,246.8388345864662,0.0,0.0,0.03007518796992481,0.0,76.0,Extreme Greed
0x8477e447846c758f5a675856001ea72298fd9cb5,2025-01-07,4334.417218,222.0,161.0,618.5525225225225,0.0,0.0,0.7252252252252253,0.0,78.0,Extreme Greed
0x8477e447846c758f5a675856001ea72298fd9cb5,2025-01-08,1303.127763,390.0,128.0,410.6838717948718,2.0,5.0,0.3282051282051282,0.39999999992,70.0,Greed
0x8477e447846c758f5a675856001ea72298fd9cb5,2025-01-09,123.72129899999999,222.0,21.0,448.98702702702707,0.0,0.0,0.0945945945945946,0.0,69.0,Greed
0x8477e447846c758f5a675856001ea72298fd9cb5,2025-01-10,1189.0788639999998,254.0,119.0,476.30413385826773,0.0,0.0,0.468503937007874,0.0,50.0,Neutral
0x8477e447846c758f5a675856001ea72298fd9cb5,2025-01-11,417.64716899999996,82.0,17.0,435.32475609756096,0.0,0.0,0.2073170731707317,0.0,69.0,Greed
0x8477e447846c758f5a675856001ea72298fd9cb5,2025-01-12,0.0,15.0,0.0,332.67866666666674,0.0,0.0,0.0,0.0,62.0,Greed
0x8477e447846c758f5a675856001ea72298fd9cb5,2025-01-13,2060.162946,58.0,26.0,827.8527586206899,0.0,1.0,0.4482758620689655,0.0,61.0,Greed
0x8477e447846c758f5a675856001ea72298fd9cb5,2025-01-14,82.032118,13.0,3.0,565.48,0.0,0.0,0.23076923076923078,0.0,63.0,Greed
0x8477e447846c758f5a675856001ea72298fd9cb5,2025-01-15,240.93138,64.0,28.0,456.34046875,0.0,0.0,0.4375,0.0,70.0,Greed
0x8477e447846c758f5a675856001ea72298fd9cb5,2025-01-16,218.26223099999999,34.0,6.0,471.515,0.0,0.0,0.17647058823529413,0.0,75.0,Extreme Greed
0x8477e447846c758f5a675856001ea72298fd9cb5,2025-01-17,43.69239,13.0,1.0,423.47230769230765,0.0,0.0,0.07692307692307693,0.0,75.0,Extreme Greed
0x8477e447846c758f5a675856001ea72298fd9cb5,2025-01-18,1055.8044439999999,40.0,20.0,565.99425,0.0,0.0,0.5,0.0,77.0,Extreme Greed
0x8477e447846c758f5a675856001ea72298fd9cb5,2025-01-19,0.0,13.0,0.0,508.26307692307694,0.0,0.0,0.0,0.0,77.0,Extreme Greed
0x8477e447846c758f5a675856001ea72298fd9cb5,2025-01-20,1876.2655110000003,44.0,19.0,674.2861363636365,0.0,0.0,0.4318181818181818,0.0,76.0,Extreme Greed
0x8477e447846c758f5a675856001ea72298fd9cb5,2025-01-21,201.672306,206.0,35.0,288.69718446601945,0.0,0.0,0.16990291262135923,0.0,76.0,Extreme Greed
0x8477e447846c758f5a675856001ea72298fd9cb5,2025-01-22,261.367634,147.0,13.0,590.73,0.0,0.0,0.08843537414965986,0.0,84.0,Extreme Greed
0x8477e447846c758f5a675856001ea72298fd9cb5,2025-01-23,7503.093009,275.0,129.0,646.8723272727274,0.0,0.0,0.4690909090909091,0.0,75.0,Extreme Greed
0x8477e447846c758f5a675856001ea72298fd9cb5,2025-01-24,288.144978,61.0,2.0,349.9350819672131,0.0,0.0,0.03278688524590164,0.0,75.0,Extreme Greed
0x8477e447846c758f5a675856001ea72298fd9cb5,2025-01-25,1125.196124,111.0,25.0,498.1863963963965,0.0,0.0,0.22522522522522523,0.0,75.0,Extreme Greed
0x8477e447846c758f5a675856001ea72298fd9cb5,2025-01-26,444.46479200000005,96.0,21.0,815.5705208333335,0.0,0.0,0.21875,0.0,73.0,Greed
0x8477e447846c758f5a675856001ea72298fd9cb5,2025-01-27,4321.583224999999,31.0,18.0,1396.8890322580646,0.0,0.0,0.5806451612903226,0.0,71.0,Greed
0x8477e447846c758f5a675856001ea72298fd9cb5,2025-01-29,0.0,13.0,0.0,452.096153846154,0.0,0.0,0.0,0.0,72.0,Greed
0x8477e447846c758f5a675856001ea72298fd9cb5,2025-01-30,0.0,9.0,0.0,307.96333333333337,0.0,0.0,0.0,0.0,70.0,Greed
0x8477e447846c758f5a675856001ea72298fd9cb5,2025-01-31,151.311363,66.0,16.0,527.1548484848485,0.0,0.0,0.24242424242424243,0.0,76.0,Extreme Greed
0x8477e447846c758f5a675856001ea72298fd9cb5,2025-02-01,1579.9097579999998,60.0,29.0,615.1539999999999,0.0,0.0,0.48333333333333334,0.0,68.0,Greed
0x8477e447846c758f5a675856001ea72298fd9cb5,2025-02-02,1023.9347130000001,60.0,15.0,1069.4091666666666,0.0,0.0,0.25,0.0,60.0,Greed
0x8477e447846c758f5a675856001ea72298fd9cb5,2025-02-03,1474.6075839999999,138.0,67.0,1645.344855072464,0.0,0.0,0.4855072463768116,0.0,44.0,Fear
0x8477e447846c758f5a675856001ea72298fd9cb5,2025-02-04,0.0,6.0,0.0,462.50499999999994,0.0,0.0,0.0,0.0,72.0,Greed
0x8477e447846c758f5a675856001ea72298fd9cb5,2025-02-05,554.257954,20.0,12.0,554.9604999999999,0.0,0.0,0.6,0.0,54.0,Neutral
0x8477e447846c758f5a675856001ea72298fd9cb5,2025-02-07,0.0,6.0,0.0,277.15333333333336,0.0,0.0,0.0,0.0,44.0,Fear
0x8477e447846c758f5a675856001ea72298fd9cb5,2025-02-08,131.753274,8.0,7.0,329.95875,0.0,0.0,0.875,0.0,44.0,Fear
0x8477e447846c758f5a675856001ea72298fd9cb5,2025-02-09,312.03487199999995,65.0,20.0,322.47153846153844,0.0,0.0,0.3076923076923077,0.0,46.0,Neutral
0x8477e447846c758f5a675856001ea72298fd9cb5,2025-02-10,131.17446,46.0,7.0,585.3667391304348,0.0,0.0,0.15217391304347827,0.0,43.0,Fear
0x8477e447846c758f5a675856001ea72298fd9cb5,2025-02-11,56.537437,19.0,5.0,569.5515789473683,0.0,0.0,0.2631578947368421,0.0,47.0,Neutral
0x8477e447846c758f5a675856001ea72298fd9cb5,2025-02-12,299.66985400000004,30.0,23.0,410.9486666666667,0.0,0.0,0.7666666666666667,0.0,46.0,Neutral
0x8477e447846c758f5a675856001ea72298fd9cb5,2025-02-13,181.456277,25.0,11.0,264.2908,0.0,0.0,0.44,0.0,50.0,Neutral
0x8477e447846c758f5a675856001ea72298fd9cb5,2025-02-14,0.0,10.0,0.0,254.971,0.0,0.0,0.0,0.0,48.0,Neutral
0x8477e447846c758f5a675856001ea72298fd9cb5,2025-02-15,49.983829,9.0,3.0,437.9866666666667,0.0,0.0,0.3333333333333333,0.0,50.0,Neutral
0x8477e447846c758f5a675856001ea72298fd9cb5,2025-02-16,0.0,1.0,0.0,555.02,0.0,0.0,0.0,0.0,54.0,Neutral
0x8477e447846c758f5a675856001ea72298fd9cb5,2025-02-17,0.0,20.0,0.0,510.6405000000001,0.0,0.0,0.0,0.0,51.0,Neutral
0x8477e447846c758f5a675856001ea72298fd9cb5,2025-02-18,950.8155959999999,23.0,21.0,644.1191304347827,0.0,0.0,0.9130434782608695,0.0,47.0,Neutral
0x8477e447846c758f5a675856001ea72298fd9cb5,2025-02-19,0.0,9.0,0.0,832.99,0.0,0.0,0.0,0.0,44.0,Fear
0x8477e447846c758f5a675856001ea72298fd9cb5,2025-02-22,-80.922744,18.0,0.0,343.5022222222222,0.0,0.0,0.0,0.0,49.0,Neutral
0x8477e447846c758f5a675856001ea72298fd9cb5,2025-02-23,63.922728,24.0,1.0,574.5508333333333,0.0,0.0,0.041666666666666664,0.0,50.0,Neutral
0x8477e447846c758f5a675856001ea72298fd9cb5,2025-02-24,1282.0975680000001,55.0,35.0,874.9930909090908,0.0,0.0,0.6363636363636364,0.0,49.0,Neutral
0x8477e447846c758f5a675856001ea72298fd9cb5,2025-02-25,0.0,4.0,0.0,1249.875,0.0,0.0,0.0,0.0,25.0,Fear
0x8477e447846c758f5a675856001ea72298fd9cb5,2025-02-26,108.13869,14.0,1.0,642.3542857142857,0.0,0.0,0.07142857142857142,0.0,21.0,Extreme Fear
0x8477e447846c758f5a675856001ea72298fd9cb5,2025-02-27,0.0,1.0,0.0,2499.69,0.0,0.0,0.0,0.0,10.0,Extreme Fear
0x8477e447846c758f5a675856001ea72298fd9cb5,2025-02-28,268.367925,19.0,10.0,1126.7694736842107,0.0,0.0,0.5263157894736842,0.0,16.0,Extreme Fear
0x8477e447846c758f5a675856001ea72298fd9cb5,2025-03-03,468.351978,68.0,23.0,575.866911764706,0.0,0.0,0.3382352941176471,0.0,33.0,Fear
0x8477e447846c758f5a675856001ea72298fd9cb5,2025-03-04,54.2704,8.0,1.0,1117.82,0.0,0.0,0.125,0.0,15.0,Extreme Fear
0x8477e447846c758f5a675856001ea72298fd9cb5,2025-03-05,34.86435,34.0,4.0,543.1394117647059,0.0,0.0,0.11764705882352941,0.0,20.0,Extreme Fear
0x8477e447846c758f5a675856001ea72298fd9cb5,2025-03-06,0.0,7.0,0.0,110.53285714285714,0.0,0.0,0.0,0.0,25.0,Fear
0x8477e447846c758f5a675856001ea72298fd9cb5,2025-03-07,9.266712,2.0,1.0,554.57,0.0,0.0,0.5,0.0,34.0,Fear
0x8477e447846c758f5a675856001ea72298fd9cb5,2025-03-09,969.56792,35.0,33.0,241.43400000000003,0.0,0.0,0.9428571428571428,0.0,27.0,Fear
0x8477e447846c758f5a675856001ea72298fd9cb5,2025-03-10,0.0,3.0,0.0,1666.1666666666667,0.0,0.0,0.0,0.0,20.0,Extreme Fear
0x8477e447846c758f5a675856001ea72298fd9cb5,2025-03-11,94.482558,8.0,6.0,1261.5125,0.0,0.0,0.75,0.0,24.0,Extreme Fear
0x8477e447846c758f5a675856001ea72298fd9cb5,2025-03-12,0.0,3.0,0.0,666.82,0.0,0.0,0.0,0.0,34.0,Fear
0x8477e447846c758f5a675856001ea72298fd9cb5,2025-03-13,0.0,11.0,0.0,383.9627272727273,0.0,0.0,0.0,0.0,45.0,Neutral
0x8477e447846c758f5a675856001ea72298fd9cb5,2025-03-14,364.03788000000003,5.0,5.0,1317.608,0.0,0.0,1.0,0.0,27.0,Fear
0x8477e447846c758f5a675856001ea72298fd9cb5,2025-03-18,185.307189,24.0,12.0,445.26666666666665,0.0,0.0,0.5,0.0,34.0,Fear
0x8477e447846c758f5a675856001ea72298fd9cb5,2025-03-19,0.0,9.0,0.0,598.3033333333334,0.0,0.0,0.0,0.0,32.0,Fear
0x8477e447846c758f5a675856001ea72298fd9cb5,2025-03-20,65.297516,11.0,7.0,483.58363636363634,0.0,0.0,0.6363636363636364,0.0,49.0,Neutral
0x8477e447846c758f5a675856001ea72298fd9cb5,2025-03-21,0.0,2.0,0.0,443.555,0.0,0.0,0.0,0.0,31.0,Fear
0x8477e447846c758f5a675856001ea72298fd9cb5,2025-03-22,-41.40918,4.0,0.0,287.38000000000005,0.0,0.0,0.0,0.0,32.0,Fear
0x8477e447846c758f5a675856001ea72298fd9cb5,2025-03-23,178.247768,37.0,11.0,554.7635135135135,0.0,0.0,0.2972972972972973,0.0,30.0,Fear
0x8477e447846c758f5a675856001ea72298fd9cb5,2025-03-24,0.0,78.0,0.0,559.9092307692307,0.0,0.0,0.0,0.0,45.0,Neutral
0x8477e447846c758f5a675856001ea72298fd9cb5,2025-03-25,994.1960690000001,36.0,25.0,1272.0727777777777,0.0,0.0,0.6944444444444444,0.0,46.0,Neutral
0x8477e447846c758f5a675856001ea72298fd9cb5,2025-03-26,27.5033,9.0,1.0,744.4566666666667,0.0,0.0,0.1111111111111111,0.0,47.0,Neutral
0x8477e447846c758f5a675856001ea72298fd9cb5,2025-03-27,195.60777199999998,40.0,14.0,1138.75375,0.0,0.0,0.35,0.0,40.0,Fear
0x8477e447846c758f5a675856001ea72298fd9cb5,2025-03-28,1617.7703600000002,37.0,25.0,1225.1743243243245,0.0,0.0,0.6756756756756757,0.0,44.0,Fear
0x8477e447846c758f5a675856001ea72298fd9cb5,2025-03-29,7.57416,10.0,2.0,721.253,0.0,0.0,0.2,0.0,26.0,Fear
0x8477e447846c758f5a675856001ea72298fd9cb5,2025-03-30,267.134038,8.0,6.0,681.61,0.0,0.0,0.75,0.0,32.0,Fear
0x8477e447846c758f5a675856001ea72298fd9cb5,2025-03-31,92.902727,7.0,3.0,510.2799999999999,0.0,0.0,0.42857142857142855,0.0,34.0,Fear
0x8477e447846c758f5a675856001ea72298fd9cb5,2025-04-03,0.0,6.0,0.0,666.2016666666667,0.0,0.0,0.0,0.0,25.0,Fear
0x8477e447846c758f5a675856001ea72298fd9cb5,2025-04-04,586.6233619999999,54.0,17.0,483.5138888888888,0.0,0.0,0.3148148148148148,0.0,28.0,Fear
0x8477e447846c758f5a675856001ea72298fd9cb5,2025-04-05,0.0,4.0,0.0,624.745,0.0,0.0,0.0,0.0,30.0,Fear
0x8477e447846c758f5a675856001ea72298fd9cb5,2025-04-06,67.08080899999999,28.0,4.0,443.69,0.0,0.0,0.14285714285714285,0.0,34.0,Fear
0x8477e447846c758f5a675856001ea72298fd9cb5,2025-04-07,632.303024,270.0,73.0,1849.3804444444443,0.0,0.0,0.27037037037037037,0.0,23.0,Extreme Fear
0x8477e447846c758f5a675856001ea72298fd9cb5,2025-04-08,81.035707,46.0,14.0,828.6836956521738,0.0,0.0,0.30434782608695654,0.0,24.0,Extreme Fear
0x8477e447846c758f5a675856001ea72298fd9cb5,2025-04-09,500.847132,136.0,26.0,925.8802205882354,0.0,0.0,0.19117647058823528,0.0,18.0,Extreme Fear
0x8477e447846c758f5a675856001ea72298fd9cb5,2025-04-10,-103.71342200000001,314.0,84.0,874.4072929936306,0.0,0.0,0.267515923566879,0.0,39.0,Fear
0x8477e447846c758f5a675856001ea72298fd9cb5,2025-04-11,19.202581000000002,61.0,12.0,553.040819672131,0.0,0.0,0.19672131147540983,0.0,25.0,Fear
0x8477e447846c758f5a675856001ea72298fd9cb5,2025-04-12,0.0,24.0,0.0,772.8058333333332,0.0,0.0,0.0,0.0,43.0,Fear
0x8477e447846c758f5a675856001ea72298fd9cb5,2025-04-13,1350.19094,287.0,147.0,820.2411846689896,0.0,0.0,0.5121951219512195,0.0,45.0,Neutral
0x8477e447846c758f5a675856001ea72298fd9cb5,2025-04-14,236.72565500000002,23.0,12.0,932.9834782608697,0.0,0.0,0.5217391304347826,0.0,31.0,Fear
0x8477e447846c758f5a675856001ea72298fd9cb5,2025-04-15,191.802066,38.0,14.0,520.8728947368421,0.0,0.0,0.3684210526315789,0.0,38.0,Fear
0x8477e447846c758f5a675856001ea72298fd9cb5,2025-04-16,71.93198999999998,4.0,4.0,356.5375,0.0,0.0,1.0,0.0,29.0,Fear
0x8477e447846c758f5a675856001ea72298fd9cb5,2025-04-18,0.0,20.0,0.0,383.0805,0.0,0.0,0.0,0.0,33.0,Fear
0x8477e447846c758f5a675856001ea72298fd9cb5,2025-04-19,0.0,19.0,0.0,326.88526315789466,0.0,0.0,0.0,0.0,32.0,Fear
0x8477e447846c758f5a675856001ea72298fd9cb5,2025-04-20,43.224447,44.0,5.0,328.4611363636364,0.0,0.0,0.11363636363636363,0.0,37.0,Fear
0x8477e447846c758f5a675856001ea72298fd9cb5,2025-04-21,596.556385,108.0,32.0,498.3961111111111,0.0,0.0,0.2962962962962963,0.0,39.0,Fear
0x8477e447846c758f5a675856001ea72298fd9cb5,2025-04-22,-180.07315699999975,988.0,161.0,1169.5095344129554,0.0,0.0,0.16295546558704455,0.0,47.0,Neutral
0x8477e447846c758f5a675856001ea72298fd9cb5,2025-04-23,-27087.802198,1950.0,41.0,636.126676923077,0.0,0.0,0.021025641025641025,0.0,72.0,Greed
0x8477e447846c758f5a675856001ea72298fd9cb5,2025-04-24,2397.669518,117.0,60.0,658.8346153846154,0.0,0.0,0.5128205128205128,0.0,63.0,Greed
0x8477e447846c758f5a675856001ea72298fd9cb5,2025-04-25,36.153454,207.0,2.0,1063.6844444444444,0.0,0.0,0.00966183574879227,0.0,60.0,Greed
0x8477e447846c758f5a675856001ea72298fd9cb5,2025-04-26,394.65516900000006,70.0,33.0,1416.6668571428568,0.0,0.0,0.4714285714285714,0.0,65.0,Greed
0x8477e447846c758f5a675856001ea72298fd9cb5,2025-04-27,78.78402200000002,20.0,19.0,1364.094,0.0,0.0,0.95,0.0,61.0,Greed
0x8477e447846c758f5a675856001ea72298fd9cb5,2025-04-28,-6424.928118,80.0,5.0,2193.325,0.0,0.0,0.0625,0.0,54.0,Neutral
0x8477e447846c758f5a675856001ea72298fd9cb5,2025-04-29,-1793.4427950000002,73.0,2.0,396.20082191780824,0.0,0.0,0.0273972602739726,0.0,60.0,Greed
0x8477e447846c758f5a675856001ea72298fd9cb5,2025-04-30,-1053.418063,87.0,22.0,985.3667816091954,0.0,0.0,0.25287356321839083,0.0,56.0,Greed
0x8477e447846c758f5a675856001ea72298fd9cb5,2025-05-01,-200.94845999999995,19.0,0.0,309.6568421052631,0.0,0.0,0.0,0.0,53.0,Neutral
0x92f17e8d81a944691c10e753af1b1baae1a2cd0d,2024-12-13,0.0,162.0,0.0,2468.9409876543214,162.0,0.0,0.0,162000000000.0,76.0,Extreme Greed
0x92f17e8d81a944691c10e753af1b1baae1a2cd0d,2024-12-15,0.0,413.0,0.0,1890.1754237288135,413.0,0.0,0.0,413000000000.0,80.0,Extreme Greed
0x92f17e8d81a944691c10e753af1b1baae1a2cd0d,2024-12-16,55.987393,2.0,1.0,55.980000000000004,1.0,1.0,0.5,0.9999999989999999,83.0,Extreme Greed
0x92f17e8d81a944691c10e753af1b1baae1a2cd0d,2024-12-17,0.0,1.0,0.0,0.0,0.0,0.0,0.0,0.0,87.0,Extreme Greed
0x92f17e8d81a944691c10e753af1b1baae1a2cd0d,2024-12-22,0.0,86.0,0.0,4111.969186046511,6.0,0.0,0.0,6000000000.0,73.0,Greed
0x92f17e8d81a944691c10e753af1b1baae1a2cd0d,2024-12-23,8639.369933000002,60.0,54.0,9857.592999999999,6.0,0.0,0.9,6000000000.0,70.0,Greed
0x92f17e8d81a944691c10e753af1b1baae1a2cd0d,2025-01-19,0.0,484.0,0.0,2098.619710743802,0.0,0.0,0.0,0.0,77.0,Extreme Greed
0x92f17e8d81a944691c10e753af1b1baae1a2cd0d,2025-01-23,63464.28728999999,487.0,432.0,3015.5509856262834,0.0,0.0,0.8870636550308009,0.0,75.0,Extreme Greed
0x92f17e8d81a944691c10e753af1b1baae1a2cd0d,2025-01-29,21987.812578999998,636.0,272.0,2604.86213836478,0.0,0.0,0.4276729559748428,0.0,72.0,Greed
0x92f17e8d81a944691c10e753af1b1baae1a2cd0d,2025-02-02,12245.905049,169.0,75.0,2370.67449704142,0.0,0.0,0.4437869822485207,0.0,60.0,Greed
0x92f17e8d81a944691c10e753af1b1baae1a2cd0d,2025-02-07,0.0,2.0,0.0,46000.0,2.0,0.0,0.0,1999999999.9999998,44.0,Fear
0x92f17e8d81a944691c10e753af1b1baae1a2cd0d,2025-02-08,0.0,152.0,0.0,1771.9198684210523,152.0,0.0,0.0,152000000000.0,44.0,Fear
0x92f17e8d81a944691c10e753af1b1baae1a2cd0d,2025-02-24,0.0,45.0,0.0,9481.510444444444,45.0,0.0,0.0,45000000000.0,49.0,Neutral
0x92f17e8d81a944691c10e753af1b1baae1a2cd0d,2025-02-25,0.0,8.0,0.0,60250.0,8.0,0.0,0.0,7999999999.999999,25.0,Fear
0x92f17e8d81a944691c10e753af1b1baae1a2cd0d,2025-04-07,3425.9609499999997,68.0,33.0,9608.110294117649,0.0,0.0,0.4852941176470588,0.0,23.0,Extreme Fear
0x92f17e8d81a944691c10e753af1b1baae1a2cd0d,2025-04-14,-621.54506,25.0,0.0,20063.173199999997,0.0,0.0,0.0,0.0,31.0,Fear
0x92f17e8d81a944691c10e753af1b1baae1a2cd0d,2025-04-16,0.0,4.0,0.0,42034.5,0.0,0.0,0.0,0.0,29.0,Fear
0x92f17e8d81a944691c10e753af1b1baae1a2cd0d,2025-04-23,17381.164,248.0,4.0,6983.216774193549,0.0,0.0,0.016129032258064516,0.0,72.0,Greed
0xa0feb3725a9335f49874d7cd8eaad6be45b27416,2024-12-13,2270.1241019999998,234.0,164.0,939.9077777777777,0.0,0.0,0.7008547008547008,0.0,76.0,Extreme Greed
0xa0feb3725a9335f49874d7cd8eaad6be45b27416,2024-12-14,10281.503571,683.0,296.0,1674.4618155197657,0.0,0.0,0.4333821376281113,0.0,83.0,Extreme Greed
0xa0feb3725a9335f49874d7cd8eaad6be45b27416,2024-12-15,3932.676736,748.0,187.0,1345.2046122994652,0.0,0.0,0.25,0.0,80.0,Extreme Greed
0xa0feb3725a9335f49874d7cd8eaad6be45b27416,2024-12-16,3923.0712660000004,326.0,164.0,1710.5239570552146,0.0,0.0,0.5030674846625767,0.0,83.0,Extreme Greed
0xa0feb3725a9335f49874d7cd8eaad6be45b27416,2024-12-17,9080.193597,599.0,260.0,2051.6765609348913,0.0,0.0,0.4340567612687813,0.0,87.0,Extreme Greed
0xa0feb3725a9335f49874d7cd8eaad6be45b27416,2024-12-18,2755.818564,314.0,154.0,1756.5612101910826,0.0,0.0,0.49044585987261147,0.0,81.0,Extreme Greed
0xa0feb3725a9335f49874d7cd8eaad6be45b27416,2024-12-19,5687.811637999999,439.0,189.0,1937.9936218678815,0.0,0.0,0.4305239179954442,0.0,75.0,Extreme Greed
0xa0feb3725a9335f49874d7cd8eaad6be45b27416,2024-12-20,5930.482942,243.0,163.0,1136.9883950617284,0.0,0.0,0.6707818930041153,0.0,74.0,Greed
0xa0feb3725a9335f49874d7cd8eaad6be45b27416,2024-12-21,2600.0502419999993,331.0,105.0,1631.8650151057404,0.0,0.0,0.31722054380664655,0.0,73.0,Greed
0xa0feb3725a9335f49874d7cd8eaad6be45b27416,2024-12-22,2718.982224,291.0,81.0,1754.120412371134,0.0,0.0,0.27835051546391754,0.0,73.0,Greed
0xa0feb3725a9335f49874d7cd8eaad6be45b27416,2024-12-23,0.0,3.0,0.0,1403.5599999999997,0.0,0.0,0.0,0.0,70.0,Greed
0xa0feb3725a9335f49874d7cd8eaad6be45b27416,2024-12-24,0.0,1.0,0.0,2994.6,0.0,0.0,0.0,0.0,73.0,Greed
0xa0feb3725a9335f49874d7cd8eaad6be45b27416,2025-01-15,0.0,2.0,0.0,522.095,0.0,0.0,0.0,0.0,70.0,Greed
0xa0feb3725a9335f49874d7cd8eaad6be45b27416,2025-01-18,0.0,53.0,0.0,1244.2596226415094,0.0,0.0,0.0,0.0,77.0,Extreme Greed
0xa0feb3725a9335f49874d7cd8eaad6be45b27416,2025-01-20,0.0,1.0,0.0,2999.98,0.0,0.0,0.0,0.0,76.0,Extreme Greed
0xa0feb3725a9335f49874d7cd8eaad6be45b27416,2025-01-22,140.995116,20.0,2.0,332.67500000000007,0.0,0.0,0.1,0.0,84.0,Extreme Greed
0xa0feb3725a9335f49874d7cd8eaad6be45b27416,2025-01-23,0.0,6.0,0.0,569.92,0.0,0.0,0.0,0.0,75.0,Extreme Greed
0xa0feb3725a9335f49874d7cd8eaad6be45b27416,2025-01-24,0.0,9.0,0.0,671.1622222222222,0.0,0.0,0.0,0.0,75.0,Extreme Greed
0xa0feb3725a9335f49874d7cd8eaad6be45b27416,2025-01-27,0.0,20.0,0.0,449.921,0.0,0.0,0.0,0.0,71.0,Greed
0xa0feb3725a9335f49874d7cd8eaad6be45b27416,2025-01-31,9719.053192,65.0,65.0,2959.078615384615,0.0,0.0,1.0,0.0,76.0,Extreme Greed
0xa0feb3725a9335f49874d7cd8eaad6be45b27416,2025-02-01,923.4874430000001,18.0,18.0,1390.103888888889,0.0,0.0,1.0,0.0,68.0,Greed
0xa0feb3725a9335f49874d7cd8eaad6be45b27416,2025-02-02,0.0,29.0,0.0,1210.4648275862069,0.0,0.0,0.0,0.0,60.0,Greed
0xa0feb3725a9335f49874d7cd8eaad6be45b27416,2025-02-03,2161.6751200000003,15.0,6.0,8577.862,0.0,0.0,0.4,0.0,44.0,Fear
0xa0feb3725a9335f49874d7cd8eaad6be45b27416,2025-02-04,4624.583773,731.0,138.0,1221.8522845417237,0.0,0.0,0.18878248974008208,0.0,72.0,Greed
0xa0feb3725a9335f49874d7cd8eaad6be45b27416,2025-02-05,-6194.283149,368.0,45.0,4161.94464673913,0.0,0.0,0.12228260869565218,0.0,54.0,Neutral
0xa0feb3725a9335f49874d7cd8eaad6be45b27416,2025-02-06,2780.135427,806.0,274.0,716.7850620347394,0.0,0.0,0.3399503722084367,0.0,49.0,Neutral
0xa0feb3725a9335f49874d7cd8eaad6be45b27416,2025-02-07,6119.377806999999,787.0,202.0,1749.6032401524774,0.0,0.0,0.25667090216010163,0.0,44.0,Fear
0xa0feb3725a9335f49874d7cd8eaad6be45b27416,2025-02-08,330.03988300000003,328.0,96.0,764.5767682926829,0.0,0.0,0.2926829268292683,0.0,44.0,Fear
0xa0feb3725a9335f49874d7cd8eaad6be45b27416,2025-02-09,183.593223,122.0,21.0,747.8363934426229,0.0,0.0,0.1721311475409836,0.0,46.0,Neutral
0xa0feb3725a9335f49874d7cd8eaad6be45b27416,2025-02-10,1338.3984500000001,304.0,185.0,868.625164473684,0.0,0.0,0.6085526315789473,0.0,43.0,Fear
0xa0feb3725a9335f49874d7cd8eaad6be45b27416,2025-02-11,869.7571030000001,183.0,31.0,1215.3866120218581,0.0,0.0,0.16939890710382513,0.0,47.0,Neutral
0xa0feb3725a9335f49874d7cd8eaad6be45b27416,2025-02-12,0.0,50.0,0.0,999.666,0.0,0.0,0.0,0.0,46.0,Neutral
0xa0feb3725a9335f49874d7cd8eaad6be45b27416,2025-02-13,1312.55815,399.0,160.0,2012.0397744360903,0.0,0.0,0.40100250626566414,0.0,50.0,Neutral
0xa0feb3725a9335f49874d7cd8eaad6be45b27416,2025-02-14,414.743169,306.0,34.0,1372.3451960784314,0.0,0.0,0.1111111111111111,0.0,48.0,Neutral
0xa0feb3725a9335f49874d7cd8eaad6be45b27416,2025-02-15,590.73516,466.0,113.0,787.2578326180258,0.0,0.0,0.24248927038626608,0.0,50.0,Neutral
0xa0feb3725a9335f49874d7cd8eaad6be45b27416,2025-02-16,819.9957999999999,455.0,195.0,501.3087472527472,0.0,0.0,0.42857142857142855,0.0,54.0,Neutral
0xa0feb3725a9335f49874d7cd8eaad6be45b27416,2025-02-17,303.11202,284.0,118.0,598.8410211267606,0.0,0.0,0.4154929577464789,0.0,51.0,Neutral
0xa0feb3725a9335f49874d7cd8eaad6be45b27416,2025-02-18,3494.964308,413.0,149.0,1209.069588377724,0.0,0.0,0.36077481840193704,0.0,47.0,Neutral
0xa0feb3725a9335f49874d7cd8eaad6be45b27416,2025-02-19,1280.6095579999999,400.0,134.0,1091.899,0.0,0.0,0.335,0.0,44.0,Fear
0xa0feb3725a9335f49874d7cd8eaad6be45b27416,2025-02-20,2866.8726770000003,968.0,443.0,817.1428202479339,0.0,0.0,0.45764462809917356,0.0,49.0,Neutral
0xa0feb3725a9335f49874d7cd8eaad6be45b27416,2025-02-21,3417.7134100000003,769.0,341.0,1031.4382574772433,0.0,0.0,0.4434330299089727,0.0,55.0,Greed
0xa0feb3725a9335f49874d7cd8eaad6be45b27416,2025-02-22,101.062904,41.0,20.0,789.0624390243902,0.0,0.0,0.4878048780487805,0.0,49.0,Neutral
0xa0feb3725a9335f49874d7cd8eaad6be45b27416,2025-02-23,0.0,53.0,0.0,226.28509433962262,0.0,0.0,0.0,0.0,50.0,Neutral
0xa0feb3725a9335f49874d7cd8eaad6be45b27416,2025-02-24,0.0,42.0,0.0,495.59309523809526,0.0,0.0,0.0,0.0,49.0,Neutral
0xa0feb3725a9335f49874d7cd8eaad6be45b27416,2025-02-25,826.548369,193.0,54.0,626.2487046632124,0.0,0.0,0.27979274611398963,0.0,25.0,Fear
0xa0feb3725a9335f49874d7cd8eaad6be45b27416,2025-02-26,0.0,20.0,0.0,749.8255,0.0,0.0,0.0,0.0,21.0,Extreme Fear
0xa0feb3725a9335f49874d7cd8eaad6be45b27416,2025-02-27,0.0,13.0,0.0,768.6484615384616,0.0,0.0,0.0,0.0,10.0,Extreme Fear
0xa0feb3725a9335f49874d7cd8eaad6be45b27416,2025-02-28,1011.258943,197.0,61.0,623.2444670050761,0.0,0.0,0.3096446700507614,0.0,16.0,Extreme Fear
0xa0feb3725a9335f49874d7cd8eaad6be45b27416,2025-03-02,625.512206,32.0,16.0,1691.2284375,0.0,0.0,0.5,0.0,26.0,Fear
0xa0feb3725a9335f49874d7cd8eaad6be45b27416,2025-03-03,60.171373,176.0,15.0,234.52426136363636,0.0,0.0,0.08522727272727272,0.0,33.0,Fear
0xa0feb3725a9335f49874d7cd8eaad6be45b27416,2025-03-04,0.0,40.0,0.0,369.27675,0.0,0.0,0.0,0.0,15.0,Extreme Fear
0xa0feb3725a9335f49874d7cd8eaad6be45b27416,2025-03-14,0.0,8.0,0.0,874.97875,0.0,0.0,0.0,0.0,27.0,Fear
0xa0feb3725a9335f49874d7cd8eaad6be45b27416,2025-04-15,73.34455,21.0,9.0,917.6357142857144,0.0,0.0,0.42857142857142855,0.0,38.0,Fear
0xa0feb3725a9335f49874d7cd8eaad6be45b27416,2025-04-16,100.22198900000001,47.0,17.0,400.05872340425526,0.0,0.0,0.3617021276595745,0.0,29.0,Fear
0xa0feb3725a9335f49874d7cd8eaad6be45b27416,2025-04-17,18.57004,13.0,6.0,303.84384615384613,0.0,0.0,0.46153846153846156,0.0,30.0,Fear
0xa0feb3725a9335f49874d7cd8eaad6be45b27416,2025-04-23,6653.134804,550.0,215.0,894.6094181818181,248.0,215.0,0.39090909090909093,1.1534883720876583,72.0,Greed
0xa0feb3725a9335f49874d7cd8eaad6be45b27416,2025-04-24,1279.688605,334.0,65.0,1325.6926047904192,269.0,65.0,0.19461077844311378,4.13846153839787,63.0,Greed
0xa0feb3725a9335f49874d7cd8eaad6be45b27416,2025-04-25,4058.112969,138.0,43.0,1475.0315217391305,86.0,43.0,0.3115942028985507,1.9999999999534885,60.0,Greed
0xa0feb3725a9335f49874d7cd8eaad6be45b27416,2025-04-26,0.0,50.0,0.0,425.9992,46.0,0.0,0.0,46000000000.0,65.0,Greed
0xa0feb3725a9335f49874d7cd8eaad6be45b27416,2025-04-27,147.30916500000004,46.0,4.0,858.3880434782608,42.0,4.0,0.08695652173913043,10.499999997375,61.0,Greed
0xa0feb3725a9335f49874d7cd8eaad6be45b27416,2025-04-28,474.24540900000005,155.0,21.0,1106.030516129032,134.0,21.0,0.13548387096774195,6.380952380648526,54.0,Neutral
0xa0feb3725a9335f49874d7cd8eaad6be45b27416,2025-04-29,1189.49741,214.0,93.0,1261.7606542056076,121.0,93.0,0.43457943925233644,1.3010752688032141,60.0,Greed
0xa0feb3725a9335f49874d7cd8eaad6be45b27416,2025-04-30,1555.834562,345.0,123.0,793.9205507246378,222.0,123.0,0.3565217391304348,1.804878048765814,56.0,Greed
0xa0feb3725a9335f49874d7cd8eaad6be45b27416,2025-05-01,1449.529436,288.0,101.0,1130.8870833333333,187.0,101.0,0.3506944444444444,1.8514851484965198,53.0,Neutral
0xa520ded057a32086c40e7dd6ed4eb8efb82c00e0,2024-08-03,0.0,16.0,0.0,9281.686875,0.0,0.0,0.0,0.0,37.0,Fear
0xa520ded057a32086c40e7dd6ed4eb8efb82c00e0,2024-08-04,-14176.51042,10.0,0.0,13492.987,8.0,0.0,0.0,7999999999.999999,34.0,Fear
0xa520ded057a32086c40e7dd6ed4eb8efb82c00e0,2024-08-05,0.0,2.0,0.0,10053.805,2.0,0.0,0.0,1999999999.9999998,26.0,Fear
0xa520ded057a32086c40e7dd6ed4eb8efb82c00e0,2024-08-07,0.0,1.0,0.0,500.0,1.0,0.0,0.0,999999999.9999999,29.0,Fear
0xa520ded057a32086c40e7dd6ed4eb8efb82c00e0,2024-08-08,-40.712216999999995,4.0,0.0,114.82,0.0,3.0,0.0,0.0,20.0,Extreme Fear
0xa520ded057a32086c40e7dd6ed4eb8efb82c00e0,2024-08-09,0.0,2.0,0.0,250.0,2.0,0.0,0.0,1999999999.9999998,48.0,Neutral
0xa520ded057a32086c40e7dd6ed4eb8efb82c00e0,2024-08-17,-288.283113,1.0,0.0,211.7,0.0,1.0,0.0,0.0,25.0,Fear
0xa520ded057a32086c40e7dd6ed4eb8efb82c00e0,2024-08-18,0.0,1.0,0.0,0.01,0.0,0.0,0.0,0.0,31.0,Fear
0xa520ded057a32086c40e7dd6ed4eb8efb82c00e0,2024-08-21,0.0,2.0,0.0,1000.14,0.0,0.0,0.0,0.0,26.0,Fear
0xa520ded057a32086c40e7dd6ed4eb8efb82c00e0,2024-09-08,0.0,1.0,0.0,0.11,0.0,0.0,0.0,0.0,29.0,Fear
0xa520ded057a32086c40e7dd6ed4eb8efb82c00e0,2024-09-10,-219.729659,2.0,0.0,890.27,0.0,0.0,0.0,0.0,33.0,Fear
0xa520ded057a32086c40e7dd6ed4eb8efb82c00e0,2024-10-17,0.0,1.0,0.0,499.72,0.0,0.0,0.0,0.0,71.0,Greed
0xa520ded057a32086c40e7dd6ed4eb8efb82c00e0,2024-10-28,167.28016200000002,4.0,4.0,375.23249999999996,0.0,3.0,1.0,0.0,72.0,Greed
0xa520ded057a32086c40e7dd6ed4eb8efb82c00e0,2024-11-07,3360.9281,95.0,48.0,208.82052631578944,47.0,48.0,0.5052631578947369,0.9791666666462674,77.0,Extreme Greed
0xa520ded057a32086c40e7dd6ed4eb8efb82c00e0,2024-11-13,0.0,1.0,0.0,200.04,0.0,0.0,0.0,0.0,84.0,Extreme Greed
0xa520ded057a32086c40e7dd6ed4eb8efb82c00e0,2024-11-18,693.220788,9.0,9.0,186.34222222222223,0.0,9.0,1.0,0.0,83.0,Extreme Greed
0xa520ded057a32086c40e7dd6ed4eb8efb82c00e0,2024-11-21,2.83504,1.0,1.0,202.87,0.0,0.0,1.0,0.0,82.0,Extreme Greed
0xa520ded057a32086c40e7dd6ed4eb8efb82c00e0,2024-11-29,0.0,21.0,0.0,5762.356666666668,21.0,0.0,0.0,21000000000.0,78.0,Extreme Greed
0xa520ded057a32086c40e7dd6ed4eb8efb82c00e0,2024-12-01,34709.852428,61.0,49.0,856.4519672131146,12.0,49.0,0.8032786885245902,0.24489795917867557,81.0,Extreme Greed
0xa520ded057a32086c40e7dd6ed4eb8efb82c00e0,2024-12-03,0.0,34.0,0.0,2941.1758823529412,34.0,0.0,0.0,33999999999.999996,76.0,Extreme Greed
0xa520ded057a32086c40e7dd6ed4eb8efb82c00e0,2024-12-10,0.0,8.0,0.0,13718.098750000001,8.0,0.0,0.0,7999999999.999999,78.0,Extreme Greed
0xa520ded057a32086c40e7dd6ed4eb8efb82c00e0,2024-12-11,994.238977,15.0,15.0,165.0013333333333,0.0,15.0,1.0,0.0,74.0,Greed
0xa520ded057a32086c40e7dd6ed4eb8efb82c00e0,2024-12-12,2512.437585,4.0,4.0,1374.4125000000001,0.0,4.0,1.0,0.0,83.0,Extreme Greed
0xa520ded057a32086c40e7dd6ed4eb8efb82c00e0,2024-12-16,2069.35811,13.0,13.0,192.2938461538462,0.0,13.0,1.0,0.0,83.0,Extreme Greed
0xa520ded057a32086c40e7dd6ed4eb8efb82c00e0,2024-12-17,256.200336,1.0,1.0,299.74,0.0,1.0,1.0,0.0,87.0,Extreme Greed
0xa520ded057a32086c40e7dd6ed4eb8efb82c00e0,2024-12-20,23353.625678000004,12.0,11.0,4763.3358333333335,1.0,11.0,0.9166666666666666,0.09090909090082644,74.0,Greed
0xa520ded057a32086c40e7dd6ed4eb8efb82c00e0,2025-01-04,556.803152,5.0,5.0,213.094,0.0,5.0,1.0,0.0,73.0,Greed
0xa520ded057a32086c40e7dd6ed4eb8efb82c00e0,2025-01-14,7013.428624,12.0,12.0,829.2849999999999,0.0,12.0,1.0,0.0,63.0,Greed
0xa520ded057a32086c40e7dd6ed4eb8efb82c00e0,2025-01-21,2806.4347230000003,8.0,8.0,597.6225,0.0,8.0,1.0,0.0,76.0,Extreme Greed
0xa520ded057a32086c40e7dd6ed4eb8efb82c00e0,2025-01-27,12084.434144,56.0,56.0,989.8810714285715,0.0,56.0,1.0,0.0,71.0,Greed
0xa520ded057a32086c40e7dd6ed4eb8efb82c00e0,2025-01-28,0.0,3.0,0.0,0.07666666666666667,0.0,0.0,0.0,0.0,72.0,Greed
0xa520ded057a32086c40e7dd6ed4eb8efb82c00e0,2025-02-03,20.596691,1.0,1.0,999.91,0.0,1.0,1.0,0.0,44.0,Fear
0xa520ded057a32086c40e7dd6ed4eb8efb82c00e0,2025-02-10,30.785143,2.0,2.0,249.82,0.0,2.0,1.0,0.0,43.0,Fear
0xa520ded057a32086c40e7dd6ed4eb8efb82c00e0,2025-03-08,-1121.6509429999999,2.0,0.0,1250.705,0.0,2.0,0.0,0.0,28.0,Fear
0xa520ded057a32086c40e7dd6ed4eb8efb82c00e0,2025-04-08,-920.33629,1.0,0.0,1000.85,0.0,1.0,0.0,0.0,24.0,Extreme Fear
0xa520ded057a32086c40e7dd6ed4eb8efb82c00e0,2025-04-10,-965.1214130000001,3.0,0.0,534.0066666666667,0.0,3.0,0.0,0.0,39.0,Fear
0xa520ded057a32086c40e7dd6ed4eb8efb82c00e0,2025-04-13,-53.631353999999995,2.0,0.0,64.53,0.0,2.0,0.0,0.0,45.0,Neutral
0xae5eacaf9c6b9111fd53034a602c192a04e082ed,2024-12-02,0.0,44.0,0.0,1779.0295454545458,44.0,0.0,0.0,44000000000.0,80.0,Extreme Greed
0xae5eacaf9c6b9111fd53034a602c192a04e082ed,2024-12-03,20925.513222,145.0,105.0,3898.738206896552,0.0,58.0,0.7241379310344828,0.0,76.0,Extreme Greed
0xae5eacaf9c6b9111fd53034a602c192a04e082ed,2024-12-04,0.0,1.0,0.0,0.1,0.0,0.0,0.0,0.0,78.0,Extreme Greed
0xae5eacaf9c6b9111fd53034a602c192a04e082ed,2025-03-04,0.0,21.0,0.0,7268.525238095238,0.0,0.0,0.0,0.0,15.0,Extreme Fear
0xae5eacaf9c6b9111fd53034a602c192a04e082ed,2025-03-05,0.0,9.0,0.0,3500.644444444444,0.0,0.0,0.0,0.0,20.0,Extreme Fear
0xae5eacaf9c6b9111fd53034a602c192a04e082ed,2025-03-11,0.0,4.0,0.0,6911.925,0.0,0.0,0.0,0.0,24.0,Extreme Fear
0xae5eacaf9c6b9111fd53034a602c192a04e082ed,2025-03-18,0.0,38.0,0.0,2461.4434210526315,0.0,0.0,0.0,0.0,34.0,Fear
0xae5eacaf9c6b9111fd53034a602c192a04e082ed,2025-04-08,0.0,33.0,0.0,2865.902121212122,0.0,0.0,0.0,0.0,24.0,Extreme Fear
0xae5eacaf9c6b9111fd53034a602c192a04e082ed,2025-04-09,622.41079,13.0,6.0,792.1807692307692,0.0,0.0,0.46153846153846156,0.0,18.0,Extreme Fear
0xae5eacaf9c6b9111fd53034a602c192a04e082ed,2025-04-10,5615.9096949999985,19.0,19.0,2486.8373684210524,0.0,0.0,1.0,0.0,39.0,Fear
0xae5eacaf9c6b9111fd53034a602c192a04e082ed,2025-04-12,2513.4309639999997,45.0,24.0,2262.842,0.0,0.0,0.5333333333333333,0.0,43.0,Fear
0xae5eacaf9c6b9111fd53034a602c192a04e082ed,2025-04-21,0.0,21.0,0.0,2434.7928571428574,0.0,0.0,0.0,0.0,39.0,Fear
0xae5eacaf9c6b9111fd53034a602c192a04e082ed,2025-04-23,28100.70049,28.0,28.0,2829.6749999999997,0.0,0.0,1.0,0.0,72.0,Greed
0xae5eacaf9c6b9111fd53034a602c192a04e082ed,2025-04-24,2587.44383,87.0,17.0,2334.9580459770114,0.0,0.0,0.19540229885057472,0.0,63.0,Greed
0xae5eacaf9c6b9111fd53034a602c192a04e082ed,2025-04-25,7480.21054,55.0,31.0,2564.5469090909082,0.0,0.0,0.5636363636363636,0.0,60.0,Greed
0xaf40fdc468c30116bd3307bcbf4a451a7ebf1deb,2024-12-09,0.0,4.0,0.0,1968.8700000000001,0.0,0.0,0.0,0.0,78.0,Extreme Greed
0xaf40fdc468c30116bd3307bcbf4a451a7ebf1deb,2024-12-11,39.7705,1.0,1.0,7158.62,0.0,0.0,1.0,0.0,74.0,Greed
0xaf40fdc468c30116bd3307bcbf4a451a7ebf1deb,2024-12-12,15.24474,1.0,1.0,771.87,0.0,0.0,1.0,0.0,83.0,Extreme Greed
0xaf40fdc468c30116bd3307bcbf4a451a7ebf1deb,2024-12-23,0.0,3.0,0.0,320.1333333333334,0.0,0.0,0.0,0.0,70.0,Greed
0xaf40fdc468c30116bd3307bcbf4a451a7ebf1deb,2024-12-24,3.43,1.0,1.0,963.83,0.0,0.0,1.0,0.0,73.0,Greed
0xaf40fdc468c30116bd3307bcbf4a451a7ebf1deb,2025-03-16,-1017.4242130000002,125.0,18.0,5323.342479999999,2.0,25.0,0.144,0.0799999999968,30.0,Fear
0xaf40fdc468c30116bd3307bcbf4a451a7ebf1deb,2025-03-17,-1646.3528999999999,35.0,0.0,9477.486,0.0,33.0,0.0,0.0,32.0,Fear
0xaf40fdc468c30116bd3307bcbf4a451a7ebf1deb,2025-03-18,0.0,21.0,0.0,3925.5247619047623,0.0,0.0,0.0,0.0,34.0,Fear
0xaf40fdc468c30116bd3307bcbf4a451a7ebf1deb,2025-03-19,5304.480047,162.0,112.0,4703.033148148149,50.0,1.0,0.691358024691358,49.999999949999996,32.0,Fear
0xaf40fdc468c30116bd3307bcbf4a451a7ebf1deb,2025-03-20,0.0,1.0,0.0,84870.0,0.0,0.0,0.0,0.0,49.0,Neutral
0xaf40fdc468c30116bd3307bcbf4a451a7ebf1deb,2025-03-24,5070.619784999999,23.0,17.0,15004.912173913046,0.0,1.0,0.7391304347826086,0.0,45.0,Neutral
0xaf40fdc468c30116bd3307bcbf4a451a7ebf1deb,2025-03-25,0.0,1.0,0.0,87100.0,0.0,0.0,0.0,0.0,46.0,Neutral
0xaf40fdc468c30116bd3307bcbf4a451a7ebf1deb,2025-03-26,2087.063794,27.0,3.0,16199.963333333333,0.0,0.0,0.1111111111111111,0.0,47.0,Neutral
0xaf40fdc468c30116bd3307bcbf4a451a7ebf1deb,2025-03-27,893.9999999999999,21.0,6.0,16543.90380952381,0.0,0.0,0.2857142857142857,0.0,40.0,Fear
0xaf40fdc468c30116bd3307bcbf4a451a7ebf1deb,2025-03-28,1342.0,54.0,4.0,6430.7037037037035,0.0,0.0,0.07407407407407407,0.0,44.0,Fear
0xaf40fdc468c30116bd3307bcbf4a451a7ebf1deb,2025-04-03,2020.0,8.0,1.0,42527.5,0.0,0.0,0.125,0.0,25.0,Fear
0xaf40fdc468c30116bd3307bcbf4a451a7ebf1deb,2025-04-05,2400.0,8.0,1.0,41637.49875,0.0,0.0,0.125,0.0,30.0,Fear
0xaf40fdc468c30116bd3307bcbf4a451a7ebf1deb,2025-04-07,0.0,17.0,0.0,2238.4694117647055,0.0,0.0,0.0,0.0,23.0,Extreme Fear
0xaf40fdc468c30116bd3307bcbf4a451a7ebf1deb,2025-04-11,5246.0,7.0,7.0,29785.714285714286,0.0,0.0,1.0,0.0,25.0,Fear
0xaf40fdc468c30116bd3307bcbf4a451a7ebf1deb,2025-04-12,0.0,14.0,0.0,1435.7078571428572,14.0,0.0,0.0,14000000000.0,43.0,Fear
0xb1231a4a2dd02f2276fa3c5e2a2f3436e6bfed23,2023-12-05,0.0,9.0,0.0,5556.203333333334,0.0,0.0,0.0,0.0,75.0,Extreme Greed
0xb1231a4a2dd02f2276fa3c5e2a2f3436e6bfed23,2023-12-14,-205.43473700000007,11.0,4.0,10291.213636363636,0.0,0.0,0.36363636363636365,0.0,72.0,Greed
0xb1231a4a2dd02f2276fa3c5e2a2f3436e6bfed23,2023-12-15,-24.632033999999997,2.0,0.0,5304.975,0.0,0.0,0.0,0.0,70.0,Greed
0xb1231a4a2dd02f2276fa3c5e2a2f3436e6bfed23,2023-12-16,0.0,3.0,0.0,5116.256666666667,0.0,0.0,0.0,0.0,67.0,Greed
0xb1231a4a2dd02f2276fa3c5e2a2f3436e6bfed23,2023-12-17,304.982785,14.0,7.0,8305.572857142857,0.0,0.0,0.5,0.0,73.0,Greed
0xb1231a4a2dd02f2276fa3c5e2a2f3436e6bfed23,2023-12-18,0.0,2.0,0.0,15582.089999999998,0.0,0.0,0.0,0.0,65.0,Greed
0xb1231a4a2dd02f2276fa3c5e2a2f3436e6bfed23,2023-12-19,1000.5386120000001,15.0,10.0,6106.827333333333,0.0,0.0,0.6666666666666666,0.0,73.0,Greed
0xb1231a4a2dd02f2276fa3c5e2a2f3436e6bfed23,2023-12-20,162.732282,18.0,8.0,7868.710555555557,0.0,0.0,0.4444444444444444,0.0,74.0,Greed
0xb1231a4a2dd02f2276fa3c5e2a2f3436e6bfed23,2023-12-21,537.211402,49.0,26.0,2555.795306122449,0.0,0.0,0.5306122448979592,0.0,70.0,Greed
0xb1231a4a2dd02f2276fa3c5e2a2f3436e6bfed23,2023-12-22,141.832675,10.0,2.0,8887.427999999998,0.0,0.0,0.2,0.0,74.0,Greed
0xb1231a4a2dd02f2276fa3c5e2a2f3436e6bfed23,2023-12-23,146.93670400000002,13.0,8.0,6033.711538461538,0.0,0.0,0.6153846153846154,0.0,70.0,Greed
0xb1231a4a2dd02f2276fa3c5e2a2f3436e6bfed23,2023-12-24,1008.619956,39.0,15.0,10332.177948717948,0.0,0.0,0.38461538461538464,0.0,71.0,Greed
0xb1231a4a2dd02f2276fa3c5e2a2f3436e6bfed23,2023-12-25,-245.081348,3.0,0.0,19982.836666666666,0.0,0.0,0.0,0.0,73.0,Greed
0xb1231a4a2dd02f2276fa3c5e2a2f3436e6bfed23,2023-12-27,-704.889227,28.0,4.0,6121.82357142857,0.0,0.0,0.14285714285714285,0.0,73.0,Greed
0xb1231a4a2dd02f2276fa3c5e2a2f3436e6bfed23,2023-12-28,-970.7308760000001,23.0,0.0,4352.923913043478,0.0,0.0,0.0,0.0,73.0,Greed
0xb1231a4a2dd02f2276fa3c5e2a2f3436e6bfed23,2023-12-29,508.922143,50.0,15.0,11391.1944,0.0,0.0,0.3,0.0,65.0,Greed
0xb1231a4a2dd02f2276fa3c5e2a2f3436e6bfed23,2023-12-30,354.998648,52.0,23.0,13510.58096153846,0.0,0.0,0.4423076923076923,0.0,68.0,Greed
0xb1231a4a2dd02f2276fa3c5e2a2f3436e6bfed23,2024-01-01,-129.53146,18.0,1.0,14679.973888888888,0.0,0.0,0.05555555555555555,0.0,65.0,Greed
0xb1231a4a2dd02f2276fa3c5e2a2f3436e6bfed23,2024-01-02,783.9791160000001,17.0,8.0,7138.1611764705885,0.0,0.0,0.47058823529411764,0.0,71.0,Greed
0xb1231a4a2dd02f2276fa3c5e2a2f3436e6bfed23,2024-01-03,866.015507,67.0,28.0,5888.050149253732,0.0,0.0,0.417910447761194,0.0,70.0,Greed
0xb1231a4a2dd02f2276fa3c5e2a2f3436e6bfed23,2024-01-04,-67.60364,5.0,0.0,19958.508,0.0,0.0,0.0,0.0,68.0,Greed
0xb1231a4a2dd02f2276fa3c5e2a2f3436e6bfed23,2024-01-05,164.14156500000004,66.0,13.0,25817.31303030303,0.0,0.0,0.19696969696969696,0.0,72.0,Greed
0xb1231a4a2dd02f2276fa3c5e2a2f3436e6bfed23,2024-01-06,135.58166400000002,22.0,10.0,13569.154545454547,0.0,0.0,0.45454545454545453,0.0,70.0,Greed
0xb1231a4a2dd02f2276fa3c5e2a2f3436e6bfed23,2024-01-07,-835.681235,97.0,9.0,10812.887216494846,0.0,0.0,0.09278350515463918,0.0,71.0,Greed
0xb1231a4a2dd02f2276fa3c5e2a2f3436e6bfed23,2024-01-08,-269.87443900000017,128.0,32.0,11894.159609375,0.0,0.0,0.25,0.0,71.0,Greed
0xb1231a4a2dd02f2276fa3c5e2a2f3436e6bfed23,2024-01-09,-826.3498630000001,70.0,18.0,12429.313857142855,0.0,0.0,0.2571428571428571,0.0,76.0,Extreme Greed
0xb1231a4a2dd02f2276fa3c5e2a2f3436e6bfed23,2024-01-10,-1517.0913420000002,193.0,41.0,10660.515440414507,0.0,0.0,0.21243523316062177,0.0,73.0,Greed
0xb1231a4a2dd02f2276fa3c5e2a2f3436e6bfed23,2024-01-11,-164.08950100000004,19.0,5.0,13641.064736842105,0.0,0.0,0.2631578947368421,0.0,76.0,Extreme Greed
0xb1231a4a2dd02f2276fa3c5e2a2f3436e6bfed23,2024-01-12,-1925.519024,7.0,0.0,28583.181428571428,0.0,0.0,0.0,0.0,71.0,Greed
0xb1231a4a2dd02f2276fa3c5e2a2f3436e6bfed23,2024-01-15,0.0,5.0,0.0,10001.248,0.0,0.0,0.0,0.0,52.0,Neutral
0xb1231a4a2dd02f2276fa3c5e2a2f3436e6bfed23,2024-01-16,939.6285419999999,3.0,3.0,17648.416666666668,0.0,0.0,1.0,0.0,64.0,Greed
0xb1231a4a2dd02f2276fa3c5e2a2f3436e6bfed23,2024-01-17,813.2741110000002,53.0,11.0,15110.019433962265,0.0,0.0,0.20754716981132076,0.0,60.0,Greed
0xb1231a4a2dd02f2276fa3c5e2a2f3436e6bfed23,2024-01-18,68.93319,46.0,3.0,9231.120217391303,0.0,0.0,0.06521739130434782,0.0,63.0,Greed
0xb1231a4a2dd02f2276fa3c5e2a2f3436e6bfed23,2024-01-19,-385.21523499999995,39.0,5.0,10946.209230769233,0.0,0.0,0.1282051282051282,0.0,51.0,Neutral
0xb1231a4a2dd02f2276fa3c5e2a2f3436e6bfed23,2024-01-20,-146.57486999999998,106.0,15.0,10095.193490566038,0.0,0.0,0.14150943396226415,0.0,52.0,Neutral
0xb1231a4a2dd02f2276fa3c5e2a2f3436e6bfed23,2024-01-21,266.581146,11.0,3.0,9375.43090909091,0.0,0.0,0.2727272727272727,0.0,56.0,Greed
0xb1231a4a2dd02f2276fa3c5e2a2f3436e6bfed23,2024-01-22,209.392171,37.0,9.0,7671.794864864863,0.0,0.0,0.24324324324324326,0.0,55.0,Greed
0xb1231a4a2dd02f2276fa3c5e2a2f3436e6bfed23,2024-01-23,-369.24472999999944,45.0,11.0,9211.531777777778,0.0,0.0,0.24444444444444444,0.0,50.0,Neutral
0xb1231a4a2dd02f2276fa3c5e2a2f3436e6bfed23,2024-01-24,-2808.3538150000004,68.0,10.0,14192.420441176471,0.0,0.0,0.14705882352941177,0.0,48.0,Neutral
0xb1231a4a2dd02f2276fa3c5e2a2f3436e6bfed23,2024-01-25,-3093.629385,6.0,0.0,11094.354999999998,0.0,0.0,0.0,0.0,52.0,Neutral
0xb1231a4a2dd02f2276fa3c5e2a2f3436e6bfed23,2024-01-26,0.0,3.0,0.0,839.1366666666667,0.0,0.0,0.0,0.0,49.0,Neutral
0xb1231a4a2dd02f2276fa3c5e2a2f3436e6bfed23,2024-01-29,484.847102,72.0,44.0,5724.157222222221,0.0,0.0,0.6111111111111112,0.0,55.0,Greed
0xb1231a4a2dd02f2276fa3c5e2a2f3436e6bfed23,2024-01-30,-173.65419100000003,49.0,5.0,8183.905714285713,0.0,0.0,0.10204081632653061,0.0,61.0,Greed
0xb1231a4a2dd02f2276fa3c5e2a2f3436e6bfed23,2024-01-31,-799.8408169999999,859.0,231.0,7340.683504074505,0.0,0.0,0.2689173457508731,0.0,60.0,Greed
0xb1231a4a2dd02f2276fa3c5e2a2f3436e6bfed23,2024-02-01,0.0,6.0,0.0,334.69666666666666,0.0,0.0,0.0,0.0,63.0,Greed
0xb1231a4a2dd02f2276fa3c5e2a2f3436e6bfed23,2024-02-02,456.42347299999994,42.0,13.0,11292.343571428572,0.0,0.0,0.30952380952380953,0.0,63.0,Greed
0xb1231a4a2dd02f2276fa3c5e2a2f3436e6bfed23,2024-02-03,223.30918699999995,56.0,6.0,10782.5,0.0,0.0,0.10714285714285714,0.0,60.0,Greed
0xb1231a4a2dd02f2276fa3c5e2a2f3436e6bfed23,2024-02-04,47.623894999999976,35.0,9.0,5805.358,0.0,0.0,0.2571428571428571,0.0,60.0,Greed
0xb1231a4a2dd02f2276fa3c5e2a2f3436e6bfed23,2024-02-05,-33.45419400000006,72.0,14.0,10697.198055555556,0.0,0.0,0.19444444444444445,0.0,60.0,Greed
0xb1231a4a2dd02f2276fa3c5e2a2f3436e6bfed23,2024-02-06,-215.615907,1088.0,179.0,7396.280707720588,0.0,0.0,0.1645220588235294,0.0,64.0,Greed
0xb1231a4a2dd02f2276fa3c5e2a2f3436e6bfed23,2024-02-07,241.24212,15.0,2.0,450.582,0.0,0.0,0.13333333333333333,0.0,62.0,Greed
0xb1231a4a2dd02f2276fa3c5e2a2f3436e6bfed23,2024-02-08,770.7560239999999,10.0,4.0,2605.112,0.0,0.0,0.4,0.0,66.0,Greed
0xb1231a4a2dd02f2276fa3c5e2a2f3436e6bfed23,2024-02-11,983.4431759999999,34.0,7.0,6244.465294117646,0.0,0.0,0.20588235294117646,0.0,71.0,Greed
0xb1231a4a2dd02f2276fa3c5e2a2f3436e6bfed23,2024-02-12,913.8817869999997,16.0,6.0,14202.98125,0.0,0.0,0.375,0.0,70.0,Greed
0xb1231a4a2dd02f2276fa3c5e2a2f3436e6bfed23,2024-02-13,559.44389,14.0,14.0,142.85642857142858,0.0,0.0,1.0,0.0,79.0,Extreme Greed
0xb1231a4a2dd02f2276fa3c5e2a2f3436e6bfed23,2024-02-14,191.296664,23.0,4.0,4465.268695652174,0.0,0.0,0.17391304347826086,0.0,74.0,Greed
0xb1231a4a2dd02f2276fa3c5e2a2f3436e6bfed23,2024-02-15,816.0903969999999,11.0,8.0,9886.378181818181,0.0,0.0,0.7272727272727273,0.0,72.0,Greed
0xb1231a4a2dd02f2276fa3c5e2a2f3436e6bfed23,2024-02-16,0.0,12.0,0.0,8396.053333333331,0.0,0.0,0.0,0.0,72.0,Greed
0xb1231a4a2dd02f2276fa3c5e2a2f3436e6bfed23,2024-02-17,259.62944200000004,30.0,7.0,6791.962666666668,0.0,0.0,0.23333333333333334,0.0,76.0,Extreme Greed
0xb1231a4a2dd02f2276fa3c5e2a2f3436e6bfed23,2024-02-19,-8.05898,6.0,1.0,8333.848333333333,0.0,0.0,0.16666666666666666,0.0,75.0,Extreme Greed
0xb1231a4a2dd02f2276fa3c5e2a2f3436e6bfed23,2024-02-20,210.315294,4.0,4.0,427.575,0.0,0.0,1.0,0.0,72.0,Greed
0xb1231a4a2dd02f2276fa3c5e2a2f3436e6bfed23,2024-02-21,0.0,1.0,0.0,10005.6,0.0,0.0,0.0,0.0,78.0,Extreme Greed
0xb1231a4a2dd02f2276fa3c5e2a2f3436e6bfed23,2024-02-22,0.0,2.0,0.0,2500.32,0.0,0.0,0.0,0.0,74.0,Greed
0xb1231a4a2dd02f2276fa3c5e2a2f3436e6bfed23,2024-02-26,0.0,2.0,0.0,249.98499999999999,0.0,0.0,0.0,0.0,72.0,Greed
0xb1231a4a2dd02f2276fa3c5e2a2f3436e6bfed23,2024-02-27,576.38114,8.0,7.0,322.04,0.0,0.0,0.875,0.0,79.0,Extreme Greed
0xb1231a4a2dd02f2276fa3c5e2a2f3436e6bfed23,2024-02-29,1320.804256,7.0,3.0,3546.727142857143,0.0,0.0,0.42857142857142855,0.0,80.0,Extreme Greed
0xb1231a4a2dd02f2276fa3c5e2a2f3436e6bfed23,2024-03-02,-1443.814567,7.0,0.0,420.5385714285714,0.0,0.0,0.0,0.0,80.0,Extreme Greed
0xb1231a4a2dd02f2276fa3c5e2a2f3436e6bfed23,2024-03-04,1026.004099,13.0,13.0,290.5161538461538,0.0,0.0,1.0,0.0,82.0,Extreme Greed
0xb1231a4a2dd02f2276fa3c5e2a2f3436e6bfed23,2024-03-15,388.830831,19.0,8.0,3995.254210526316,0.0,0.0,0.42105263157894735,0.0,83.0,Extreme Greed
0xb1231a4a2dd02f2276fa3c5e2a2f3436e6bfed23,2024-03-16,0.0,2.0,0.0,5000.0,0.0,0.0,0.0,0.0,81.0,Extreme Greed
0xb1231a4a2dd02f2276fa3c5e2a2f3436e6bfed23,2024-03-17,0.0,2.0,0.0,3751.305,0.0,0.0,0.0,0.0,79.0,Extreme Greed
0xb1231a4a2dd02f2276fa3c5e2a2f3436e6bfed23,2024-03-18,212.3193,1.0,1.0,5214.47,0.0,0.0,1.0,0.0,77.0,Extreme Greed
0xb1231a4a2dd02f2276fa3c5e2a2f3436e6bfed23,2024-03-19,-174.00152,10.0,0.0,2982.8419999999996,0.0,0.0,0.0,0.0,79.0,Extreme Greed
0xb1231a4a2dd02f2276fa3c5e2a2f3436e6bfed23,2024-03-20,3829.986976,10.0,4.0,7134.3409999999985,0.0,0.0,0.4,0.0,74.0,Greed
0xb1231a4a2dd02f2276fa3c5e2a2f3436e6bfed23,2024-03-21,238.326075,4.0,1.0,2560.8025000000002,0.0,0.0,0.25,0.0,78.0,Extreme Greed
0xb1231a4a2dd02f2276fa3c5e2a2f3436e6bfed23,2024-04-02,0.0,4.0,0.0,3749.9725,0.0,0.0,0.0,0.0,79.0,Extreme Greed
0xb1231a4a2dd02f2276fa3c5e2a2f3436e6bfed23,2024-04-03,0.0,2.0,0.0,4999.83,0.0,0.0,0.0,0.0,71.0,Greed
0xb1231a4a2dd02f2276fa3c5e2a2f3436e6bfed23,2024-04-05,965.552216,8.0,8.0,3245.6349999999993,0.0,0.0,1.0,0.0,79.0,Extreme Greed
0xb1231a4a2dd02f2276fa3c5e2a2f3436e6bfed23,2024-04-12,-2830.444513000001,15.0,0.0,2021.8400000000001,0.0,0.0,0.0,0.0,79.0,Extreme Greed
0xb1231a4a2dd02f2276fa3c5e2a2f3436e6bfed23,2024-04-26,0.0,3.0,0.0,1662.7633333333335,0.0,3.0,0.0,0.0,70.0,Greed
0xb1231a4a2dd02f2276fa3c5e2a2f3436e6bfed23,2024-04-28,0.0,50.0,0.0,339.7238,0.0,50.0,0.0,0.0,65.0,Greed
0xb1231a4a2dd02f2276fa3c5e2a2f3436e6bfed23,2024-04-29,0.0,14.0,0.0,301.70142857142855,0.0,14.0,0.0,0.0,67.0,Greed
0xb1231a4a2dd02f2276fa3c5e2a2f3436e6bfed23,2024-05-03,0.0,6.0,0.0,829.8083333333334,0.0,6.0,0.0,0.0,48.0,Neutral
0xb1231a4a2dd02f2276fa3c5e2a2f3436e6bfed23,2024-05-04,0.0,3.0,0.0,1666.47,0.0,0.0,0.0,0.0,67.0,Greed
0xb1231a4a2dd02f2276fa3c5e2a2f3436e6bfed23,2024-05-07,227.320653,7.0,2.0,1395.532857142857,0.0,5.0,0.2857142857142857,0.0,68.0,Greed
0xb1231a4a2dd02f2276fa3c5e2a2f3436e6bfed23,2024-05-09,0.0,3.0,0.0,1658.5133333333333,0.0,3.0,0.0,0.0,55.0,Greed
0xb1231a4a2dd02f2276fa3c5e2a2f3436e6bfed23,2024-05-12,0.0,13.0,0.0,782.6861538461538,0.0,6.0,0.0,0.0,56.0,Greed
0xb1231a4a2dd02f2276fa3c5e2a2f3436e6bfed23,2024-05-13,0.0,3.0,0.0,1658.2700000000002,0.0,3.0,0.0,0.0,57.0,Greed
0xb1231a4a2dd02f2276fa3c5e2a2f3436e6bfed23,2024-05-16,0.0,3.0,0.0,1280.0233333333333,0.0,3.0,0.0,0.0,70.0,Greed
0xb1231a4a2dd02f2276fa3c5e2a2f3436e6bfed23,2024-05-20,-74.818442,3.0,0.0,1707.1166666666668,0.0,0.0,0.0,0.0,70.0,Greed
0xb1231a4a2dd02f2276fa3c5e2a2f3436e6bfed23,2024-05-21,1272.088356,72.0,7.0,8594.731249999999,0.0,0.0,0.09722222222222222,0.0,76.0,Extreme Greed
0xb1231a4a2dd02f2276fa3c5e2a2f3436e6bfed23,2024-05-23,0.0,19.0,0.0,3896.7610526315784,0.0,0.0,0.0,0.0,76.0,Extreme Greed
0xb1231a4a2dd02f2276fa3c5e2a2f3436e6bfed23,2024-05-24,821.949278,2.0,2.0,25405.949999999997,0.0,0.0,1.0,0.0,74.0,Greed
0xb1231a4a2dd02f2276fa3c5e2a2f3436e6bfed23,2024-05-25,0.0,2.0,0.0,12503.574999999999,0.0,0.0,0.0,0.0,76.0,Extreme Greed
0xb1231a4a2dd02f2276fa3c5e2a2f3436e6bfed23,2024-05-26,773.4582,9.0,2.0,5640.383333333334,0.0,0.0,0.2222222222222222,0.0,75.0,Extreme Greed
0xb1231a4a2dd02f2276fa3c5e2a2f3436e6bfed23,2024-06-07,0.0,14.0,0.0,77.58071428571431,14.0,0.0,0.0,14000000000.0,77.0,Extreme Greed
0xb1231a4a2dd02f2276fa3c5e2a2f3436e6bfed23,2024-06-09,0.0,12.0,0.0,117.52166666666665,12.0,0.0,0.0,12000000000.0,75.0,Extreme Greed
0xb1231a4a2dd02f2276fa3c5e2a2f3436e6bfed23,2024-06-11,4269.550668,75.0,8.0,1046.2399999999998,61.0,0.0,0.10666666666666667,61000000000.0,74.0,Greed
0xb1231a4a2dd02f2276fa3c5e2a2f3436e6bfed23,2024-06-12,0.0,37.0,0.0,41.10729729729729,37.0,0.0,0.0,37000000000.0,72.0,Greed
0xb1231a4a2dd02f2276fa3c5e2a2f3436e6bfed23,2024-06-13,6634.1601550000005,78.0,19.0,1699.5544871794868,58.0,0.0,0.24358974358974358,58000000000.0,70.0,Greed
0xb1231a4a2dd02f2276fa3c5e2a2f3436e6bfed23,2024-06-14,10258.592608999998,15.0,15.0,2791.9800000000005,0.0,0.0,1.0,0.0,74.0,Greed
0xb1231a4a2dd02f2276fa3c5e2a2f3436e6bfed23,2024-06-15,1285.52444,40.0,9.0,3156.3154999999997,0.0,0.0,0.225,0.0,74.0,Greed
0xb1231a4a2dd02f2276fa3c5e2a2f3436e6bfed23,2024-06-16,0.0,11.0,0.0,2294.0981818181817,0.0,0.0,0.0,0.0,71.0,Greed
0xb1231a4a2dd02f2276fa3c5e2a2f3436e6bfed23,2024-06-17,9330.743339,24.0,21.0,4828.689166666666,0.0,0.0,0.875,0.0,71.0,Greed
0xb1231a4a2dd02f2276fa3c5e2a2f3436e6bfed23,2024-06-18,282.57636,18.0,4.0,11128.698333333334,0.0,0.0,0.2222222222222222,0.0,74.0,Greed
0xb1231a4a2dd02f2276fa3c5e2a2f3436e6bfed23,2024-06-19,2833.6833,41.0,14.0,4971.736829268292,0.0,23.0,0.34146341463414637,0.0,64.0,Greed
0xb1231a4a2dd02f2276fa3c5e2a2f3436e6bfed23,2024-06-20,0.0,27.0,0.0,314.28481481481475,0.0,23.0,0.0,0.0,60.0,Greed
0xb1231a4a2dd02f2276fa3c5e2a2f3436e6bfed23,2024-06-21,0.0,69.0,0.0,1478.9595652173912,48.0,0.0,0.0,48000000000.0,63.0,Greed
0xb1231a4a2dd02f2276fa3c5e2a2f3436e6bfed23,2024-06-22,756.876565,21.0,8.0,7218.76476190476,0.0,12.0,0.38095238095238093,0.0,53.0,Neutral
0xb1231a4a2dd02f2276fa3c5e2a2f3436e6bfed23,2024-06-23,0.0,5.0,0.0,358.42400000000004,0.0,5.0,0.0,0.0,55.0,Greed
0xb1231a4a2dd02f2276fa3c5e2a2f3436e6bfed23,2024-06-24,0.0,10.0,0.0,15099.543000000001,0.0,6.0,0.0,0.0,51.0,Neutral
0xb1231a4a2dd02f2276fa3c5e2a2f3436e6bfed23,2024-06-25,4869.353105,49.0,11.0,2104.0628571428574,0.0,21.0,0.22448979591836735,0.0,30.0,Fear
0xb1231a4a2dd02f2276fa3c5e2a2f3436e6bfed23,2024-06-26,0.0,41.0,0.0,24.288292682926826,41.0,0.0,0.0,41000000000.0,46.0,Neutral
0xb1231a4a2dd02f2276fa3c5e2a2f3436e6bfed23,2024-06-27,0.0,18.0,0.0,583.1594444444444,12.0,0.0,0.0,12000000000.0,40.0,Fear
0xb1231a4a2dd02f2276fa3c5e2a2f3436e6bfed23,2024-06-29,4307.58782,58.0,11.0,975.2437931034483,8.0,39.0,0.1896551724137931,0.20512820512294544,30.0,Fear
0xb1231a4a2dd02f2276fa3c5e2a2f3436e6bfed23,2024-06-30,0.0,11.0,0.0,47.401818181818186,2.0,9.0,0.0,0.22222222219753085,47.0,Neutral
0xb1231a4a2dd02f2276fa3c5e2a2f3436e6bfed23,2024-07-01,3863.351096,51.0,17.0,5205.286274509804,4.0,21.0,0.3333333333333333,0.1904761904671202,53.0,Neutral
0xb1231a4a2dd02f2276fa3c5e2a2f3436e6bfed23,2024-07-02,2421.2531160000003,18.0,13.0,1852.6372222222224,5.0,5.0,0.7222222222222222,0.9999999998,51.0,Neutral
0xb1231a4a2dd02f2276fa3c5e2a2f3436e6bfed23,2024-07-03,0.0,8.0,0.0,9465.072499999998,7.0,0.0,0.0,7000000000.0,50.0,Neutral
0xb1231a4a2dd02f2276fa3c5e2a2f3436e6bfed23,2024-07-04,0.0,11.0,0.0,15958.708181818183,3.0,0.0,0.0,3000000000.0,44.0,Fear
0xb1231a4a2dd02f2276fa3c5e2a2f3436e6bfed23,2024-07-05,0.0,12.0,0.0,165.92916666666667,12.0,0.0,0.0,12000000000.0,29.0,Fear
0xb1231a4a2dd02f2276fa3c5e2a2f3436e6bfed23,2024-07-06,108.87217799999999,24.0,7.0,103.75708333333334,17.0,7.0,0.2916666666666667,2.42857142822449,26.0,Fear
0xb1231a4a2dd02f2276fa3c5e2a2f3436e6bfed23,2024-07-07,61.428942,10.0,10.0,49.87499999999999,0.0,10.0,1.0,0.0,29.0,Fear
0xb1231a4a2dd02f2276fa3c5e2a2f3436e6bfed23,2024-07-08,0.0,1.0,0.0,497.64,1.0,0.0,0.0,999999999.9999999,28.0,Fear
0xb1231a4a2dd02f2276fa3c5e2a2f3436e6bfed23,2024-07-09,648.9844120000001,15.0,15.0,182.43,0.0,15.0,1.0,0.0,27.0,Fear
0xb1231a4a2dd02f2276fa3c5e2a2f3436e6bfed23,2024-07-10,382.10788099999996,13.0,5.0,1229.4692307692308,0.0,5.0,0.38461538461538464,0.0,28.0,Fear
0xb1231a4a2dd02f2276fa3c5e2a2f3436e6bfed23,2024-07-12,1412.314654,9.0,9.0,1508.48,0.0,0.0,1.0,0.0,25.0,Fear
0xb1231a4a2dd02f2276fa3c5e2a2f3436e6bfed23,2024-07-13,234.778463,4.0,4.0,124.795,0.0,4.0,1.0,0.0,25.0,Fear
0xb1231a4a2dd02f2276fa3c5e2a2f3436e6bfed23,2024-07-17,0.0,7.0,0.0,1427.2385714285717,0.0,0.0,0.0,0.0,69.0,Greed
0xb1231a4a2dd02f2276fa3c5e2a2f3436e6bfed23,2024-07-24,0.0,35.0,0.0,170.22400000000002,33.0,0.0,0.0,32999999999.999996,69.0,Greed
0xb1231a4a2dd02f2276fa3c5e2a2f3436e6bfed23,2024-07-25,916.7382600000001,12.0,10.0,764.4941666666667,2.0,0.0,0.8333333333333334,1999999999.9999998,68.0,Greed
0xb1231a4a2dd02f2276fa3c5e2a2f3436e6bfed23,2024-07-26,2425.262989,30.0,29.0,8415.887666666666,1.0,0.0,0.9666666666666667,999999999.9999999,68.0,Greed
0xb1231a4a2dd02f2276fa3c5e2a2f3436e6bfed23,2024-07-29,112.94692500000001,24.0,11.0,12510.05625,0.0,0.0,0.4583333333333333,0.0,74.0,Greed
0xb1231a4a2dd02f2276fa3c5e2a2f3436e6bfed23,2024-08-01,0.0,9.0,0.0,3896.047777777778,5.0,0.0,0.0,5000000000.0,52.0,Neutral
0xb1231a4a2dd02f2276fa3c5e2a2f3436e6bfed23,2024-08-02,554.12049,12.0,5.0,5882.177500000001,1.0,0.0,0.4166666666666667,999999999.9999999,57.0,Greed
0xb1231a4a2dd02f2276fa3c5e2a2f3436e6bfed23,2024-08-03,0.0,6.0,0.0,4168.69,1.0,0.0,0.0,999999999.9999999,37.0,Fear
0xb1231a4a2dd02f2276fa3c5e2a2f3436e6bfed23,2024-08-04,0.0,27.0,0.0,5002.563703703702,3.0,0.0,0.0,3000000000.0,34.0,Fear
0xb1231a4a2dd02f2276fa3c5e2a2f3436e6bfed23,2024-08-05,-8394.889856,44.0,26.0,3331.070909090909,5.0,25.0,0.5909090909090909,0.199999999992,26.0,Fear
0xb1231a4a2dd02f2276fa3c5e2a2f3436e6bfed23,2024-08-06,51.56325,80.0,5.0,758.84225,70.0,5.0,0.0625,13.9999999972,17.0,Extreme Fear
0xb1231a4a2dd02f2276fa3c5e2a2f3436e6bfed23,2024-08-07,188.789255,21.0,10.0,94.89190476190477,11.0,10.0,0.47619047619047616,1.09999999989,29.0,Fear
0xb1231a4a2dd02f2276fa3c5e2a2f3436e6bfed23,2024-08-08,0.0,5.0,0.0,3168.014,3.0,0.0,0.0,3000000000.0,20.0,Extreme Fear
0xb1231a4a2dd02f2276fa3c5e2a2f3436e6bfed23,2024-08-09,6783.078347,60.0,17.0,5447.171666666667,24.0,0.0,0.2833333333333333,24000000000.0,48.0,Neutral
0xb1231a4a2dd02f2276fa3c5e2a2f3436e6bfed23,2024-08-10,0.0,87.0,0.0,130.32885057471262,87.0,0.0,0.0,87000000000.0,40.0,Fear
0xb1231a4a2dd02f2276fa3c5e2a2f3436e6bfed23,2024-08-11,0.0,16.0,0.0,211.8975,16.0,0.0,0.0,15999999999.999998,39.0,Fear
0xb1231a4a2dd02f2276fa3c5e2a2f3436e6bfed23,2024-08-12,0.0,31.0,0.0,323.42935483870974,23.0,0.0,0.0,23000000000.0,25.0,Fear
0xb1231a4a2dd02f2276fa3c5e2a2f3436e6bfed23,2024-08-13,212.08102000000002,17.0,8.0,488.06470588235294,8.0,0.0,0.47058823529411764,7999999999.999999,31.0,Fear
0xb1231a4a2dd02f2276fa3c5e2a2f3436e6bfed23,2024-08-14,0.0,15.0,0.0,136.2106666666667,15.0,0.0,0.0,15000000000.0,30.0,Fear
0xb1231a4a2dd02f2276fa3c5e2a2f3436e6bfed23,2024-08-15,0.0,12.0,0.0,126.86416666666668,12.0,0.0,0.0,12000000000.0,29.0,Fear
0xb1231a4a2dd02f2276fa3c5e2a2f3436e6bfed23,2024-08-16,825.230544,33.0,3.0,4663.112424242424,25.0,0.0,0.09090909090909091,25000000000.0,27.0,Fear
0xb1231a4a2dd02f2276fa3c5e2a2f3436e6bfed23,2024-08-19,339.699583,8.0,5.0,12539.37875,0.0,0.0,0.625,0.0,28.0,Fear
0xb1231a4a2dd02f2276fa3c5e2a2f3436e6bfed23,2024-08-24,0.0,5.0,0.0,3999.9199999999996,0.0,0.0,0.0,0.0,56.0,Greed
0xb1231a4a2dd02f2276fa3c5e2a2f3436e6bfed23,2024-08-25,0.0,13.0,0.0,534.9192307692308,8.0,0.0,0.0,7999999999.999999,54.0,Neutral
0xb1231a4a2dd02f2276fa3c5e2a2f3436e6bfed23,2024-08-26,0.0,1.0,0.0,347.75,1.0,0.0,0.0,999999999.9999999,55.0,Greed
0xb1231a4a2dd02f2276fa3c5e2a2f3436e6bfed23,2024-08-27,0.0,43.0,0.0,121.97604651162789,42.0,0.0,0.0,42000000000.0,48.0,Neutral
0xb1231a4a2dd02f2276fa3c5e2a2f3436e6bfed23,2024-08-28,1333.359645,2.0,2.0,11832.755000000001,0.0,0.0,1.0,0.0,30.0,Fear
0xb1231a4a2dd02f2276fa3c5e2a2f3436e6bfed23,2024-08-29,0.0,1.0,0.0,9995.85,0.0,0.0,0.0,0.0,29.0,Fear
0xb1231a4a2dd02f2276fa3c5e2a2f3436e6bfed23,2024-08-30,256.464,1.0,1.0,9739.38,0.0,0.0,1.0,0.0,34.0,Fear
0xb1231a4a2dd02f2276fa3c5e2a2f3436e6bfed23,2024-08-31,0.0,9.0,0.0,11111.126666666669,0.0,0.0,0.0,0.0,29.0,Fear
0xb1231a4a2dd02f2276fa3c5e2a2f3436e6bfed23,2024-09-04,1065.7851319999995,33.0,5.0,2923.5148484848487,25.0,0.0,0.15151515151515152,25000000000.0,27.0,Fear
0xb1231a4a2dd02f2276fa3c5e2a2f3436e6bfed23,2024-09-06,-1104.8567650000002,38.0,0.0,106.74815789473685,0.0,38.0,0.0,0.0,22.0,Extreme Fear
0xb1231a4a2dd02f2276fa3c5e2a2f3436e6bfed23,2024-09-09,0.0,2.0,0.0,2007.2150000000001,2.0,0.0,0.0,1999999999.9999998,26.0,Fear
0xb1231a4a2dd02f2276fa3c5e2a2f3436e6bfed23,2024-09-10,0.0,1.0,0.0,766.74,1.0,0.0,0.0,999999999.9999999,33.0,Fear
0xb1231a4a2dd02f2276fa3c5e2a2f3436e6bfed23,2024-09-14,0.0,10.0,0.0,101.41500000000002,10.0,0.0,0.0,10000000000.0,50.0,Neutral
0xb1231a4a2dd02f2276fa3c5e2a2f3436e6bfed23,2024-09-18,-878.684794,145.0,0.0,94.02413793103449,11.0,134.0,0.0,0.08208955223819336,45.0,Neutral
0xb1231a4a2dd02f2276fa3c5e2a2f3436e6bfed23,2024-09-19,0.0,19.0,0.0,80.0984210526316,19.0,0.0,0.0,19000000000.0,49.0,Neutral
0xb1231a4a2dd02f2276fa3c5e2a2f3436e6bfed23,2024-09-24,0.0,9.0,0.0,111.67333333333333,9.0,0.0,0.0,9000000000.0,54.0,Neutral
0xb1231a4a2dd02f2276fa3c5e2a2f3436e6bfed23,2024-10-04,0.0,1.0,0.0,0.34,0.0,0.0,0.0,0.0,41.0,Fear
0xb1231a4a2dd02f2276fa3c5e2a2f3436e6bfed23,2024-10-08,0.0,1.0,0.0,0.58,0.0,0.0,0.0,0.0,49.0,Neutral
0xb1231a4a2dd02f2276fa3c5e2a2f3436e6bfed23,2024-12-04,274999.139393,44.0,44.0,6249.9852272727285,0.0,44.0,1.0,0.0,78.0,Extreme Greed
0xb1231a4a2dd02f2276fa3c5e2a2f3436e6bfed23,2024-12-05,49999.876085,4.0,4.0,12499.98,0.0,4.0,1.0,0.0,84.0,Extreme Greed
0xb1231a4a2dd02f2276fa3c5e2a2f3436e6bfed23,2024-12-06,74999.848329,25.0,25.0,2999.9956,0.0,25.0,1.0,0.0,72.0,Greed
0xb1231a4a2dd02f2276fa3c5e2a2f3436e6bfed23,2024-12-07,74999.62263,5.0,3.0,15999.469999999998,0.0,3.0,0.6,0.0,75.0,Extreme Greed
0xb1231a4a2dd02f2276fa3c5e2a2f3436e6bfed23,2024-12-08,0.0,145.0,0.0,3572.0706206896552,0.0,0.0,0.0,0.0,79.0,Extreme Greed
0xb1231a4a2dd02f2276fa3c5e2a2f3436e6bfed23,2024-12-11,274998.942584,156.0,156.0,1762.8148717948718,0.0,156.0,1.0,0.0,74.0,Greed
0xb1231a4a2dd02f2276fa3c5e2a2f3436e6bfed23,2024-12-12,449328.107544,314.0,314.0,1430.9824522292995,0.0,314.0,1.0,0.0,83.0,Extreme Greed
0xb1231a4a2dd02f2276fa3c5e2a2f3436e6bfed23,2024-12-14,100273.248286,50.0,50.0,2005.4666,0.0,50.0,1.0,0.0,83.0,Extreme Greed
0xb1231a4a2dd02f2276fa3c5e2a2f3436e6bfed23,2024-12-15,49955.768944999996,26.0,26.0,1921.3757692307695,0.0,26.0,1.0,0.0,80.0,Extreme Greed
0xb1231a4a2dd02f2276fa3c5e2a2f3436e6bfed23,2024-12-17,50346.757308,38.0,30.0,2640.7076315789473,0.0,30.0,0.7894736842105263,0.0,87.0,Extreme Greed
0xb1231a4a2dd02f2276fa3c5e2a2f3436e6bfed23,2024-12-18,2222.47801,18.0,18.0,2654.3038888888887,0.0,0.0,1.0,0.0,81.0,Extreme Greed
0xb1231a4a2dd02f2276fa3c5e2a2f3436e6bfed23,2024-12-20,0.0,43.0,0.0,2321.7200000000003,0.0,0.0,0.0,0.0,74.0,Greed
0xb1231a4a2dd02f2276fa3c5e2a2f3436e6bfed23,2024-12-21,0.0,62.0,0.0,1608.8398387096772,0.0,0.0,0.0,0.0,73.0,Greed
0xb1231a4a2dd02f2276fa3c5e2a2f3436e6bfed23,2024-12-23,20549.813184,63.0,44.0,3635.03126984127,0.0,0.0,0.6984126984126984,0.0,70.0,Greed
0xb1231a4a2dd02f2276fa3c5e2a2f3436e6bfed23,2024-12-24,0.0,7.0,0.0,10714.267142857143,0.0,0.0,0.0,0.0,73.0,Greed
0xb1231a4a2dd02f2276fa3c5e2a2f3436e6bfed23,2024-12-26,10371.049074999999,61.0,61.0,1878.7534426229508,0.0,0.0,1.0,0.0,79.0,Extreme Greed
0xb1231a4a2dd02f2276fa3c5e2a2f3436e6bfed23,2024-12-30,0.0,25.0,0.0,3301.7204,0.0,0.0,0.0,0.0,65.0,Greed
0xb1231a4a2dd02f2276fa3c5e2a2f3436e6bfed23,2025-01-02,0.0,6.0,0.0,1666.6133333333335,6.0,0.0,0.0,6000000000.0,70.0,Greed
0xb1231a4a2dd02f2276fa3c5e2a2f3436e6bfed23,2025-01-03,0.0,18.0,0.0,557.795,18.0,0.0,0.0,18000000000.0,74.0,Greed
0xb1231a4a2dd02f2276fa3c5e2a2f3436e6bfed23,2025-01-04,1659.7995640000001,19.0,13.0,1695.0778947368424,6.0,13.0,0.6842105263157895,0.4615384615029586,73.0,Greed
0xb1231a4a2dd02f2276fa3c5e2a2f3436e6bfed23,2025-01-05,956.5545050000001,33.0,32.0,332.21393939393937,0.0,32.0,0.9696969696969697,0.0,72.0,Greed
0xb1231a4a2dd02f2276fa3c5e2a2f3436e6bfed23,2025-01-06,281.450748,85.0,28.0,237.78799999999998,57.0,28.0,0.32941176470588235,2.0357142856415815,76.0,Extreme Greed
0xb1231a4a2dd02f2276fa3c5e2a2f3436e6bfed23,2025-01-08,0.0,16.0,0.0,944.90625,16.0,0.0,0.0,15999999999.999998,70.0,Greed
0xb1231a4a2dd02f2276fa3c5e2a2f3436e6bfed23,2025-01-15,5383.278555,11.0,11.0,491.1363636363636,0.0,11.0,1.0,0.0,70.0,Greed
0xb1231a4a2dd02f2276fa3c5e2a2f3436e6bfed23,2025-01-16,897.2841840000001,23.0,11.0,1393.2204347826087,11.0,11.0,0.4782608695652174,0.9999999999090909,75.0,Extreme Greed
0xb1231a4a2dd02f2276fa3c5e2a2f3436e6bfed23,2025-01-18,7393.785411,101.0,39.0,1905.181485148515,0.0,0.0,0.38613861386138615,0.0,77.0,Extreme Greed
0xb1231a4a2dd02f2276fa3c5e2a2f3436e6bfed23,2025-01-19,3867.854339,3.0,3.0,6311.630000000001,0.0,3.0,1.0,0.0,77.0,Extreme Greed
0xb1231a4a2dd02f2276fa3c5e2a2f3436e6bfed23,2025-01-20,0.0,23.0,0.0,1310.68,23.0,0.0,0.0,23000000000.0,76.0,Extreme Greed
0xb1231a4a2dd02f2276fa3c5e2a2f3436e6bfed23,2025-01-21,2997.3637710000003,52.0,22.0,1598.0224999999996,0.0,22.0,0.4230769230769231,0.0,76.0,Extreme Greed
0xb1231a4a2dd02f2276fa3c5e2a2f3436e6bfed23,2025-01-22,0.0,111.0,0.0,1799.2789189189189,0.0,0.0,0.0,0.0,84.0,Extreme Greed
0xb1231a4a2dd02f2276fa3c5e2a2f3436e6bfed23,2025-01-23,25224.994585,90.0,90.0,2493.8610000000003,0.0,0.0,1.0,0.0,75.0,Extreme Greed
0xb1231a4a2dd02f2276fa3c5e2a2f3436e6bfed23,2025-01-25,0.0,15.0,0.0,1004.8726666666666,15.0,0.0,0.0,15000000000.0,75.0,Extreme Greed
0xb1231a4a2dd02f2276fa3c5e2a2f3436e6bfed23,2025-01-27,0.0,13.0,0.0,3464.2846153846153,13.0,0.0,0.0,13000000000.0,71.0,Greed
0xb1231a4a2dd02f2276fa3c5e2a2f3436e6bfed23,2025-01-29,0.0,40.0,0.0,305.256,40.0,0.0,0.0,40000000000.0,72.0,Greed
0xb1231a4a2dd02f2276fa3c5e2a2f3436e6bfed23,2025-01-30,2503.8204370000003,336.0,3.0,1614.6436011904761,0.0,3.0,0.008928571428571428,0.0,70.0,Greed
0xb1231a4a2dd02f2276fa3c5e2a2f3436e6bfed23,2025-01-31,0.0,58.0,0.0,1723.3093103448277,0.0,0.0,0.0,0.0,76.0,Extreme Greed
0xb1231a4a2dd02f2276fa3c5e2a2f3436e6bfed23,2025-02-01,15452.344326000002,11.0,3.0,1400.39,8.0,0.0,0.2727272727272727,7999999999.999999,68.0,Greed
0xb1231a4a2dd02f2276fa3c5e2a2f3436e6bfed23,2025-02-02,69051.70619,88.0,71.0,6537.665,17.0,0.0,0.8068181818181818,16999999999.999998,60.0,Greed
0xb1231a4a2dd02f2276fa3c5e2a2f3436e6bfed23,2025-02-03,46742.288748000006,258.0,89.0,1333.0556976744185,38.0,0.0,0.3449612403100775,38000000000.0,44.0,Fear
0xb1231a4a2dd02f2276fa3c5e2a2f3436e6bfed23,2025-02-04,16102.444634,661.0,238.0,2456.432904689864,0.0,0.0,0.3600605143721634,0.0,72.0,Greed
0xb1231a4a2dd02f2276fa3c5e2a2f3436e6bfed23,2025-02-05,14644.100674,218.0,92.0,2359.758899082569,0.0,0.0,0.42201834862385323,0.0,54.0,Neutral
0xb1231a4a2dd02f2276fa3c5e2a2f3436e6bfed23,2025-02-06,51100.947505,419.0,355.0,1617.0732696897373,0.0,0.0,0.847255369928401,0.0,49.0,Neutral
0xb1231a4a2dd02f2276fa3c5e2a2f3436e6bfed23,2025-02-07,1831.9529619999998,143.0,48.0,1073.465664335664,57.0,0.0,0.3356643356643357,57000000000.0,44.0,Fear
0xb1231a4a2dd02f2276fa3c5e2a2f3436e6bfed23,2025-02-09,115791.92916,67.0,12.0,2647.2844776119405,22.0,0.0,0.1791044776119403,22000000000.0,46.0,Neutral
0xb1231a4a2dd02f2276fa3c5e2a2f3436e6bfed23,2025-02-10,0.0,17.0,0.0,1960.124705882353,0.0,0.0,0.0,0.0,43.0,Fear
0xb1231a4a2dd02f2276fa3c5e2a2f3436e6bfed23,2025-02-11,0.0,121.0,0.0,2285.4152892561983,0.0,0.0,0.0,0.0,47.0,Neutral
0xb1231a4a2dd02f2276fa3c5e2a2f3436e6bfed23,2025-02-12,8664.933786000001,243.0,76.0,1698.3335802469132,26.0,0.0,0.31275720164609055,26000000000.0,46.0,Neutral
0xb1231a4a2dd02f2276fa3c5e2a2f3436e6bfed23,2025-02-13,0.0,168.0,0.0,1735.2890476190476,0.0,0.0,0.0,0.0,50.0,Neutral
0xb1231a4a2dd02f2276fa3c5e2a2f3436e6bfed23,2025-02-14,0.0,165.0,0.0,1615.370303030303,0.0,0.0,0.0,0.0,48.0,Neutral
0xb1231a4a2dd02f2276fa3c5e2a2f3436e6bfed23,2025-02-18,73677.453556,264.0,264.0,2654.7484469696974,0.0,0.0,1.0,0.0,47.0,Neutral
0xb1231a4a2dd02f2276fa3c5e2a2f3436e6bfed23,2025-02-19,3350.2187750000003,85.0,26.0,2310.5601176470586,0.0,0.0,0.3058823529411765,0.0,44.0,Fear
0xb1231a4a2dd02f2276fa3c5e2a2f3436e6bfed23,2025-02-20,0.0,279.0,0.0,1452.1574910394265,39.0,0.0,0.0,39000000000.0,49.0,Neutral
0xb1231a4a2dd02f2276fa3c5e2a2f3436e6bfed23,2025-02-21,3056.4491550000002,58.0,31.0,4768.487241379311,0.0,0.0,0.5344827586206896,0.0,55.0,Greed
0xb1231a4a2dd02f2276fa3c5e2a2f3436e6bfed23,2025-02-22,5628.488702,127.0,93.0,1574.814409448819,0.0,0.0,0.7322834645669292,0.0,49.0,Neutral
0xb1231a4a2dd02f2276fa3c5e2a2f3436e6bfed23,2025-02-23,8934.09502,88.0,88.0,2278.378636363637,0.0,0.0,1.0,0.0,50.0,Neutral
0xb1231a4a2dd02f2276fa3c5e2a2f3436e6bfed23,2025-02-24,10841.970749999999,208.0,126.0,1111.8584134615385,82.0,0.0,0.6057692307692307,82000000000.0,49.0,Neutral
0xb1231a4a2dd02f2276fa3c5e2a2f3436e6bfed23,2025-02-25,0.0,71.0,0.0,1418.0078873239434,71.0,0.0,0.0,71000000000.0,25.0,Fear
0xb1231a4a2dd02f2276fa3c5e2a2f3436e6bfed23,2025-02-26,0.0,26.0,0.0,66.875,26.0,0.0,0.0,26000000000.0,21.0,Extreme Fear
0xb1231a4a2dd02f2276fa3c5e2a2f3436e6bfed23,2025-02-27,0.0,10.0,0.0,1508.357,10.0,0.0,0.0,10000000000.0,10.0,Extreme Fear
0xb1231a4a2dd02f2276fa3c5e2a2f3436e6bfed23,2025-03-04,0.0,77.0,0.0,1769.9948051948052,7.0,0.0,0.0,7000000000.0,15.0,Extreme Fear
0xb1231a4a2dd02f2276fa3c5e2a2f3436e6bfed23,2025-03-05,4647.056049,89.0,57.0,2021.5192134831464,0.0,0.0,0.6404494382022472,0.0,20.0,Extreme Fear
0xb1231a4a2dd02f2276fa3c5e2a2f3436e6bfed23,2025-03-06,698.0369519999999,66.0,29.0,1905.741818181818,0.0,0.0,0.4393939393939394,0.0,25.0,Fear
0xb1231a4a2dd02f2276fa3c5e2a2f3436e6bfed23,2025-03-07,0.0,49.0,0.0,2891.8463265306123,0.0,0.0,0.0,0.0,34.0,Fear
0xb1231a4a2dd02f2276fa3c5e2a2f3436e6bfed23,2025-03-08,2923.5533020000003,138.0,117.0,1772.4605797101447,0.0,0.0,0.8478260869565217,0.0,28.0,Fear
0xb1231a4a2dd02f2276fa3c5e2a2f3436e6bfed23,2025-03-09,2752.480766,296.0,90.0,1777.5894594594595,0.0,0.0,0.30405405405405406,0.0,27.0,Fear
0xb1231a4a2dd02f2276fa3c5e2a2f3436e6bfed23,2025-03-10,0.0,61.0,0.0,2392.7903278688523,6.0,0.0,0.0,6000000000.0,20.0,Extreme Fear
0xb1231a4a2dd02f2276fa3c5e2a2f3436e6bfed23,2025-03-11,2349.7162,273.0,130.0,1993.2828205128203,0.0,0.0,0.47619047619047616,0.0,24.0,Extreme Fear
0xb1231a4a2dd02f2276fa3c5e2a2f3436e6bfed23,2025-03-12,1215.1560989999998,334.0,34.0,1351.2349101796406,0.0,0.0,0.10179640718562874,0.0,34.0,Fear
0xb1231a4a2dd02f2276fa3c5e2a2f3436e6bfed23,2025-03-13,0.0,42.0,0.0,1190.9719047619049,0.0,0.0,0.0,0.0,45.0,Neutral
0xb1231a4a2dd02f2276fa3c5e2a2f3436e6bfed23,2025-03-14,22911.093812,323.0,323.0,1309.496439628483,0.0,0.0,1.0,0.0,27.0,Fear
0xb1231a4a2dd02f2276fa3c5e2a2f3436e6bfed23,2025-03-17,646.3464959999999,113.0,30.0,718.1312389380532,63.0,0.0,0.26548672566371684,62999999999.99999,32.0,Fear
0xb1231a4a2dd02f2276fa3c5e2a2f3436e6bfed23,2025-03-20,824.54028,30.0,10.0,1638.5426666666665,0.0,0.0,0.3333333333333333,0.0,49.0,Neutral
0xb1231a4a2dd02f2276fa3c5e2a2f3436e6bfed23,2025-03-24,0.0,57.0,0.0,1314.4001754385965,0.0,0.0,0.0,0.0,45.0,Neutral
0xb1231a4a2dd02f2276fa3c5e2a2f3436e6bfed23,2025-03-26,2597.9473249999996,38.0,38.0,1903.2236842105262,0.0,0.0,1.0,0.0,47.0,Neutral
0xb1231a4a2dd02f2276fa3c5e2a2f3436e6bfed23,2025-04-03,0.0,9.0,0.0,5555.549999999999,0.0,0.0,0.0,0.0,25.0,Fear
0xb1231a4a2dd02f2276fa3c5e2a2f3436e6bfed23,2025-04-04,2242.0866669999996,99.0,65.0,1138.8816161616162,0.0,0.0,0.6565656565656566,0.0,28.0,Fear
0xb1231a4a2dd02f2276fa3c5e2a2f3436e6bfed23,2025-04-07,3601.4273999999996,80.0,38.0,1713.7372500000001,0.0,0.0,0.475,0.0,23.0,Extreme Fear
0xb1231a4a2dd02f2276fa3c5e2a2f3436e6bfed23,2025-04-11,0.0,20.0,0.0,1665.941,0.0,0.0,0.0,0.0,25.0,Fear
0xb1231a4a2dd02f2276fa3c5e2a2f3436e6bfed23,2025-04-12,0.0,17.0,0.0,3918.2294117647057,0.0,0.0,0.0,0.0,43.0,Fear
0xb1231a4a2dd02f2276fa3c5e2a2f3436e6bfed23,2025-04-13,0.0,30.0,0.0,1111.095,0.0,0.0,0.0,0.0,45.0,Neutral
0xb1231a4a2dd02f2276fa3c5e2a2f3436e6bfed23,2025-04-15,0.0,50.0,0.0,1466.164,0.0,0.0,0.0,0.0,38.0,Fear
0xb1231a4a2dd02f2276fa3c5e2a2f3436e6bfed23,2025-04-17,0.0,105.0,0.0,1174.1429523809522,0.0,0.0,0.0,0.0,30.0,Fear
0xb1231a4a2dd02f2276fa3c5e2a2f3436e6bfed23,2025-04-18,0.0,50.0,0.0,1165.7812,0.0,0.0,0.0,0.0,33.0,Fear
0xb1231a4a2dd02f2276fa3c5e2a2f3436e6bfed23,2025-04-19,0.0,98.0,0.0,1444.9214285714284,0.0,0.0,0.0,0.0,32.0,Fear
0xb1231a4a2dd02f2276fa3c5e2a2f3436e6bfed23,2025-04-20,0.0,73.0,0.0,1140.8187671232877,0.0,0.0,0.0,0.0,37.0,Fear
0xb1231a4a2dd02f2276fa3c5e2a2f3436e6bfed23,2025-04-22,0.0,73.0,0.0,1461.175890410959,0.0,0.0,0.0,0.0,47.0,Neutral
0xb1231a4a2dd02f2276fa3c5e2a2f3436e6bfed23,2025-04-23,0.0,6.0,0.0,9722.050000000001,0.0,0.0,0.0,0.0,72.0,Greed
0xb1231a4a2dd02f2276fa3c5e2a2f3436e6bfed23,2025-05-01,102460.17164,73.0,57.0,3462.110684931507,0.0,0.0,0.7808219178082192,0.0,53.0,Neutral
0xb899e522b5715391ae1d4f137653e7906c5e2115,2025-02-28,-72.202951,7.0,0.0,735.4342857142857,0.0,0.0,0.0,0.0,16.0,Extreme Fear
0xb899e522b5715391ae1d4f137653e7906c5e2115,2025-03-02,34795.678173,155.0,75.0,24787.073483870972,0.0,0.0,0.4838709677419355,0.0,26.0,Fear
0xb899e522b5715391ae1d4f137653e7906c5e2115,2025-03-03,535.4072209999999,31.0,14.0,16874.444193548385,0.0,0.0,0.45161290322580644,0.0,33.0,Fear
0xb899e522b5715391ae1d4f137653e7906c5e2115,2025-03-04,4578.655427,124.0,63.0,17691.147903225803,0.0,0.0,0.5080645161290323,0.0,15.0,Extreme Fear
0xb899e522b5715391ae1d4f137653e7906c5e2115,2025-03-05,2036.2244920000003,100.0,38.0,17587.334200000005,0.0,0.0,0.38,0.0,20.0,Extreme Fear
0xb899e522b5715391ae1d4f137653e7906c5e2115,2025-03-06,5348.989502,375.0,228.0,13031.173493333336,0.0,0.0,0.608,0.0,25.0,Fear
0xb899e522b5715391ae1d4f137653e7906c5e2115,2025-03-07,5348.62711,659.0,303.0,19006.84864946889,0.0,0.0,0.4597875569044006,0.0,34.0,Fear
0xb899e522b5715391ae1d4f137653e7906c5e2115,2025-03-09,10760.578324,630.0,384.0,13882.0966984127,0.0,0.0,0.6095238095238096,0.0,27.0,Fear
0xb899e522b5715391ae1d4f137653e7906c5e2115,2025-03-10,9163.142483,358.0,120.0,21399.0256424581,0.0,0.0,0.33519553072625696,0.0,20.0,Extreme Fear
0xb899e522b5715391ae1d4f137653e7906c5e2115,2025-03-11,-57956.282957999996,466.0,89.0,15135.682124463518,0.0,0.0,0.19098712446351931,0.0,24.0,Extreme Fear
0xb899e522b5715391ae1d4f137653e7906c5e2115,2025-03-12,4544.583987999999,251.0,146.0,28258.839880478088,0.0,0.0,0.5816733067729084,0.0,34.0,Fear
0xb899e522b5715391ae1d4f137653e7906c5e2115,2025-03-13,3896.9493979999997,41.0,23.0,27309.887804878053,0.0,0.0,0.5609756097560976,0.0,45.0,Neutral
0xb899e522b5715391ae1d4f137653e7906c5e2115,2025-03-14,1188.7418699999998,82.0,46.0,40522.281463414634,0.0,0.0,0.5609756097560976,0.0,27.0,Fear
0xb899e522b5715391ae1d4f137653e7906c5e2115,2025-03-15,594.5722000000001,65.0,37.0,29067.860615384616,0.0,0.0,0.5692307692307692,0.0,46.0,Neutral
0xb899e522b5715391ae1d4f137653e7906c5e2115,2025-03-16,-16453.702941,246.0,52.0,37204.39219512195,0.0,0.0,0.21138211382113822,0.0,30.0,Fear
0xb899e522b5715391ae1d4f137653e7906c5e2115,2025-03-17,812.5256600000001,51.0,37.0,31991.233333333337,0.0,0.0,0.7254901960784313,0.0,32.0,Fear
0xb899e522b5715391ae1d4f137653e7906c5e2115,2025-03-18,1157.2134350000001,32.0,11.0,49549.2075,0.0,0.0,0.34375,0.0,34.0,Fear
0xb899e522b5715391ae1d4f137653e7906c5e2115,2025-03-20,38.9845,2.0,1.0,2217.9049999999997,0.0,0.0,0.5,0.0,49.0,Neutral
0xb899e522b5715391ae1d4f137653e7906c5e2115,2025-03-21,829.6301299999999,28.0,14.0,55552.75750000001,0.0,0.0,0.5,0.0,31.0,Fear
0xb899e522b5715391ae1d4f137653e7906c5e2115,2025-03-23,907.21938,20.0,6.0,81858.2115,0.0,0.0,0.3,0.0,30.0,Fear
0xb899e522b5715391ae1d4f137653e7906c5e2115,2025-03-25,-836.0510839999997,95.0,22.0,35299.146315789476,0.0,0.0,0.23157894736842105,0.0,46.0,Neutral
0xb899e522b5715391ae1d4f137653e7906c5e2115,2025-03-26,-774.0398279999999,91.0,0.0,10956.067912087912,0.0,0.0,0.0,0.0,47.0,Neutral
0xb899e522b5715391ae1d4f137653e7906c5e2115,2025-03-30,685.277142,48.0,24.0,27852.18208333333,0.0,0.0,0.5,0.0,32.0,Fear
0xb899e522b5715391ae1d4f137653e7906c5e2115,2025-04-03,361.071464,24.0,7.0,28371.712916666667,0.0,0.0,0.2916666666666667,0.0,25.0,Fear
0xb899e522b5715391ae1d4f137653e7906c5e2115,2025-04-04,0.0,6.0,0.0,16948.606666666667,0.0,0.0,0.0,0.0,28.0,Fear
0xb899e522b5715391ae1d4f137653e7906c5e2115,2025-04-05,611.49348,5.0,5.0,20460.626,0.0,0.0,1.0,0.0,30.0,Fear
0xb899e522b5715391ae1d4f137653e7906c5e2115,2025-04-06,254.093244,25.0,17.0,19103.772399999998,0.0,0.0,0.68,0.0,34.0,Fear
0xb899e522b5715391ae1d4f137653e7906c5e2115,2025-04-07,1291.1500100000003,113.0,30.0,23639.45185840708,0.0,0.0,0.26548672566371684,0.0,23.0,Extreme Fear
0xb899e522b5715391ae1d4f137653e7906c5e2115,2025-04-08,936.6942779999999,187.0,77.0,27027.108770053474,0.0,0.0,0.4117647058823529,0.0,24.0,Extreme Fear
0xb899e522b5715391ae1d4f137653e7906c5e2115,2025-04-09,6800.812400999999,222.0,113.0,27989.12873873874,0.0,0.0,0.509009009009009,0.0,18.0,Extreme Fear
0xb899e522b5715391ae1d4f137653e7906c5e2115,2025-04-10,-117.61638999999992,116.0,64.0,27220.127586206894,0.0,0.0,0.5517241379310345,0.0,39.0,Fear
0xb899e522b5715391ae1d4f137653e7906c5e2115,2025-04-11,-482.40798100000006,128.0,49.0,40357.23601562499,0.0,0.0,0.3828125,0.0,25.0,Fear
0xb899e522b5715391ae1d4f137653e7906c5e2115,2025-04-12,50.56792,7.0,4.0,23303.475714285716,0.0,0.0,0.5714285714285714,0.0,43.0,Fear
0xb899e522b5715391ae1d4f137653e7906c5e2115,2025-04-13,1097.533742,20.0,3.0,10551.1865,0.0,0.0,0.15,0.0,45.0,Neutral
0xb899e522b5715391ae1d4f137653e7906c5e2115,2025-04-15,554.38798,28.0,20.0,35885.47464285714,0.0,0.0,0.7142857142857143,0.0,38.0,Fear
0xbaaaf6571ab7d571043ff1e313a9609a10637864,2024-12-28,-0.06076,4.0,0.0,86.5075,0.0,0.0,0.0,0.0,72.0,Greed
0xbaaaf6571ab7d571043ff1e313a9609a10637864,2025-02-19,31.42038,121.0,2.0,4940.588512396694,0.0,2.0,0.01652892561983471,0.0,44.0,Fear
0xbaaaf6571ab7d571043ff1e313a9609a10637864,2025-02-20,35262.804627000005,185.0,185.0,3421.6945405405404,0.0,0.0,1.0,0.0,49.0,Neutral
0xbaaaf6571ab7d571043ff1e313a9609a10637864,2025-02-24,22037.667762,4083.0,1824.0,1645.9218834190547,0.0,0.0,0.446730345334313,0.0,49.0,Neutral
0xbaaaf6571ab7d571043ff1e313a9609a10637864,2025-02-25,5672.328492,3292.0,555.0,3167.5804404617256,0.0,0.0,0.16859052247873632,0.0,25.0,Fear
0xbaaaf6571ab7d571043ff1e313a9609a10637864,2025-02-26,23589.520054,470.0,470.0,7136.707680851065,0.0,0.0,1.0,0.0,21.0,Extreme Fear
0xbaaaf6571ab7d571043ff1e313a9609a10637864,2025-03-04,0.0,563.0,0.0,6625.281438721137,0.0,0.0,0.0,0.0,15.0,Extreme Fear
0xbaaaf6571ab7d571043ff1e313a9609a10637864,2025-03-05,229058.684298,983.0,898.0,4677.476866734486,0.0,0.0,0.91353001017294,0.0,20.0,Extreme Fear
0xbaaaf6571ab7d571043ff1e313a9609a10637864,2025-03-06,0.0,71.0,0.0,9899.83704225352,0.0,0.0,0.0,0.0,25.0,Fear
0xbaaaf6571ab7d571043ff1e313a9609a10637864,2025-03-07,87405.926823,829.0,564.0,4768.31558504222,0.0,0.0,0.6803377563329313,0.0,34.0,Fear
0xbaaaf6571ab7d571043ff1e313a9609a10637864,2025-03-09,10.184488000000002,47.0,8.0,1697.1225531914893,0.0,0.0,0.1702127659574468,0.0,27.0,Fear
0xbaaaf6571ab7d571043ff1e313a9609a10637864,2025-03-10,5832.316116,667.0,208.0,5033.190044977511,0.0,0.0,0.3118440779610195,0.0,20.0,Extreme Fear
0xbaaaf6571ab7d571043ff1e313a9609a10637864,2025-03-11,1058.58,1651.0,77.0,2186.856129618413,0.0,0.0,0.04663840096910963,0.0,24.0,Extreme Fear
0xbaaaf6571ab7d571043ff1e313a9609a10637864,2025-03-12,289639.08911199996,2617.0,1708.0,3118.52915552159,0.0,0.0,0.6526557126480703,0.0,34.0,Fear
0xbaaaf6571ab7d571043ff1e313a9609a10637864,2025-03-13,66.447417,1.0,1.0,22791.99,0.0,0.0,1.0,0.0,45.0,Neutral
0xbaaaf6571ab7d571043ff1e313a9609a10637864,2025-03-14,16591.266757,1662.0,1478.0,2140.244061371841,0.0,0.0,0.8892900120336944,0.0,27.0,Fear
0xbaaaf6571ab7d571043ff1e313a9609a10637864,2025-03-27,18422.612928,147.0,29.0,5352.478163265307,0.0,0.0,0.19727891156462585,0.0,40.0,Fear
0xbaaaf6571ab7d571043ff1e313a9609a10637864,2025-03-28,0.0,167.0,0.0,1783.29622754491,0.0,0.0,0.0,0.0,44.0,Fear
0xbaaaf6571ab7d571043ff1e313a9609a10637864,2025-03-29,720.749699,600.0,246.0,2584.3467833333334,0.0,0.0,0.41,0.0,26.0,Fear
0xbaaaf6571ab7d571043ff1e313a9609a10637864,2025-03-30,0.0,354.0,0.0,3000.0830508474573,0.0,0.0,0.0,0.0,32.0,Fear
0xbaaaf6571ab7d571043ff1e313a9609a10637864,2025-03-31,0.0,33.0,0.0,8569.022424242425,0.0,0.0,0.0,0.0,34.0,Fear
0xbaaaf6571ab7d571043ff1e313a9609a10637864,2025-04-02,188114.980392,743.0,743.0,3804.6953432032296,0.0,0.0,1.0,0.0,44.0,Fear
0xbaaaf6571ab7d571043ff1e313a9609a10637864,2025-04-03,3869.2088029999995,937.0,476.0,4677.174855923159,0.0,0.0,0.5080042689434365,0.0,25.0,Fear
0xbaaaf6571ab7d571043ff1e313a9609a10637864,2025-04-04,9367.872073999999,318.0,216.0,2198.7353773584905,0.0,0.0,0.6792452830188679,0.0,28.0,Fear
0xbaaaf6571ab7d571043ff1e313a9609a10637864,2025-04-06,1026.7358960000001,499.0,172.0,2739.437655310621,0.0,0.0,0.34468937875751504,0.0,34.0,Fear
0xbaaaf6571ab7d571043ff1e313a9609a10637864,2025-04-07,2378.877324,146.0,47.0,8733.045479452056,1.0,0.0,0.3219178082191781,999999999.9999999,23.0,Extreme Fear
0xbaaaf6571ab7d571043ff1e313a9609a10637864,2025-04-30,4.733218,1.0,1.0,10.14,0.0,0.0,1.0,0.0,56.0,Greed
0xbaaaf6571ab7d571043ff1e313a9609a10637864,2025-05-01,1.86032,1.0,1.0,3.9,0.0,0.0,1.0,0.0,53.0,Neutral
0xbd5fead7180a9c139fa51a103cb6a2ce86ddb5c3,2024-12-10,0.0,52.0,0.0,2798.660769230769,0.0,0.0,0.0,0.0,78.0,Extreme Greed
0xbd5fead7180a9c139fa51a103cb6a2ce86ddb5c3,2024-12-11,0.0,17.0,0.0,637.4164705882353,0.0,0.0,0.0,0.0,74.0,Greed
0xbd5fead7180a9c139fa51a103cb6a2ce86ddb5c3,2024-12-12,0.0,1.0,0.0,5158.5,0.0,0.0,0.0,0.0,83.0,Extreme Greed
0xbd5fead7180a9c139fa51a103cb6a2ce86ddb5c3,2024-12-15,0.0,58.0,0.0,1122.5670689655171,0.0,0.0,0.0,0.0,80.0,Extreme Greed
0xbd5fead7180a9c139fa51a103cb6a2ce86ddb5c3,2024-12-16,0.0,4.0,0.0,663.0799999999999,0.0,0.0,0.0,0.0,83.0,Extreme Greed
0xbd5fead7180a9c139fa51a103cb6a2ce86ddb5c3,2024-12-17,0.0,2.0,0.0,1744.65,0.0,0.0,0.0,0.0,87.0,Extreme Greed
0xbd5fead7180a9c139fa51a103cb6a2ce86ddb5c3,2024-12-18,0.0,14.0,0.0,2207.8585714285714,0.0,0.0,0.0,0.0,81.0,Extreme Greed
0xbd5fead7180a9c139fa51a103cb6a2ce86ddb5c3,2024-12-19,-128.0,37.0,0.0,6080.864864864865,0.0,0.0,0.0,0.0,75.0,Extreme Greed
0xbd5fead7180a9c139fa51a103cb6a2ce86ddb5c3,2024-12-20,11799.68,66.0,41.0,2843.038636363636,0.0,0.0,0.6212121212121212,0.0,74.0,Greed
0xbd5fead7180a9c139fa51a103cb6a2ce86ddb5c3,2024-12-23,0.0,16.0,0.0,3216.5875,0.0,0.0,0.0,0.0,70.0,Greed
0xbd5fead7180a9c139fa51a103cb6a2ce86ddb5c3,2024-12-24,0.0,10.0,0.0,1070.0,0.0,0.0,0.0,0.0,73.0,Greed
0xbd5fead7180a9c139fa51a103cb6a2ce86ddb5c3,2024-12-29,0.0,39.0,0.0,2453.2941025641026,0.0,0.0,0.0,0.0,73.0,Greed
0xbd5fead7180a9c139fa51a103cb6a2ce86ddb5c3,2025-01-03,0.0,61.0,0.0,1834.7278688524589,0.0,0.0,0.0,0.0,74.0,Greed
0xbd5fead7180a9c139fa51a103cb6a2ce86ddb5c3,2025-01-08,1023.27508,22.0,21.0,1200.6454545454546,0.0,0.0,0.9545454545454546,0.0,70.0,Greed
0xbd5fead7180a9c139fa51a103cb6a2ce86ddb5c3,2025-01-14,0.0,8.0,0.0,1589.0237499999998,0.0,0.0,0.0,0.0,63.0,Greed
0xbd5fead7180a9c139fa51a103cb6a2ce86ddb5c3,2025-01-15,0.0,3.0,0.0,1128.8333333333333,0.0,0.0,0.0,0.0,70.0,Greed
0xbd5fead7180a9c139fa51a103cb6a2ce86ddb5c3,2025-01-16,0.0,3.0,0.0,910.4933333333333,0.0,0.0,0.0,0.0,75.0,Extreme Greed
0xbd5fead7180a9c139fa51a103cb6a2ce86ddb5c3,2025-01-17,0.0,3.0,0.0,1519.4399999999998,0.0,0.0,0.0,0.0,75.0,Extreme Greed
0xbd5fead7180a9c139fa51a103cb6a2ce86ddb5c3,2025-01-18,-10750.654827999999,12.0,0.0,7729.219166666667,0.0,0.0,0.0,0.0,77.0,Extreme Greed
0xbd5fead7180a9c139fa51a103cb6a2ce86ddb5c3,2025-01-19,-7963.585500000001,30.0,0.0,2508.439666666667,0.0,0.0,0.0,0.0,77.0,Extreme Greed
0xbd5fead7180a9c139fa51a103cb6a2ce86ddb5c3,2025-01-20,24895.400898,33.0,26.0,4336.90787878788,0.0,0.0,0.7878787878787878,0.0,76.0,Extreme Greed
0xbd5fead7180a9c139fa51a103cb6a2ce86ddb5c3,2025-01-27,20428.823999999997,23.0,23.0,2342.7495652173907,0.0,0.0,1.0,0.0,71.0,Greed
0xbd5fead7180a9c139fa51a103cb6a2ce86ddb5c3,2025-01-31,0.0,61.0,0.0,1589.025081967213,0.0,0.0,0.0,0.0,76.0,Extreme Greed
0xbd5fead7180a9c139fa51a103cb6a2ce86ddb5c3,2025-02-03,160022.95082600001,69.0,69.0,3243.988695652174,0.0,0.0,1.0,0.0,44.0,Fear
0xbd5fead7180a9c139fa51a103cb6a2ce86ddb5c3,2025-02-04,0.0,18.0,0.0,3777.777777777778,0.0,0.0,0.0,0.0,72.0,Greed
0xbd5fead7180a9c139fa51a103cb6a2ce86ddb5c3,2025-02-06,-24500.0,13.0,0.0,18423.076923076922,0.0,0.0,0.0,0.0,49.0,Neutral
0xbd5fead7180a9c139fa51a103cb6a2ce86ddb5c3,2025-02-09,0.0,3.0,0.0,625.8133333333334,0.0,0.0,0.0,0.0,46.0,Neutral
0xbd5fead7180a9c139fa51a103cb6a2ce86ddb5c3,2025-02-10,0.0,22.0,0.0,591.353181818182,0.0,0.0,0.0,0.0,43.0,Fear
0xbd5fead7180a9c139fa51a103cb6a2ce86ddb5c3,2025-02-15,0.0,4.0,0.0,805.4399999999999,0.0,0.0,0.0,0.0,50.0,Neutral
0xbd5fead7180a9c139fa51a103cb6a2ce86ddb5c3,2025-02-21,0.0,33.0,0.0,4675.215454545454,0.0,0.0,0.0,0.0,55.0,Greed
0xbd5fead7180a9c139fa51a103cb6a2ce86ddb5c3,2025-02-22,15074.26913,138.0,36.0,7487.178405797101,0.0,0.0,0.2608695652173913,0.0,49.0,Neutral
0xbd5fead7180a9c139fa51a103cb6a2ce86ddb5c3,2025-02-23,0.0,73.0,0.0,2502.296301369863,0.0,0.0,0.0,0.0,50.0,Neutral
0xbd5fead7180a9c139fa51a103cb6a2ce86ddb5c3,2025-02-24,0.0,28.0,0.0,1796.1407142857138,1.0,0.0,0.0,999999999.9999999,49.0,Neutral
0xbd5fead7180a9c139fa51a103cb6a2ce86ddb5c3,2025-02-25,3859.44,28.0,17.0,2181.2564285714284,0.0,0.0,0.6071428571428571,0.0,25.0,Fear
0xbd5fead7180a9c139fa51a103cb6a2ce86ddb5c3,2025-02-26,-871.1949999999999,42.0,1.0,3619.3485714285716,0.0,0.0,0.023809523809523808,0.0,21.0,Extreme Fear
0xbd5fead7180a9c139fa51a103cb6a2ce86ddb5c3,2025-02-27,-48309.11776,90.0,1.0,8859.279777777778,0.0,0.0,0.011111111111111112,0.0,10.0,Extreme Fear
0xbd5fead7180a9c139fa51a103cb6a2ce86ddb5c3,2025-02-28,67673.757678,59.0,57.0,8249.914915254238,0.0,0.0,0.9661016949152542,0.0,16.0,Extreme Fear
0xbd5fead7180a9c139fa51a103cb6a2ce86ddb5c3,2025-03-02,-2632.65866,84.0,0.0,12216.244880952381,0.0,0.0,0.0,0.0,26.0,Fear
0xbd5fead7180a9c139fa51a103cb6a2ce86ddb5c3,2025-03-03,57561.35366999999,136.0,112.0,8611.731764705883,0.0,0.0,0.8235294117647058,0.0,33.0,Fear
0xbd5fead7180a9c139fa51a103cb6a2ce86ddb5c3,2025-03-04,0.0,2.0,0.0,86000.0,0.0,0.0,0.0,0.0,15.0,Extreme Fear
0xbd5fead7180a9c139fa51a103cb6a2ce86ddb5c3,2025-03-05,3677.4,8.0,8.0,22375.0,0.0,0.0,1.0,0.0,20.0,Extreme Fear
0xbd5fead7180a9c139fa51a103cb6a2ce86ddb5c3,2025-03-06,0.0,16.0,0.0,2433.409375,0.0,0.0,0.0,0.0,25.0,Fear
0xbd5fead7180a9c139fa51a103cb6a2ce86ddb5c3,2025-03-07,43861.966536,147.0,97.0,9958.719795918369,0.0,0.0,0.6598639455782312,0.0,34.0,Fear
0xbd5fead7180a9c139fa51a103cb6a2ce86ddb5c3,2025-03-08,5836.8742999999995,36.0,36.0,1318.4313888888892,0.0,0.0,1.0,0.0,28.0,Fear
0xbd5fead7180a9c139fa51a103cb6a2ce86ddb5c3,2025-03-11,0.0,7.0,0.0,4591.028571428572,0.0,0.0,0.0,0.0,24.0,Extreme Fear
0xbd5fead7180a9c139fa51a103cb6a2ce86ddb5c3,2025-03-12,-15387.621189999998,57.0,0.0,24693.342631578944,0.0,0.0,0.0,0.0,34.0,Fear
0xbd5fead7180a9c139fa51a103cb6a2ce86ddb5c3,2025-03-18,-120.432,27.0,0.0,17589.48851851852,0.0,0.0,0.0,0.0,34.0,Fear
0xbd5fead7180a9c139fa51a103cb6a2ce86ddb5c3,2025-03-19,0.0,26.0,0.0,4414.302692307692,0.0,0.0,0.0,0.0,32.0,Fear
0xbd5fead7180a9c139fa51a103cb6a2ce86ddb5c3,2025-03-26,0.0,3.0,0.0,32793.78333333333,2.0,0.0,0.0,1999999999.9999998,47.0,Neutral
0xbd5fead7180a9c139fa51a103cb6a2ce86ddb5c3,2025-03-27,0.0,21.0,0.0,24814.28380952381,0.0,0.0,0.0,0.0,40.0,Fear
0xbd5fead7180a9c139fa51a103cb6a2ce86ddb5c3,2025-03-31,-8320.5,3.0,0.0,138666.66666666666,0.0,0.0,0.0,0.0,34.0,Fear
0xbd5fead7180a9c139fa51a103cb6a2ce86ddb5c3,2025-04-01,-9311.892185,28.0,0.0,5608.603928571429,0.0,0.0,0.0,0.0,34.0,Fear
0xbd5fead7180a9c139fa51a103cb6a2ce86ddb5c3,2025-04-02,2676.6850000000004,66.0,62.0,2821.973939393939,0.0,0.0,0.9393939393939394,0.0,44.0,Fear
0xbd5fead7180a9c139fa51a103cb6a2ce86ddb5c3,2025-04-03,-5862.0887760000005,12.0,0.0,7051.005833333334,0.0,0.0,0.0,0.0,25.0,Fear
0xbd5fead7180a9c139fa51a103cb6a2ce86ddb5c3,2025-04-04,-43753.361578,132.0,24.0,5448.20196969697,0.0,17.0,0.18181818181818182,0.0,28.0,Fear
0xbd5fead7180a9c139fa51a103cb6a2ce86ddb5c3,2025-04-07,51942.142881,108.0,30.0,15608.295185185187,0.0,0.0,0.2777777777777778,0.0,23.0,Extreme Fear
0xbd5fead7180a9c139fa51a103cb6a2ce86ddb5c3,2025-04-09,-36400.46438999999,71.0,0.0,5228.704647887325,0.0,0.0,0.0,0.0,18.0,Extreme Fear
0xbd5fead7180a9c139fa51a103cb6a2ce86ddb5c3,2025-04-10,19858.73334,130.0,130.0,2053.5386923076926,0.0,0.0,1.0,0.0,39.0,Fear
0xbd5fead7180a9c139fa51a103cb6a2ce86ddb5c3,2025-04-12,0.0,24.0,0.0,53073.62666666667,0.0,0.0,0.0,0.0,43.0,Fear
0xbd5fead7180a9c139fa51a103cb6a2ce86ddb5c3,2025-04-13,32724.197289999996,35.0,31.0,24908.658571428576,0.0,0.0,0.8857142857142857,0.0,45.0,Neutral
0xbd5fead7180a9c139fa51a103cb6a2ce86ddb5c3,2025-04-14,0.0,51.0,0.0,985.0413725490196,0.0,0.0,0.0,0.0,31.0,Fear
0xbd5fead7180a9c139fa51a103cb6a2ce86ddb5c3,2025-04-15,18951.678454,27.0,27.0,23060.654814814818,0.0,0.0,1.0,0.0,38.0,Fear
0xbd5fead7180a9c139fa51a103cb6a2ce86ddb5c3,2025-04-16,9556.6,15.0,15.0,17059.465999999997,0.0,0.0,1.0,0.0,29.0,Fear
0xbd5fead7180a9c139fa51a103cb6a2ce86ddb5c3,2025-04-17,0.0,11.0,0.0,1086.4290909090907,0.0,0.0,0.0,0.0,30.0,Fear
0xbd5fead7180a9c139fa51a103cb6a2ce86ddb5c3,2025-04-19,0.0,13.0,0.0,8027.6946153846175,0.0,0.0,0.0,0.0,32.0,Fear
0xbd5fead7180a9c139fa51a103cb6a2ce86ddb5c3,2025-04-23,-2993.575225,34.0,0.0,1538.6438235294117,0.0,0.0,0.0,0.0,72.0,Greed
0xbd5fead7180a9c139fa51a103cb6a2ce86ddb5c3,2025-05-01,-113601.02013799999,116.0,1.0,16681.467758620693,0.0,0.0,0.008620689655172414,0.0,53.0,Neutral
0xbee1707d6b44d4d52bfe19e41f8a828645437aab,2024-12-08,15206.395076,92.0,84.0,3401.48402173913,8.0,77.0,0.9130434782608695,0.1038961038947546,79.0,Extreme Greed
0xbee1707d6b44d4d52bfe19e41f8a828645437aab,2024-12-09,2397.068675,143.0,9.0,3120.508741258741,121.0,1.0,0.06293706293706294,120.99999987899999,78.0,Extreme Greed
0xbee1707d6b44d4d52bfe19e41f8a828645437aab,2024-12-10,26600.990442000002,928.0,535.0,1859.9979202586205,220.0,708.0,0.5765086206896551,0.31073446327639725,78.0,Extreme Greed
0xbee1707d6b44d4d52bfe19e41f8a828645437aab,2024-12-11,24663.690943,530.0,519.0,1207.490075471698,11.0,519.0,0.9792452830188679,0.021194605009593075,74.0,Greed
0xbee1707d6b44d4d52bfe19e41f8a828645437aab,2024-12-12,130826.491662,1041.0,848.0,2596.416272814601,150.0,844.0,0.8146013448607109,0.17772511848320174,83.0,Extreme Greed
0xbee1707d6b44d4d52bfe19e41f8a828645437aab,2024-12-13,9405.233313,277.0,70.0,2702.647545126354,207.0,69.0,0.2527075812274368,2.9999999999565214,76.0,Extreme Greed
0xbee1707d6b44d4d52bfe19e41f8a828645437aab,2024-12-14,1294.450646,70.0,4.0,6203.194285714286,66.0,4.0,0.05714285714285714,16.499999995875,83.0,Extreme Greed
0xbee1707d6b44d4d52bfe19e41f8a828645437aab,2024-12-15,1703.2571850000002,9.0,2.0,2227.338888888889,7.0,2.0,0.2222222222222222,3.49999999825,80.0,Extreme Greed
0xbee1707d6b44d4d52bfe19e41f8a828645437aab,2024-12-16,126852.29080899998,245.0,116.0,4090.4684897959182,129.0,116.0,0.47346938775510206,1.1120689655076545,83.0,Extreme Greed
0xbee1707d6b44d4d52bfe19e41f8a828645437aab,2024-12-17,128648.38464199999,476.0,269.0,3056.9325000000003,207.0,269.0,0.5651260504201681,0.7695167286216746,87.0,Extreme Greed
0xbee1707d6b44d4d52bfe19e41f8a828645437aab,2024-12-18,2139.1929409999993,342.0,92.0,2279.296023391813,107.0,235.0,0.26900584795321636,0.4553191489342327,81.0,Extreme Greed
0xbee1707d6b44d4d52bfe19e41f8a828645437aab,2024-12-19,27888.195088,2076.0,1470.0,2272.286083815029,499.0,1577.0,0.708092485549133,0.3164235890930143,75.0,Extreme Greed
0xbee1707d6b44d4d52bfe19e41f8a828645437aab,2024-12-20,139628.47633,1259.0,672.0,2917.2384749801427,519.0,740.0,0.5337569499602859,0.7013513513504036,74.0,Greed
0xbee1707d6b44d4d52bfe19e41f8a828645437aab,2024-12-21,103460.844587,805.0,558.0,3172.574695652174,220.0,526.0,0.6931677018633541,0.4182509505695471,73.0,Greed
0xbee1707d6b44d4d52bfe19e41f8a828645437aab,2024-12-22,19694.301886999998,108.0,81.0,5072.9326851851865,27.0,81.0,0.75,0.3333333333292181,73.0,Greed
0xbee1707d6b44d4d52bfe19e41f8a828645437aab,2024-12-23,-76194.26162399999,1482.0,297.0,3278.057968960864,491.0,938.0,0.20040485829959515,0.5234541577819579,70.0,Greed
0xbee1707d6b44d4d52bfe19e41f8a828645437aab,2024-12-24,-5527.2852139999995,81.0,4.0,3502.3662962962962,21.0,29.0,0.04938271604938271,0.7241379310095125,73.0,Greed
0xbee1707d6b44d4d52bfe19e41f8a828645437aab,2024-12-25,-1059.724367,35.0,0.0,5163.310857142858,32.0,3.0,0.0,10.66666666311111,73.0,Greed
0xbee1707d6b44d4d52bfe19e41f8a828645437aab,2024-12-26,3103.7207940000003,337.0,195.0,4189.758931750743,124.0,173.0,0.5786350148367952,0.7167630057762038,79.0,Extreme Greed
0xbee1707d6b44d4d52bfe19e41f8a828645437aab,2024-12-27,0.0,1.0,0.0,0.06,0.0,0.0,0.0,0.0,74.0,Greed
0xbee1707d6b44d4d52bfe19e41f8a828645437aab,2025-01-10,0.0,2.0,0.0,2999.81,2.0,0.0,0.0,1999999999.9999998,50.0,Neutral
0xbee1707d6b44d4d52bfe19e41f8a828645437aab,2025-01-11,65.42769200000001,9.0,2.0,1165.4522222222222,7.0,2.0,0.2222222222222222,3.49999999825,69.0,Greed
0xbee1707d6b44d4d52bfe19e41f8a828645437aab,2025-01-13,0.0,11.0,0.0,1488.3963636363635,11.0,0.0,0.0,11000000000.0,61.0,Greed
0xbee1707d6b44d4d52bfe19e41f8a828645437aab,2025-01-14,5103.198501999999,67.0,42.0,1344.250895522388,25.0,42.0,0.6268656716417911,0.5952380952239229,63.0,Greed
0xbee1707d6b44d4d52bfe19e41f8a828645437aab,2025-01-15,66.63180299999999,8.0,3.0,908.50375,5.0,3.0,0.375,1.6666666661111111,70.0,Greed
0xbee1707d6b44d4d52bfe19e41f8a828645437aab,2025-01-16,0.0,2.0,0.0,1587.855,2.0,0.0,0.0,1999999999.9999998,75.0,Extreme Greed
0xbee1707d6b44d4d52bfe19e41f8a828645437aab,2025-01-17,77.26888,7.0,3.0,1463.1599999999999,4.0,3.0,0.42857142857142855,1.3333333328888888,75.0,Extreme Greed
0xbee1707d6b44d4d52bfe19e41f8a828645437aab,2025-01-18,0.0,13.0,0.0,2035.5961538461538,13.0,0.0,0.0,13000000000.0,77.0,Extreme Greed
0xbee1707d6b44d4d52bfe19e41f8a828645437aab,2025-01-19,512.9694489999999,29.0,24.0,983.9131034482757,3.0,26.0,0.8275862068965517,0.11538461538017751,77.0,Extreme Greed
0xbee1707d6b44d4d52bfe19e41f8a828645437aab,2025-01-20,-4968.452873000001,191.0,33.0,791.7238219895288,52.0,57.0,0.17277486910994763,0.912280701738381,76.0,Extreme Greed
0xbee1707d6b44d4d52bfe19e41f8a828645437aab,2025-01-21,1343.189535,50.0,42.0,721.1088000000001,8.0,42.0,0.84,0.19047619047165534,76.0,Extreme Greed
0xbee1707d6b44d4d52bfe19e41f8a828645437aab,2025-01-22,554.2982239999999,13.0,9.0,767.0084615384616,4.0,9.0,0.6923076923076923,0.4444444443950617,84.0,Extreme Greed
0xbee1707d6b44d4d52bfe19e41f8a828645437aab,2025-01-23,-133.631755,16.0,1.0,989.034375,5.0,11.0,0.0625,0.45454545450413225,75.0,Extreme Greed
0xbee1707d6b44d4d52bfe19e41f8a828645437aab,2025-01-24,2109.118305,84.0,46.0,921.5711904761903,38.0,46.0,0.5476190476190477,0.8260869565037808,75.0,Extreme Greed
0xbee1707d6b44d4d52bfe19e41f8a828645437aab,2025-01-25,107.547251,33.0,3.0,742.9863636363636,30.0,3.0,0.09090909090909091,9.999999996666666,75.0,Extreme Greed
0xbee1707d6b44d4d52bfe19e41f8a828645437aab,2025-01-26,1012.208613,27.0,13.0,1029.6403703703702,14.0,13.0,0.48148148148148145,1.0769230768402367,73.0,Greed
0xbee1707d6b44d4d52bfe19e41f8a828645437aab,2025-01-27,-220.548198,56.0,1.0,1004.7960714285715,38.0,18.0,0.017857142857142856,2.111111110993827,71.0,Greed
0xbee1707d6b44d4d52bfe19e41f8a828645437aab,2025-01-28,6959.9849859999995,121.0,83.0,1173.177520661157,14.0,59.0,0.6859504132231405,0.2372881355891985,72.0,Greed
0xbee1707d6b44d4d52bfe19e41f8a828645437aab,2025-01-29,1193.2639529999997,76.0,55.0,967.4096052631578,21.0,55.0,0.7236842105263158,0.3818181818112397,72.0,Greed
0xbee1707d6b44d4d52bfe19e41f8a828645437aab,2025-01-30,1072.2203670000001,268.0,79.0,1278.6088059701492,30.0,23.0,0.2947761194029851,1.3043478260302457,70.0,Greed
0xbee1707d6b44d4d52bfe19e41f8a828645437aab,2025-01-31,3143.489896,249.0,154.0,1556.0202409638555,54.0,66.0,0.6184738955823293,0.8181818181694215,76.0,Extreme Greed
0xbee1707d6b44d4d52bfe19e41f8a828645437aab,2025-02-01,2954.521713,187.0,133.0,1204.9785026737968,45.0,105.0,0.7112299465240641,0.4285714285673469,68.0,Greed
0xbee1707d6b44d4d52bfe19e41f8a828645437aab,2025-02-02,-329.68068900000003,131.0,38.0,1839.5793129770993,36.0,21.0,0.2900763358778626,1.7142857142040817,60.0,Greed
0xbee1707d6b44d4d52bfe19e41f8a828645437aab,2025-02-03,5803.573999,325.0,138.0,1758.0771384615387,120.0,173.0,0.4246153846153846,0.6936416184931004,44.0,Fear
0xbee1707d6b44d4d52bfe19e41f8a828645437aab,2025-02-04,806.7651309999999,248.0,71.0,1351.8856048387097,31.0,44.0,0.2862903225806452,0.7045454545294422,72.0,Greed
0xbee1707d6b44d4d52bfe19e41f8a828645437aab,2025-02-05,713.82809,14.0,11.0,3668.8149999999996,0.0,0.0,0.7857142857142857,0.0,54.0,Neutral
0xbee1707d6b44d4d52bfe19e41f8a828645437aab,2025-02-06,1212.4526970000002,29.0,26.0,1363.3675862068967,3.0,7.0,0.896551724137931,0.4285714285102041,49.0,Neutral
0xbee1707d6b44d4d52bfe19e41f8a828645437aab,2025-02-07,2631.225181,125.0,50.0,2059.84464,75.0,50.0,0.4,1.49999999997,44.0,Fear
0xbee1707d6b44d4d52bfe19e41f8a828645437aab,2025-02-08,-189.463436,13.0,1.0,2671.7584615384617,0.0,13.0,0.07692307692307693,0.0,44.0,Fear
0xbee1707d6b44d4d52bfe19e41f8a828645437aab,2025-02-09,204.721909,56.0,21.0,1334.912142857143,35.0,21.0,0.375,1.6666666665873016,46.0,Neutral
0xbee1707d6b44d4d52bfe19e41f8a828645437aab,2025-02-10,3796.0081990000003,140.0,91.0,1484.4517857142857,49.0,91.0,0.65,0.5384615384556213,43.0,Fear
0xbee1707d6b44d4d52bfe19e41f8a828645437aab,2025-02-11,1901.631819,52.0,18.0,1947.8190384615384,34.0,18.0,0.34615384615384615,1.8888888887839506,47.0,Neutral
0xbee1707d6b44d4d52bfe19e41f8a828645437aab,2025-02-12,1747.1899090000002,71.0,45.0,1623.5340845070423,26.0,45.0,0.6338028169014085,0.5777777777649383,46.0,Neutral
0xbee1707d6b44d4d52bfe19e41f8a828645437aab,2025-02-13,5096.967096,156.0,79.0,1561.7910256410255,19.0,31.0,0.5064102564102564,0.6129032257866805,50.0,Neutral
0xbee1707d6b44d4d52bfe19e41f8a828645437aab,2025-02-14,-1818.156466,166.0,1.0,1363.2929518072292,0.0,1.0,0.006024096385542169,0.0,48.0,Neutral
0xbee1707d6b44d4d52bfe19e41f8a828645437aab,2025-02-15,3822.7975899999997,130.0,54.0,1798.402076923077,45.0,8.0,0.4153846153846154,5.624999999296875,50.0,Neutral
0xbee1707d6b44d4d52bfe19e41f8a828645437aab,2025-02-16,321.73397800000004,54.0,38.0,1193.8803703703704,4.0,37.0,0.7037037037037037,0.10810810810518627,54.0,Neutral
0xbee1707d6b44d4d52bfe19e41f8a828645437aab,2025-02-17,111.69658400000003,151.0,48.0,1591.1465562913904,45.0,46.0,0.31788079470198677,0.978260869543951,51.0,Neutral
0xbee1707d6b44d4d52bfe19e41f8a828645437aab,2025-02-18,3935.153067,512.0,250.0,1823.6225390625,180.0,253.0,0.48828125,0.7114624505900733,47.0,Neutral
0xbee1707d6b44d4d52bfe19e41f8a828645437aab,2025-02-19,5930.986467,406.0,230.0,1708.6227586206899,168.0,229.0,0.5665024630541872,0.733624454145268,44.0,Fear
0xbee1707d6b44d4d52bfe19e41f8a828645437aab,2025-02-20,819.2212219999999,162.0,62.0,1142.087962962963,17.0,27.0,0.38271604938271603,0.62962962960631,49.0,Neutral
0xbee1707d6b44d4d52bfe19e41f8a828645437aab,2025-02-21,4483.141317,255.0,116.0,1669.3589019607844,2.0,6.0,0.4549019607843137,0.33333333327777775,55.0,Greed
0xbee1707d6b44d4d52bfe19e41f8a828645437aab,2025-02-22,1391.928432,60.0,41.0,1097.3101666666666,3.0,18.0,0.6833333333333333,0.1666666666574074,49.0,Neutral
0xbee1707d6b44d4d52bfe19e41f8a828645437aab,2025-02-23,383.135241,45.0,25.0,2283.7915555555555,20.0,13.0,0.5555555555555556,1.5384615383431952,50.0,Neutral
0xbee1707d6b44d4d52bfe19e41f8a828645437aab,2025-02-24,-10373.274402,744.0,110.0,1398.9927284946234,52.0,75.0,0.1478494623655914,0.6933333333240889,49.0,Neutral
0xbee1707d6b44d4d52bfe19e41f8a828645437aab,2025-02-25,-23384.358492000003,1642.0,446.0,1441.9933982947625,380.0,427.0,0.27161997563946405,0.8899297423866747,25.0,Fear
0xbee1707d6b44d4d52bfe19e41f8a828645437aab,2025-02-26,2617.069579,394.0,160.0,1509.370609137056,41.0,24.0,0.40609137055837563,1.7083333332621529,21.0,Extreme Fear
0xbee1707d6b44d4d52bfe19e41f8a828645437aab,2025-02-27,2886.786952,703.0,215.0,1449.1966998577525,6.0,33.0,0.3058321479374111,0.1818181818126722,10.0,Extreme Fear
0xbee1707d6b44d4d52bfe19e41f8a828645437aab,2025-02-28,2642.770468,302.0,134.0,1355.6750662251654,49.0,67.0,0.44370860927152317,0.731343283571174,16.0,Extreme Fear
0xbee1707d6b44d4d52bfe19e41f8a828645437aab,2025-03-01,446.358633,51.0,16.0,1384.9447058823528,20.0,0.0,0.3137254901960784,20000000000.0,20.0,Extreme Fear
0xbee1707d6b44d4d52bfe19e41f8a828645437aab,2025-03-02,2576.6453030000002,102.0,55.0,1921.2604901960783,32.0,55.0,0.5392156862745098,0.5818181818076034,26.0,Fear
0xbee1707d6b44d4d52bfe19e41f8a828645437aab,2025-03-03,2448.0465110000005,73.0,48.0,1970.596575342466,8.0,0.0,0.6575342465753424,7999999999.999999,33.0,Fear
0xbee1707d6b44d4d52bfe19e41f8a828645437aab,2025-03-04,-4934.670052000001,979.0,377.0,1496.3304392236976,113.0,120.0,0.38508682328907046,0.9416666666588194,15.0,Extreme Fear
0xbee1707d6b44d4d52bfe19e41f8a828645437aab,2025-03-05,12814.770318,202.0,126.0,1811.1468316831686,22.0,75.0,0.6237623762376238,0.2933333333294222,20.0,Extreme Fear
0xbee1707d6b44d4d52bfe19e41f8a828645437aab,2025-03-06,601.486585,88.0,37.0,1406.2047727272727,28.0,12.0,0.42045454545454547,2.333333333138889,25.0,Fear
0xbee1707d6b44d4d52bfe19e41f8a828645437aab,2025-03-07,9142.064848999999,623.0,318.0,1885.994093097913,18.0,60.0,0.5104333868378812,0.29999999999500004,34.0,Fear
0xbee1707d6b44d4d52bfe19e41f8a828645437aab,2025-03-08,2219.262399,134.0,52.0,1190.7070895522388,82.0,52.0,0.3880597014925373,1.5769230768927516,28.0,Fear
0xbee1707d6b44d4d52bfe19e41f8a828645437aab,2025-03-09,805.6551,178.0,44.0,1607.242191011236,79.0,15.0,0.24719101123595505,5.2666666663155555,27.0,Fear
0xbee1707d6b44d4d52bfe19e41f8a828645437aab,2025-03-10,9791.668235000001,1428.0,727.0,1381.5543347338937,39.0,119.0,0.5091036414565826,0.3277310924342207,20.0,Extreme Fear
0xbee1707d6b44d4d52bfe19e41f8a828645437aab,2025-03-11,-136.41741799999983,333.0,115.0,1225.6175075075075,37.0,96.0,0.34534534534534533,0.3854166666626519,24.0,Extreme Fear
0xbee1707d6b44d4d52bfe19e41f8a828645437aab,2025-03-12,8096.937709000002,553.0,272.0,1791.739095840868,137.0,232.0,0.4918625678119349,0.5905172413767651,34.0,Fear
0xbee1707d6b44d4d52bfe19e41f8a828645437aab,2025-03-13,5090.880874,690.0,392.0,1461.4744347826086,0.0,0.0,0.5681159420289855,0.0,45.0,Neutral
0xbee1707d6b44d4d52bfe19e41f8a828645437aab,2025-03-14,-49.67229100000003,92.0,16.0,1729.6968478260872,0.0,0.0,0.17391304347826086,0.0,27.0,Fear
0xbee1707d6b44d4d52bfe19e41f8a828645437aab,2025-03-15,1764.2587910000002,75.0,46.0,1705.1933333333332,0.0,0.0,0.6133333333333333,0.0,46.0,Neutral
0xbee1707d6b44d4d52bfe19e41f8a828645437aab,2025-03-16,5.068941999999964,97.0,11.0,1426.0048453608247,0.0,0.0,0.1134020618556701,0.0,30.0,Fear
0xbee1707d6b44d4d52bfe19e41f8a828645437aab,2025-03-17,390.08642,241.0,89.0,1349.2339834024897,0.0,0.0,0.36929460580912865,0.0,32.0,Fear
0xbee1707d6b44d4d52bfe19e41f8a828645437aab,2025-03-18,1930.8715110000003,266.0,85.0,1325.564022556391,0.0,0.0,0.31954887218045114,0.0,34.0,Fear
0xbee1707d6b44d4d52bfe19e41f8a828645437aab,2025-03-19,5253.432741999999,879.0,429.0,1873.0243003412968,0.0,0.0,0.4880546075085324,0.0,32.0,Fear
0xbee1707d6b44d4d52bfe19e41f8a828645437aab,2025-03-20,-682.2653319999998,283.0,13.0,1533.3633215547702,0.0,0.0,0.045936395759717315,0.0,49.0,Neutral
0xbee1707d6b44d4d52bfe19e41f8a828645437aab,2025-03-21,4866.15672,550.0,279.0,1152.8391272727274,16.0,0.0,0.5072727272727273,15999999999.999998,31.0,Fear
0xbee1707d6b44d4d52bfe19e41f8a828645437aab,2025-03-22,1637.832293,344.0,88.0,1502.8190988372094,0.0,14.0,0.2558139534883721,0.0,32.0,Fear
0xbee1707d6b44d4d52bfe19e41f8a828645437aab,2025-03-23,882.8489730000001,178.0,18.0,972.4924719101125,39.0,8.0,0.10112359550561797,4.874999999390625,30.0,Fear
0xbee1707d6b44d4d52bfe19e41f8a828645437aab,2025-03-24,7122.965048,500.0,302.0,1389.1877600000003,5.0,45.0,0.604,0.11111111110864198,45.0,Neutral
0xbee1707d6b44d4d52bfe19e41f8a828645437aab,2025-03-25,1256.867824,306.0,135.0,1210.40545751634,29.0,0.0,0.4411764705882353,29000000000.0,46.0,Neutral
0xbee1707d6b44d4d52bfe19e41f8a828645437aab,2025-03-26,-6062.660108999999,2551.0,586.0,1854.422602900823,25.0,58.0,0.2297138377107017,0.4310344827511891,47.0,Neutral
0xbee1707d6b44d4d52bfe19e41f8a828645437aab,2025-03-27,1743.483217,136.0,84.0,1246.1119852941176,0.0,7.0,0.6176470588235294,0.0,40.0,Fear
0xbee1707d6b44d4d52bfe19e41f8a828645437aab,2025-03-28,1841.8021019999996,246.0,82.0,1143.3873983739836,9.0,0.0,0.3333333333333333,9000000000.0,44.0,Fear
0xbee1707d6b44d4d52bfe19e41f8a828645437aab,2025-03-29,-3661.1103980000016,965.0,308.0,1381.2940414507773,1.0,0.0,0.31917098445595854,999999999.9999999,26.0,Fear
0xbee1707d6b44d4d52bfe19e41f8a828645437aab,2025-03-30,536.150767,53.0,26.0,1635.4145283018865,0.0,0.0,0.49056603773584906,0.0,32.0,Fear
0xbee1707d6b44d4d52bfe19e41f8a828645437aab,2025-03-31,41.27745400000002,81.0,56.0,809.1650617283951,0.0,23.0,0.691358024691358,0.0,34.0,Fear
0xbee1707d6b44d4d52bfe19e41f8a828645437aab,2025-04-01,147.445788,35.0,27.0,1226.783142857143,0.0,0.0,0.7714285714285715,0.0,34.0,Fear
0xbee1707d6b44d4d52bfe19e41f8a828645437aab,2025-04-02,1842.839943,118.0,76.0,991.0424576271184,0.0,0.0,0.6440677966101694,0.0,44.0,Fear
0xbee1707d6b44d4d52bfe19e41f8a828645437aab,2025-04-03,-3368.8763259999996,261.0,0.0,1706.5415708812259,6.0,0.0,0.0,6000000000.0,25.0,Fear
0xbee1707d6b44d4d52bfe19e41f8a828645437aab,2025-04-04,-4513.160132,326.0,52.0,1419.9448159509202,0.0,0.0,0.15950920245398773,0.0,28.0,Fear
0xbee1707d6b44d4d52bfe19e41f8a828645437aab,2025-04-05,1113.7612290000002,90.0,27.0,1116.7745555555555,0.0,0.0,0.3,0.0,30.0,Fear
0xbee1707d6b44d4d52bfe19e41f8a828645437aab,2025-04-06,1828.77716,114.0,33.0,2081.839298245614,0.0,0.0,0.2894736842105263,0.0,34.0,Fear
0xbee1707d6b44d4d52bfe19e41f8a828645437aab,2025-04-07,-9593.258137,386.0,20.0,1632.7632383419689,0.0,0.0,0.05181347150259067,0.0,23.0,Extreme Fear
0xbee1707d6b44d4d52bfe19e41f8a828645437aab,2025-04-08,11735.32104,167.0,125.0,1521.912754491018,0.0,0.0,0.7485029940119761,0.0,24.0,Extreme Fear
0xbee1707d6b44d4d52bfe19e41f8a828645437aab,2025-04-09,2503.69251,134.0,84.0,1143.0998507462687,21.0,50.0,0.6268656716417911,0.41999999999160004,18.0,Extreme Fear
0xbee1707d6b44d4d52bfe19e41f8a828645437aab,2025-04-10,35.580960000000005,52.0,28.0,962.6380769230769,2.0,0.0,0.5384615384615384,1999999999.9999998,39.0,Fear
0xbee1707d6b44d4d52bfe19e41f8a828645437aab,2025-04-11,857.60294,123.0,29.0,1340.7579674796746,38.0,14.0,0.23577235772357724,2.7142857140918366,25.0,Fear
0xbee1707d6b44d4d52bfe19e41f8a828645437aab,2025-04-12,4358.599131999999,307.0,115.0,1530.1273615635178,14.0,20.0,0.3745928338762215,0.699999999965,43.0,Fear
0xbee1707d6b44d4d52bfe19e41f8a828645437aab,2025-04-13,2319.8241559999997,346.0,109.0,1441.715028901734,25.0,4.0,0.315028901734104,6.2499999984375,45.0,Neutral
0xbee1707d6b44d4d52bfe19e41f8a828645437aab,2025-04-14,6100.692122,380.0,191.0,1437.8765263157898,2.0,22.0,0.5026315789473684,0.09090909090495868,31.0,Fear
0xbee1707d6b44d4d52bfe19e41f8a828645437aab,2025-04-15,920.056063,40.0,25.0,2489.536,0.0,1.0,0.625,0.0,38.0,Fear
0xbee1707d6b44d4d52bfe19e41f8a828645437aab,2025-04-16,1958.0564870000003,286.0,79.0,1250.211818181818,10.0,11.0,0.2762237762237762,0.9090909090082645,29.0,Fear
0xbee1707d6b44d4d52bfe19e41f8a828645437aab,2025-04-17,3359.966896,588.0,247.0,1417.4413265306123,0.0,9.0,0.4200680272108844,0.0,30.0,Fear
0xbee1707d6b44d4d52bfe19e41f8a828645437aab,2025-04-18,2945.701617,562.0,314.0,1507.8099822064057,24.0,24.0,0.5587188612099644,0.9999999999583333,33.0,Fear
0xbee1707d6b44d4d52bfe19e41f8a828645437aab,2025-04-19,976.5105639999999,971.0,192.0,1419.0301441812564,0.0,0.0,0.19773429454170957,0.0,32.0,Fear
0xbee1707d6b44d4d52bfe19e41f8a828645437aab,2025-04-20,807.262731,63.0,41.0,1074.8039682539682,0.0,0.0,0.6507936507936508,0.0,37.0,Fear
0xbee1707d6b44d4d52bfe19e41f8a828645437aab,2025-04-21,711.68096,55.0,29.0,1553.0632727272723,0.0,0.0,0.5272727272727272,0.0,39.0,Fear
0xbee1707d6b44d4d52bfe19e41f8a828645437aab,2025-04-22,1463.1732109999998,427.0,208.0,1607.5048243559718,0.0,0.0,0.48711943793911006,0.0,47.0,Neutral
0xbee1707d6b44d4d52bfe19e41f8a828645437aab,2025-04-23,1700.638677,329.0,107.0,1806.9595136778116,11.0,3.0,0.3252279635258359,3.666666665444444,72.0,Greed
0xbee1707d6b44d4d52bfe19e41f8a828645437aab,2025-04-24,-45.94597,2.0,0.0,3645.04,0.0,0.0,0.0,0.0,63.0,Greed
0xbee1707d6b44d4d52bfe19e41f8a828645437aab,2025-04-25,1101.511718,154.0,65.0,1040.8414935064934,0.0,0.0,0.42207792207792205,0.0,60.0,Greed
0xbee1707d6b44d4d52bfe19e41f8a828645437aab,2025-04-26,18.390524,29.0,2.0,1771.7448275862066,12.0,0.0,0.06896551724137931,12000000000.0,65.0,Greed
0xbee1707d6b44d4d52bfe19e41f8a828645437aab,2025-04-27,1709.1948069999999,82.0,32.0,2153.859390243902,0.0,0.0,0.3902439024390244,0.0,61.0,Greed
0xbee1707d6b44d4d52bfe19e41f8a828645437aab,2025-04-28,4008.5889079999997,430.0,169.0,1495.5384186046513,3.0,10.0,0.3930232558139535,0.29999999997,54.0,Neutral
0xbee1707d6b44d4d52bfe19e41f8a828645437aab,2025-04-29,8561.771838,902.0,398.0,1939.7399889135256,0.0,0.0,0.44124168514412415,0.0,60.0,Greed
0xbee1707d6b44d4d52bfe19e41f8a828645437aab,2025-04-30,2520.773814,75.0,39.0,1748.8053333333332,13.0,0.0,0.52,13000000000.0,56.0,Greed
0xbee1707d6b44d4d52bfe19e41f8a828645437aab,2025-05-01,1364.0225269999999,131.0,43.0,2448.466488549618,0.0,6.0,0.3282442748091603,0.0,53.0,Neutral
